Customer ID,Recency,Frequency,Monetary,Cluster,Segment,PCA1,PCA2
12346.0,326,12,77556.46,0,High-Value Loyal Customers,2.266512119136398,2.4322283863769054
12347.0,2,8,5633.32,0,High-Value Loyal Customers,2.362441654197551,-1.0748677087733571
12348.0,75,5,2019.4,0,High-Value Loyal Customers,0.5616052116127337,0.25242625940594815
12349.0,19,4,4428.69,0,High-Value Loyal Customers,1.1958930592070829,-0.3156473281916725
12350.0,310,1,334.4,1,At-Risk / Low-Engagement Customers,-1.513368052516619,0.08993306169809327
12351.0,375,1,300.93,1,At-Risk / Low-Engagement Customers,-1.620494984307823,0.1631473925230255
12352.0,36,10,2849.84,0,High-Value Loyal Customers,1.4065297534989787,0.18034153995117866
12353.0,204,2,406.76,1,At-Risk / Low-Engagement Customers,-0.9843193142138246,0.06694511563369399
12354.0,232,1,1079.4,1,At-Risk / Low-Engagement Customers,-0.9110081582226236,0.2808320133292899
12355.0,214,2,947.61,1,At-Risk / Low-Engagement Customers,-0.6323562634911115,0.34595908445256784
12356.0,23,6,6373.68,0,High-Value Loyal Customers,1.5519349364268074,0.01703839709445085
12357.0,33,3,18287.66,0,High-Value Loyal Customers,1.471038836023872,0.3198075306074436
12358.0,2,5,3887.07,0,High-Value Loyal Customers,1.8917830308956771,-1.334328983272528
12359.0,58,10,8935.94,0,High-Value Loyal Customers,1.7527548147417389,0.7797383363097545
12360.0,52,8,4252.89,0,High-Value Loyal Customers,1.3113839693104972,0.424910405161193
12361.0,287,4,511.25,1,At-Risk / Low-Engagement Customers,-0.6053961170234765,0.5097200196686612
12362.0,3,11,5356.23,0,High-Value Loyal Customers,2.4668726351822015,-0.8259875210823465
12363.0,110,2,552.0,1,At-Risk / Low-Engagement Customers,-0.6533368713825878,-0.18022183000326317
12364.0,8,4,1313.1,0,High-Value Loyal Customers,0.9254213857558787,-1.119832773899985
12365.0,291,2,641.38,1,At-Risk / Low-Engagement Customers,-0.9009734772440465,0.398110009783358
12366.0,634,1,500.24,1,At-Risk / Low-Engagement Customers,-1.5694314395719635,0.6039211278978877
12367.0,4,1,168.9,1,At-Risk / Low-Engagement Customers,-0.47342622659910744,-2.3918007582279346
12368.0,628,1,917.6999999999999,1,At-Risk / Low-Engagement Customers,-1.3027420197443371,0.780051364670839
12369.0,413,3,1791.15,1,At-Risk / Low-Engagement Customers,-0.3480548388694395,1.0030957399360445
12370.0,51,7,4320.31,0,High-Value Loyal Customers,1.234552738367617,0.3759985664549045
12371.0,45,5,4067.38,0,High-Value Loyal Customers,1.0285458817319604,0.18501937906960966
12372.0,72,3,1298.04,1,At-Risk / Low-Engagement Customers,0.07320750709869382,-0.05041427468501836
12373.0,311,3,1127.65,1,At-Risk / Low-Engagement Customers,-0.45775949315898923,0.7086634798896467
12374.0,25,4,2989.2200000000003,0,High-Value Loyal Customers,0.9400491346443693,-0.28857544896905246
12375.0,11,2,457.5,1,At-Risk / Low-Engagement Customers,-0.015374283383051331,-1.4633349678931733
12376.0,390,2,503.15,1,At-Risk / Low-Engagement Customers,-1.1008273641669064,0.48660682141635064
12377.0,315,4,3426.32,1,At-Risk / Low-Engagement Customers,0.19160862831074893,1.129869597619544
12378.0,130,2,5416.32,0,High-Value Loyal Customers,0.2859904708843869,0.5942626730124416
12379.0,82,4,1620.22,0,High-Value Loyal Customers,0.29827758836866625,0.16839551672440067
12380.0,22,11,9676.300000000001,0,High-Value Loyal Customers,2.1584296527083247,0.315817906833041
12381.0,5,5,1845.31,0,High-Value Loyal Customers,1.343568624638252,-1.174946522252851
12383.0,185,5,1850.56,1,At-Risk / Low-Engagement Customers,0.2341647059171425,0.7199578758052236
12384.0,29,2,585.27,1,At-Risk / Low-Engagement Customers,-0.20476866177900163,-0.8843589992327352
12385.0,379,1,1938.4,1,At-Risk / Low-Engagement Customers,-0.8146493834133413,0.7257507642605439
12386.0,338,2,660.8,1,At-Risk / Low-Engagement Customers,-0.9362846701760394,0.48934404951785576
12387.0,415,1,143.94,1,At-Risk / Low-Engagement Customers,-1.9725046841615101,-0.000775131155292723
12388.0,16,8,3901.11,0,High-Value Loyal Customers,1.6415876082644119,-0.2280966620463221
12389.0,403,3,1433.33,1,At-Risk / Low-Engagement Customers,-0.43705245868053105,0.9229394907487697
12390.0,80,1,549.84,1,At-Risk / Low-Engagement Customers,-0.8623850451146162,-0.5035943850130861
12391.0,22,6,2773.42,0,High-Value Loyal Customers,1.2037395887345765,-0.2554600931586265
12392.0,591,1,234.75000000000003,1,At-Risk / Low-Engagement Customers,-1.8749585618815896,0.33944534407611154
12393.0,72,6,2399.4500000000003,0,High-Value Loyal Customers,0.7671974089932573,0.3382329418512913
12394.0,64,2,1272.48,1,At-Risk / Low-Engagement Customers,-0.1173150834379149,-0.22568565287335723
12395.0,19,15,5067.27,0,High-Value Loyal Customers,2.141630536235231,0.1504198703631222
12396.0,674,1,931.43,1,At-Risk / Low-Engagement Customers,-1.319115321561924,0.8234219978480707
12397.0,36,2,2409.9,0,High-Value Loyal Customers,0.3426295370506123,-0.3454164028000548
12398.0,46,1,1635.6599999999999,1,At-Risk / Low-Engagement Customers,-0.2125286588278975,-0.47783083264287013
12399.0,119,7,1962.3,0,High-Value Loyal Customers,0.6208207333191575,0.6010763819025877
12400.0,414,1,205.25,1,At-Risk / Low-Engagement Customers,-1.8182347539423593,0.10349772097304773
12401.0,303,1,84.3,1,At-Risk / Low-Engagement Customers,-2.101728570835986,-0.3324738262128429
12402.0,323,6,1256.9,1,At-Risk / Low-Engagement Customers,0.004031245123124568,0.9667742922774714
12403.0,50,2,1019.36,1,At-Risk / Low-Engagement Customers,-0.13528269094285456,-0.42580785405922483
12404.0,682,1,63.24,1,At-Risk / Low-Engagement Customers,-2.486904217681988,0.029117623988032103
12405.0,149,1,1710.39,1,At-Risk / Low-Engagement Customers,-0.5684333946547676,0.17561458853017886
12406.0,22,5,6390.36,0,High-Value Loyal Customers,1.4492651856565884,-0.062078171448502854
12407.0,50,5,1708.1200000000001,0,High-Value Loyal Customers,0.617821807228668,-0.017681565426732788
12408.0,33,8,4340.7699999999995,0,High-Value Loyal Customers,1.4638598732440842,0.18617615108047125
12409.0,79,7,23419.29,0,High-Value Loyal Customers,1.8305727049756013,1.1195110395922265
12410.0,309,3,1013.71,1,At-Risk / Low-Engagement Customers,-0.501983149616184,0.6732601524696851
12411.0,410,1,346.9,1,At-Risk / Low-Engagement Customers,-1.5876181905702886,0.2546619840863195
12412.0,75,6,2596.93,0,High-Value Loyal Customers,0.7885706363367065,0.38411245005909883
12413.0,67,4,999.45,1,At-Risk / Low-Engagement Customers,0.15270926104240753,-0.0860521895552317
12414.0,217,6,952.41,1,At-Risk / Low-Engagement Customers,0.011597164299489008,0.6652538503824066
12415.0,24,28,144458.37,0,High-Value Loyal Customers,3.980647087411948,1.4939923544224365
12416.0,657,1,202.56,1,At-Risk / Low-Engagement Customers,-1.9730223091449615,0.3537969950401576
12417.0,3,20,6816.91,0,High-Value Loyal Customers,2.998601209117875,-0.5489741370904244
12418.0,113,4,2021.2,0,High-Value Loyal Customers,0.29179715962195574,0.40959557551197934
12419.0,386,2,503.01,1,At-Risk / Low-Engagement Customers,-1.0976224649486828,0.4808520513683779
12420.0,64,1,600.39,1,At-Risk / Low-Engagement Customers,-0.7530095256047764,-0.5986895761277985
12421.0,16,6,1098.6,0,High-Value Loyal Customers,0.8988176113649488,-0.6992305512925667
12422.0,96,17,5231.8,0,High-Value Loyal Customers,1.7346824851723277,1.0739993660130667
12423.0,1,10,2622.39,0,High-Value Loyal Customers,2.314034162610576,-1.453877429499977
12424.0,163,4,3340.03,0,High-Value Loyal Customers,0.3926407100594393,0.7604807183630359
12425.0,78,2,1741.41,1,At-Risk / Low-Engagement Customers,-0.043990420152439216,-0.024247807025371552
12426.0,195,2,1345.21,1,At-Risk / Low-Engagement Customers,-0.4501230971838628,0.39971334797045927
12427.0,22,3,1129.3,0,High-Value Loyal Customers,0.386211297624795,-0.7291002283893344
12428.0,26,9,7956.46,0,High-Value Loyal Customers,1.8823747291158828,0.2789464810470661
12429.0,9,8,7485.91,0,High-Value Loyal Customers,2.0967374612096528,-0.32570470120977507
12430.0,43,1,256.4,1,At-Risk / Low-Engagement Customers,-0.9960448610028539,-1.0679368710748327
12431.0,36,27,10857.97,0,High-Value Loyal Customers,2.7010322856873783,0.9226713938886734
12432.0,43,5,5059.32,0,High-Value Loyal Customers,1.1378559731430933,0.22581443844599625
12433.0,1,10,20581.26,0,High-Value Loyal Customers,3.21033343314232,-0.8372343640521963
12434.0,85,3,1103.43,1,At-Risk / Low-Engagement Customers,-0.05041384983556752,-0.008602914421600877
12435.0,80,6,13925.93,0,High-Value Loyal Customers,1.4985517443513126,0.9218916393585143
12436.0,100,1,509.01,1,At-Risk / Low-Engagement Customers,-0.9672649919157019,-0.40493451348579695
12437.0,2,39,12683.4,0,High-Value Loyal Customers,3.8532215174165283,-0.2859506055224674
12438.0,14,2,2906.85,0,High-Value Loyal Customers,0.7161847260757127,-0.7873015458389198
12439.0,683,2,1158.18,1,At-Risk / Low-Engagement Customers,-0.9194375378474685,1.0443021008390334
12440.0,462,2,859.2,1,At-Risk / Low-Engagement Customers,-0.9230200240910696,0.7397697514858018
12441.0,367,1,347.1,1,At-Risk / Low-Engagement Customers,-1.5516262774530503,0.19388083196676792
12442.0,3,1,172.06,1,At-Risk / Low-Engagement Customers,-0.3932376367000728,-2.5093616427101053
12443.0,732,1,485.31,1,At-Risk / Low-Engagement Customers,-1.6290067316675392,0.6740297198051279
12444.0,21,5,5005.46,0,High-Value Loyal Customers,1.357381618307182,-0.15970191767166803
12445.0,22,2,434.98,1,At-Risk / Low-Engagement Customers,-0.24770454019550825,-1.1195723291647433
12446.0,58,1,1002.3100000000001,1,At-Risk / Low-Engagement Customers,-0.49899217821226105,-0.4988976624047556
12447.0,243,1,476.49,1,At-Risk / Low-Engagement Customers,-1.2812096007069647,0.06184576113843918
12448.0,44,1,449.45,1,At-Risk / Low-Engagement Customers,-0.7598216847104436,-0.8880225229450435
12449.0,22,6,4835.89,0,High-Value Loyal Customers,1.4455839504266625,-0.08907409524679616
12450.0,156,5,688.2,1,At-Risk / Low-Engagement Customers,-0.14100761865788464,0.33063760235803985
12451.0,11,8,12669.88,0,High-Value Loyal Customers,2.2667004763293885,-0.06764178841350088
12452.0,17,2,430.57,1,At-Risk / Low-Engagement Customers,-0.1728492178589769,-1.257815741828846
12453.0,134,1,707.09,1,At-Risk / Low-Engagement Customers,-0.9183326661165777,-0.14666873784466358
12454.0,56,5,16679.78,0,High-Value Loyal Customers,1.5731383457366739,0.725661561226479
12455.0,73,10,5879.95,0,High-Value Loyal Customers,1.4974095513963985,0.7794130893332187
12456.0,44,3,3181.04,0,High-Value Loyal Customers,0.6194888331155244,-0.049074061119792706
12457.0,66,8,2995.91,0,High-Value Loyal Customers,1.0831764355766813,0.4493499180856161
12458.0,71,4,1777.49,0,High-Value Loyal Customers,0.38454495013409823,0.11769281583499494
12459.0,605,1,454.36,1,At-Risk / Low-Engagement Customers,-1.5960815290852532,0.5494020801673287
12460.0,456,1,326.65,1,At-Risk / Low-Engagement Customers,-1.6480233159956705,0.29522565589513533
12461.0,94,2,826.88,1,At-Risk / Low-Engagement Customers,-0.4274254047111236,-0.14528468193799532
12462.0,19,2,1189.59,0,High-Value Loyal Customers,0.23460769014989238,-0.8959334571515477
12463.0,53,4,1344.78,0,High-Value Loyal Customers,0.3562854522641237,-0.12443664621664902
12464.0,10,8,1212.05,0,High-Value Loyal Customers,1.2740131418322822,-0.8179519386466189
12465.0,17,2,742.1899999999999,1,At-Risk / Low-Engagement Customers,0.06363977656993221,-1.0951141718690827
12466.0,682,1,56.73,1,At-Risk / Low-Engagement Customers,-2.5333947661553804,-0.002867311476629733
12467.0,423,1,132.8,1,At-Risk / Low-Engagement Customers,-2.013462299802679,-0.014208759486985785
12468.0,188,5,3670.74,0,High-Value Loyal Customers,0.5268786388418452,0.9337269752855826
12469.0,523,2,3070.54,1,At-Risk / Low-Engagement Customers,-0.40926068513624786,1.1890329740843877
12470.0,690,1,211.95,1,At-Risk / Low-Engagement Customers,-1.9692273649197816,0.3942871083462579
12471.0,2,79,39963.79,0,High-Value Loyal Customers,4.881226404323105,0.3113038281120871
12472.0,32,19,17880.59,0,High-Value Loyal Customers,2.6984278044875785,0.8857146373341143
12473.0,29,5,3938.5499999999997,0,High-Value Loyal Customers,1.1527912544761898,-0.06037468841028478
12474.0,17,31,12424.45,0,High-Value Loyal Customers,3.094553215968707,0.6144617964128706
12475.0,54,2,1149.64,1,At-Risk / Low-Engagement Customers,-0.10742036340449153,-0.3481904614246459
12476.0,16,23,14115.41,0,High-Value Loyal Customers,2.9491384217710364,0.5158276563608587
12477.0,23,9,20276.37,0,High-Value Loyal Customers,2.327463837648596,0.49398959968882566
12478.0,4,1,680.99,1,At-Risk / Low-Engagement Customers,0.1312844804853457,-1.975767100290861
12479.0,11,1,527.2,1,At-Risk / Low-Engagement Customers,-0.26305118430243224,-1.5693875123515484
12480.0,28,7,5464.85,0,High-Value Loyal Customers,1.5256490991884808,0.12425035188397904
12481.0,23,15,12361.39,0,High-Value Loyal Customers,2.4706282343645567,0.5178967229759149
12482.0,576,29,23691.4,0,High-Value Loyal Customers,2.204680428466351,2.696561602648899
12483.0,17,19,5120.58,0,High-Value Loyal Customers,2.3504524176611046,0.17711769175148448
12484.0,33,12,6370.15,0,High-Value Loyal Customers,1.9111874654252279,0.4355752418362881
12485.0,529,1,708.1,1,At-Risk / Low-Engagement Customers,-1.3600300642958785,0.6080743863289492
12486.0,432,1,1037.28,1,At-Risk / Low-Engagement Customers,-1.128737077719343,0.6107303660788334
12487.0,731,1,285.29999999999995,1,At-Risk / Low-Engagement Customers,-1.859086318467902,0.514680988083378
12488.0,10,3,1298.66,0,High-Value Loyal Customers,0.6855188325841625,-1.0941365709643083
12489.0,336,1,334.93,1,At-Risk / Low-Engagement Customers,-1.5386488891652201,0.1346905829272181
12490.0,5,21,9823.64,0,High-Value Loyal Customers,3.0619058967002735,-0.19894379476938326
12491.0,39,1,460.40000000000003,1,At-Risk / Low-Engagement Customers,-0.7112771756524315,-0.9457972961016036
12492.0,63,3,715.21,1,At-Risk / Low-Engagement Customers,-0.1433018978802596,-0.30121999200164673
12493.0,166,2,433.74,1,At-Risk / Low-Engagement Customers,-0.8901349443539229,-0.02695490072654435
12494.0,16,9,1872.8700000000001,0,High-Value Loyal Customers,1.4027923202796033,-0.4091053509999938
12495.0,641,1,357.4,1,At-Risk / Low-Engagement Customers,-1.7189267574099716,0.5095565673778025
12496.0,620,2,54.09,1,At-Risk / Low-Engagement Customers,-2.2137324563852543,0.07904649955078287
12497.0,82,3,6248.5,0,High-Value Loyal Customers,0.7151812897252677,0.49063247727375053
12498.0,21,3,403.70000000000005,1,At-Risk / Low-Engagement Customers,-0.046304581429285036,-1.061074888181267
12499.0,560,1,393.72,1,At-Risk / Low-Engagement Customers,-1.6333078462037445,0.4640639706355836
12500.0,23,19,5955.21,0,High-Value Loyal Customers,2.3230970334836067,0.38098478711624706
12501.0,337,1,2169.39,1,At-Risk / Low-Engagement Customers,-0.7278064802879897,0.6948339152413825
12502.0,96,5,3723.87,0,High-Value Loyal Customers,0.7488660118549394,0.5701162209882
12503.0,584,1,1126.0,1,At-Risk / Low-Engagement Customers,-1.1903716091779102,0.801225445420867
12504.0,18,4,779.05,0,High-Value Loyal Customers,0.4568245605648086,-0.8638223385069885
12505.0,409,1,955.2,1,At-Risk / Low-Engagement Customers,-1.1469167999709369,0.5559735273390329
12506.0,233,1,73.5,1,At-Risk / Low-Engagement Customers,-2.0759884053319633,-0.5173452187388303
12507.0,134,4,1844.06,1,At-Risk / Low-Engagement Customers,0.19722565460867036,0.47540914736933615
12508.0,26,2,398.27,1,At-Risk / Low-Engagement Customers,-0.3378346137104353,-1.057463622419407
12509.0,284,1,176.5,1,At-Risk / Low-Engagement Customers,-1.7620120916817268,-0.14871059825860108
12510.0,143,9,5178.02,0,High-Value Loyal Customers,1.1540930187426577,1.07367942899345
12511.0,429,1,3084.02,1,At-Risk / Low-Engagement Customers,-0.6526626112004847,0.932882079403251
12512.0,66,2,138.03,1,At-Risk / Low-Engagement Customers,-1.0907947561733369,-0.8719693131762446
12513.0,113,1,612.29,1,At-Risk / Low-Engagement Customers,-0.9261880884684027,-0.2829507977967921
12514.0,267,2,1597.76,1,At-Risk / Low-Engagement Customers,-0.4765042460184258,0.6237498270964837
12515.0,353,1,383.7,1,At-Risk / Low-Engagement Customers,-1.4955827176240482,0.2024148626243855
12516.0,78,4,2648.62,0,High-Value Loyal Customers,0.527992132082279,0.2882026890766914
12517.0,28,5,2502.84,0,High-Value Loyal Customers,0.9665486055333632,-0.21474969632445529
12518.0,1,5,2056.89,0,High-Value Loyal Customers,1.7460934080214017,-1.7484217607452364
12519.0,64,2,726.54,1,At-Risk / Low-Engagement Customers,-0.3609039424058003,-0.3932718438269335
12520.0,79,5,2634.26,0,High-Value Loyal Customers,0.6606170274591213,0.36025000768638643
12521.0,143,1,599.68,1,At-Risk / Low-Engagement Customers,-1.010784657439159,-0.1603169866107108
12522.0,39,2,192.72,1,At-Risk / Low-Engagement Customers,-0.7796328567690564,-1.057171348512424
12523.0,19,23,4372.15,0,High-Value Loyal Customers,2.386696262711668,0.25467595836342144
12524.0,9,17,11126.11,0,High-Value Loyal Customers,2.797805696293224,0.04662126732877682
12525.0,498,3,973.73,1,At-Risk / Low-Engagement Customers,-0.6734348459170203,0.9237889374539131
12526.0,1,3,1316.66,0,High-Value Loyal Customers,1.2428627690920673,-2.0302921883305345
12527.0,82,5,735.51,1,At-Risk / Low-Engagement Customers,0.0940327148359296,-0.001056404994651918
12528.0,9,6,1933.48,0,High-Value Loyal Customers,1.3162235867673215,-0.822805922032795
12529.0,528,1,316.48,1,At-Risk / Low-Engagement Customers,-1.7090614608447148,0.3664831069648683
12530.0,60,9,3759.26,0,High-Value Loyal Customers,1.2926069304384669,0.5040924729155162
12531.0,15,2,1933.2,0,High-Value Loyal Customers,0.51791034263369,-0.8737543214131124
12532.0,30,1,349.83000000000004,1,At-Risk / Low-Engagement Customers,-0.7480413394424712,-1.1683961097658953
12533.0,628,2,1367.89,1,At-Risk / Low-Engagement Customers,-0.819973444765704,1.0478441395626759
12534.0,131,1,1089.18,1,At-Risk / Low-Engagement Customers,-0.7233049783533295,-0.02988770360454524
12535.0,92,2,716.35,1,At-Risk / Low-Engagement Customers,-0.4828961489080271,-0.19991816863102224
12536.0,43,3,12601.830000000002,0,High-Value Loyal Customers,1.225634790645954,0.3505513739424103
12537.0,409,1,732.94,1,At-Risk / Low-Engagement Customers,-1.262019323225042,0.4767843824699564
12538.0,29,2,640.45,1,At-Risk / Low-Engagement Customers,-0.165630641814161,-0.8574325145192557
12539.0,22,7,11214.75,0,High-Value Loyal Customers,1.91337268943233,0.21156784780873422
12540.0,20,33,22254.49,0,High-Value Loyal Customers,3.3445329721529453,0.8961479544017218
12541.0,30,3,981.18,1,At-Risk / Low-Engagement Customers,0.22855457142551927,-0.6065104303167125
12542.0,484,2,481.88,1,At-Risk / Low-Engagement Customers,-1.1892620863437553,0.5925323765166429
12543.0,448,1,980.25,1,At-Risk / Low-Engagement Customers,-1.1650532195819163,0.6138327052625137
12544.0,36,1,372.7,1,At-Risk / Low-Engagement Customers,-0.7777877181978002,-1.0519037630919394
12545.0,75,2,1000.39,1,At-Risk / Low-Engagement Customers,-0.27246503775004643,-0.21140348749360177
12546.0,47,2,1161.5,1,At-Risk / Low-Engagement Customers,-0.058929929842131766,-0.4202060326384966
12547.0,198,3,383.58,1,At-Risk / Low-Engagement Customers,-0.7807604471278429,0.13834282830777758
12548.0,166,1,95.19999999999999,1,At-Risk / Low-Engagement Customers,-1.855662196652851,-0.6268798109906363
12549.0,576,6,1575.68,1,At-Risk / Low-Engagement Customers,-0.0843368098611904,1.3526953901883965
12550.0,79,1,964.83,1,At-Risk / Low-Engagement Customers,-0.6140370761701063,-0.34234993609979014
12551.0,358,1,168.0,1,At-Risk / Low-Engagement Customers,-1.858020874507401,-0.036081450317103116
12552.0,39,2,437.82,1,At-Risk / Low-Engagement Customers,-0.4238583884705237,-0.8124028142152719
12553.0,8,12,4608.75,0,High-Value Loyal Customers,2.200261405860691,-0.39439522123553367
12554.0,449,1,468.5,1,At-Risk / Low-Engagement Customers,-1.4865140937238634,0.39439358804235014
12555.0,682,1,129.23,1,At-Risk / Low-Engagement Customers,-2.1794261303002656,0.24065883192475176
12556.0,50,2,603.71,1,At-Risk / Low-Engagement Customers,-0.36291285354043973,-0.5824146547869292
12557.0,16,8,18716.14,0,High-Value Loyal Customers,2.3237979866349514,0.2412558330741124
12558.0,8,1,269.96,1,At-Risk / Low-Engagement Customers,-0.4604414894119044,-1.927876925668073
12559.0,311,2,561.71,1,At-Risk / Low-Engagement Customers,-0.9800148915349183,0.395012411923264
12560.0,5,3,2134.01,0,High-Value Loyal Customers,1.097531011096002,-1.2798712568081974
12561.0,303,1,238.85,1,At-Risk / Low-Engagement Customers,-1.651900218499908,-0.022997356433634736
12562.0,8,9,4966.92,0,High-Value Loyal Customers,2.0327124898027074,-0.4680303811266068
12563.0,409,1,249.24,1,At-Risk / Low-Engagement Customers,-1.7301949760497728,0.154685191700133
12564.0,261,1,456.9,1,At-Risk / Low-Engagement Customers,-1.3224574117288677,0.0885634862368389
12565.0,289,1,145.92,1,At-Risk / Low-Engagement Customers,-1.8499076669197643,-0.1957191924516757
12566.0,86,1,351.65,1,At-Risk / Low-Engagement Customers,-1.0795396277418814,-0.597679573206651
12567.0,23,15,13709.86,0,High-Value Loyal Customers,2.5156743743616836,0.5488879228660353
12568.0,645,1,70.0,1,At-Risk / Low-Engagement Customers,-2.4253570292554376,0.02834900798898859
12569.0,2,32,4124.69,0,High-Value Loyal Customers,3.2178149930188313,-0.6925737375725346
12570.0,682,1,77.52,1,At-Risk / Low-Engagement Customers,-2.399566821199703,0.08920469720757586
12571.0,40,2,519.61,1,At-Risk / Low-Engagement Customers,-0.3574800387235143,-0.7476213975896948
12572.0,9,2,1020.42,0,High-Value Loyal Customers,0.3921071889844984,-1.3241230522955407
12573.0,227,5,717.41,1,At-Risk / Low-Engagement Customers,-0.24361692219255335,0.548850587810361
12574.0,316,1,218.45,1,At-Risk / Low-Engagement Customers,-1.7041195252364176,-0.026509969346066604
12575.0,457,2,622.8199999999999,1,At-Risk / Low-Engagement Customers,-1.0593087882420953,0.6375999319630743
12576.0,36,8,2142.72,0,High-Value Loyal Customers,1.1294412749251252,0.02155388941247332
12577.0,35,8,1653.75,0,High-Value Loyal Customers,1.0256573688080424,-0.07105702259098061
12578.0,21,4,4642.45,0,High-Value Loyal Customers,1.1855729309623426,-0.2489703008509214
12579.0,78,1,440.42,1,At-Risk / Low-Engagement Customers,-0.9506518733098339,-0.5836737589324703
12580.0,247,2,1052.9,1,At-Risk / Low-Engagement Customers,-0.6327414496678982,0.45622469134125965
12581.0,40,1,197.71,1,At-Risk / Low-Engagement Customers,-1.0858038293595655,-1.1843531930721085
12582.0,239,4,1980.4,1,At-Risk / Low-Engagement Customers,0.04215758694738935,0.8140987290950243
12583.0,3,27,14447.44,0,High-Value Loyal Customers,3.5447962293356863,-0.21885289863123186
12584.0,4,9,2338.15,0,High-Value Loyal Customers,1.8950909399519191,-1.0177028344377912
12585.0,234,2,2040.1,1,At-Risk / Low-Engagement Customers,-0.3277267282374113,0.6243924767158611
12586.0,17,4,2062.67,0,High-Value Loyal Customers,0.8976173653827451,-0.6024142570747862
12587.0,8,1,144.0,1,At-Risk / Low-Engagement Customers,-0.7324852648924998,-2.1150397552761118
12588.0,39,4,958.78,0,High-Value Loyal Customers,0.3062707052091767,-0.3911494089590568
12589.0,29,8,4695.66,0,High-Value Loyal Customers,1.5385268072186904,0.14066053992474917
12590.0,211,2,9864.26,0,High-Value Loyal Customers,0.3911066781055088,1.0392121189274648
12591.0,317,3,1352.15,1,At-Risk / Low-Engagement Customers,-0.3849865226331306,0.7734751202923602
12592.0,92,5,2582.66,0,High-Value Loyal Customers,0.6033137787888558,0.4373806296008102
12593.0,109,3,418.09999999999997,1,At-Risk / Low-Engagement Customers,-0.551625225787147,-0.16290502541361776
12594.0,38,15,5090.110000000001,0,High-Value Loyal Customers,1.9275937986431255,0.5201146666804364
12595.0,505,1,299.02,1,At-Risk / Low-Engagement Customers,-1.719296619510212,0.325032479113103
12596.0,51,2,618.27,1,At-Risk / Low-Engagement Customers,-0.35884099114157186,-0.5645822234629394
12597.0,19,4,3811.22,0,High-Value Loyal Customers,1.1305760483798282,-0.3605846422190611
12598.0,10,11,4534.09,0,High-Value Loyal Customers,2.067205628653272,-0.3178994283772197
12599.0,29,13,2296.72,0,High-Value Loyal Customers,1.564443954311606,0.08837361130380046
12600.0,29,21,5043.92,0,High-Value Loyal Customers,2.2513700688487233,0.48924171058704446
12601.0,190,6,681.26,1,At-Risk / Low-Engagement Customers,-0.09123990134816025,0.49215383644173544
12602.0,59,1,153.12,1,At-Risk / Low-Engagement Customers,-1.319522021690962,-1.050402321184645
12603.0,22,1,739.1999999999999,1,At-Risk / Low-Engagement Customers,-0.3266437645879895,-1.109535391537126
12604.0,79,2,254.18,1,At-Risk / Low-Engagement Customers,-0.8839189632072715,-0.5923715825370763
12605.0,376,4,1232.95,1,At-Risk / Low-Engagement Customers,-0.30996175571929024,0.9214216330491035
12606.0,682,1,21.0,1,At-Risk / Low-Engagement Customers,-2.9531553119095104,-0.29165749372713806
12607.0,60,1,1579.51,1,At-Risk / Low-Engagement Customers,-0.3120437138269493,-0.34447451563724135
12608.0,405,1,415.79,1,At-Risk / Low-Engagement Customers,-1.5050501972806558,0.30199305489558437
12609.0,78,9,3435.86,0,High-Value Loyal Customers,1.1698485836571761,0.6197916661952264
12610.0,23,5,2099.54,0,High-Value Loyal Customers,0.9513363927462855,-0.37170286366881405
12611.0,52,1,1193.32,1,At-Risk / Low-Engagement Customers,-0.38847946060556915,-0.5058822460782716
12612.0,74,1,704.0400000000001,1,At-Risk / Low-Engagement Customers,-0.7301056102471977,-0.4721612886284668
12613.0,57,10,6835.07,0,High-Value Loyal Customers,1.6416841220965013,0.6900906824047578
12614.0,278,1,315.6,1,At-Risk / Low-Engagement Customers,-1.5033490211452427,0.012776182961878168
12615.0,2,8,5740.98,0,High-Value Loyal Customers,2.370677156624634,-1.0692017826378528
12616.0,95,3,1131.1,1,At-Risk / Low-Engagement Customers,-0.07522431106862136,0.05947664267947484
12617.0,29,1,355.53,1,At-Risk / Low-Engagement Customers,-0.7304238570923698,-1.1816572505869336
12618.0,22,1,177.31,1,At-Risk / Low-Engagement Customers,-0.9459704421848703,-1.5356246605380472
12619.0,16,10,3781.38,0,High-Value Loyal Customers,1.7810807262562176,-0.1639729566097585
12620.0,15,3,1339.41,0,High-Value Loyal Customers,0.5777662981435051,-0.8782284815763308
12621.0,2,35,24775.81,0,High-Value Loyal Customers,4.064180380940221,-0.12409304016685953
12622.0,232,1,180.1,1,At-Risk / Low-Engagement Customers,-1.688121407034369,-0.25381250965806496
12623.0,276,7,3747.84,0,High-Value Loyal Customers,0.6317012021660625,1.2560950210720614
12624.0,106,2,641.13,1,At-Risk / Low-Engagement Customers,-0.5764478037004915,-0.15573266177245945
12625.0,212,4,5164.88,0,High-Value Loyal Customers,0.4977059718109208,1.0351272666093543
12626.0,23,9,6620.48,0,High-Value Loyal Customers,1.8405004707523227,0.1589646887061996
12627.0,11,7,4478.53,0,High-Value Loyal Customers,1.7244498540127866,-0.42201182710805346
12628.0,4,3,786.46,0,High-Value Loyal Customers,0.7225189123728882,-1.6790054608992095
12629.0,386,2,1558.22,1,At-Risk / Low-Engagement Customers,-0.6062391780453157,0.8189178138967063
12630.0,10,2,1270.88,0,High-Value Loyal Customers,0.45670090541358854,-1.2059062052283454
12631.0,57,6,3481.57,0,High-Value Loyal Customers,1.0034993052485495,0.32275600684405953
12632.0,521,2,804.88,1,At-Risk / Low-Engagement Customers,-0.9901937763807049,0.7863978940911893
12633.0,59,7,5678.16,0,High-Value Loyal Customers,1.3071603377386574,0.5367223878364908
12634.0,536,2,490.0,1,At-Risk / Low-Engagement Customers,-1.2149469409802753,0.6537003473659666
12635.0,90,4,2930.41,0,High-Value Loyal Customers,0.5262308431877846,0.396454056079237
12636.0,739,1,141.0,1,At-Risk / Low-Engagement Customers,-2.1677030052445527,0.31077037032634797
12637.0,67,12,8340.31,0,High-Value Loyal Customers,1.8042406633024455,0.8985444813378369
12638.0,33,2,921.49,1,At-Risk / Low-Engagement Customers,-0.04801835158243667,-0.6796311209973709
12639.0,239,3,1312.37,1,At-Risk / Low-Engagement Customers,-0.30695355450750267,0.6093267358497949
12640.0,24,3,1174.58,0,High-Value Loyal Customers,0.3763338367778253,-0.67135225013614
12641.0,115,1,185.9,1,At-Risk / Low-Engagement Customers,-1.4488323877078695,-0.6290612597273098
12642.0,25,3,1013.26,0,High-Value Loyal Customers,0.2994263696044514,-0.6939039160296463
12643.0,128,12,8350.42,0,High-Value Loyal Customers,1.597676773832384,1.2520743674096921
12644.0,130,4,1918.49,1,At-Risk / Low-Engagement Customers,0.22416087725249598,0.47065807301546164
12645.0,34,8,3539.3,0,High-Value Loyal Customers,1.3656924664537031,0.14107666597228413
12646.0,5,2,1346.97,0,High-Value Loyal Customers,0.6780219107159562,-1.5228341135457517
12647.0,22,36,17924.35,0,High-Value Loyal Customers,3.2854579553250938,0.9125049437427558
12648.0,155,4,1112.0,1,At-Risk / Low-Engagement Customers,-0.0694604854159465,0.40384890471398294
12649.0,107,8,2294.65,0,High-Value Loyal Customers,0.812776556710214,0.632890976107595
12650.0,3,1,314.44,1,At-Risk / Low-Engagement Customers,-0.13203115891806375,-2.329654742939053
12651.0,335,4,377.75,1,At-Risk / Low-Engagement Customers,-0.7866263611743515,0.5043598656596413
12652.0,331,2,1017.03,1,At-Risk / Low-Engagement Customers,-0.7421535965636703,0.6067527166039373
12653.0,149,3,4160.83,0,High-Value Loyal Customers,0.3468893982191162,0.6953451033466671
12654.0,11,5,601.98,0,High-Value Loyal Customers,0.6324786538609761,-1.1276204811078363
12655.0,424,1,261.35,1,At-Risk / Low-Engagement Customers,-1.721253679414464,0.18865073688858447
12656.0,17,8,6407.83,0,High-Value Loyal Customers,1.8389823668967054,-0.04804660055888013
12657.0,11,4,1643.18,0,High-Value Loyal Customers,0.9298801504531534,-0.8940779286153621
12658.0,19,1,686.05,1,At-Risk / Low-Engagement Customers,-0.3138622845954416,-1.2089280010153853
12659.0,30,1,91.68,1,At-Risk / Low-Engagement Customers,-1.327230591572021,-1.5668713151464442
12660.0,11,1,245.1,1,At-Risk / Low-Engagement Customers,-0.5953567798172162,-1.7980097458184108
12661.0,436,1,162.0,1,At-Risk / Low-Engagement Customers,-1.9373382327627744,0.06154051796801755
12662.0,1,20,6988.02,0,High-Value Loyal Customers,3.233567858031648,-0.9238672692483648
12663.0,625,2,239.4,1,At-Risk / Low-Engagement Customers,-1.5752706491749007,0.5245080312761109
12664.0,8,11,6070.04,0,High-Value Loyal Customers,2.2590211894043124,-0.3412666482021554
12665.0,325,3,313.6,1,At-Risk / Low-Engagement Customers,-1.0277916320560212,0.3504656203460709
12666.0,394,1,1248.42,1,At-Risk / Low-Engagement Customers,-1.0184858486491235,0.6154816446535974
12667.0,58,1,620.13,1,At-Risk / Low-Engagement Customers,-0.707633340420124,-0.6424402603654974
12668.0,12,10,11444.68,0,High-Value Loyal Customers,2.349617757931682,0.01951741998574412
12669.0,151,3,2744.0299999999997,1,At-Risk / Low-Engagement Customers,0.161531118543692,0.5780736354243005
12670.0,10,7,3760.29,0,High-Value Loyal Customers,1.6765543362037105,-0.5223166262190536
12671.0,606,1,2622.481,1,At-Risk / Low-Engagement Customers,-0.8346728780977583,1.0745183270553105
12672.0,330,2,437.05,1,At-Risk / Low-Engagement Customers,-1.1080981154289422,0.35265224321215927
12673.0,5,3,1230.02,0,High-Value Loyal Customers,0.8579500639128781,-1.4447000528935021
12674.0,39,4,1970.6,0,High-Value Loyal Customers,0.6195011098124418,-0.17565067629645437
12675.0,554,2,958.5,1,At-Risk / Low-Engagement Customers,-0.9341039656151685,0.8724381612951011
12676.0,25,11,2843.09,0,High-Value Loyal Customers,1.5859738789655555,0.016878547156292348
12677.0,555,2,395.1,1,At-Risk / Low-Engagement Customers,-1.319643185403298,0.6085853109872461
12678.0,42,21,34281.18,0,High-Value Loyal Customers,2.9687027366360828,1.2614267433974327
12679.0,59,4,1113.02,1,At-Risk / Low-Engagement Customers,0.23997494695358865,-0.12290001164717784
12680.0,1,4,880.81,0,High-Value Loyal Customers,1.2383019006006666,-2.06884226344644
12681.0,15,45,30868.28,0,High-Value Loyal Customers,3.8053891233870836,0.9547434217850241
12682.0,4,52,24033.91,0,High-Value Loyal Customers,4.180732791951911,0.2901307630705544
12683.0,4,21,12696.78,0,High-Value Loyal Customers,3.2324923635384932,-0.2227127798615514
12684.0,8,7,2283.63,0,High-Value Loyal Customers,1.524531480275179,-0.7822405210864833
12685.0,28,6,2863.08,0,High-Value Loyal Customers,1.14260771981621,-0.1180864320008431
12686.0,372,1,178.28,1,At-Risk / Low-Engagement Customers,-1.8447008706730679,0.0026955579107490954
12687.0,481,2,2138.91,1,At-Risk / Low-Engagement Customers,-0.5394927629835335,1.0347628601899879
12688.0,114,1,4873.8099999999995,1,At-Risk / Low-Engagement Customers,-0.02704134233543168,0.3424118127537509
12689.0,26,2,1247.61,1,At-Risk / Low-Engagement Customers,0.1582493121789195,-0.7161638770806683
12690.0,206,1,389.01,1,At-Risk / Low-Engagement Customers,-1.3160749512466594,-0.08943724060100389
12691.0,28,7,1170.4,0,High-Value Loyal Customers,0.8554485767312521,-0.33683950751928465
12692.0,637,1,110.95,1,At-Risk / Low-Engagement Customers,-2.2231920401002423,0.15779016796357434
12693.0,127,7,1703.02,0,High-Value Loyal Customers,0.5383205842867647,0.5942748803541678
12694.0,70,3,1843.35,1,At-Risk / Low-Engagement Customers,0.23469693659038665,0.03918505727963833
12695.0,7,7,1407.1200000000001,0,High-Value Loyal Customers,1.3520572056149276,-0.992073546206937
12696.0,435,2,851.91,1,At-Risk / Low-Engagement Customers,-0.907290185606154,0.7040815886632256
12697.0,29,3,957.59,1,At-Risk / Low-Engagement Customers,0.22858174949231835,-0.6318734878881458
12698.0,590,1,339.75,1,At-Risk / Low-Engagement Customers,-1.7141291349166645,0.448785382676927
12699.0,418,1,638.11,1,At-Risk / Low-Engagement Customers,-1.3292391515421507,0.44734601450379535
12700.0,8,4,4939.99,0,High-Value Loyal Customers,1.5016800418865603,-0.7233737831474569
12701.0,80,6,2446.41,0,High-Value Loyal Customers,0.7419942366775925,0.4013892178373169
12702.0,20,1,219.0,1,At-Risk / Low-Engagement Customers,-0.8251306238341838,-1.5229072320962653
12703.0,71,4,1006.53,1,At-Risk / Low-Engagement Customers,0.13729107814697708,-0.0524148597804474
12704.0,7,8,2340.84,0,High-Value Loyal Customers,1.6632207267897072,-0.796688640177945
12705.0,15,14,11762.1,0,High-Value Loyal Customers,2.530921209735022,0.2557595650067896
12707.0,292,1,603.42,1,At-Risk / Low-Engagement Customers,-1.2378323629166965,0.23334774775553543
12708.0,30,18,5314.1,0,High-Value Loyal Customers,2.1516490963783945,0.46928220069581733
12709.0,15,34,31093.34,0,High-Value Loyal Customers,3.6001074206984485,0.8568829734232067
12710.0,97,3,1149.02,1,At-Risk / Low-Engagement Customers,-0.07505978877943136,0.07555069019851816
12711.0,612,2,1339.05,1,At-Risk / Low-Engagement Customers,-0.8209047574298831,1.027258363664942
12712.0,29,21,7193.66,0,High-Value Loyal Customers,2.4058136617903796,0.595497035924765
12713.0,1,1,848.55,0,High-Value Loyal Customers,0.5232253055751664,-2.415393561603418
12714.0,9,12,14093.71,0,High-Value Loyal Customers,2.6524694372759874,-0.0017247045169447406
12715.0,106,1,353.86,1,At-Risk / Low-Engagement Customers,-1.1437448634890117,-0.48168001260175247
12716.0,4,2,1053.49,0,High-Value Loyal Customers,0.630152660190065,-1.6968979919273908
12717.0,151,3,1308.91,1,At-Risk / Low-Engagement Customers,-0.1603739637331432,0.3566068293644852
12718.0,71,1,238.25,1,At-Risk / Low-Engagement Customers,-1.1871402087932275,-0.8181948213104846
12719.0,5,2,644.95,0,High-Value Loyal Customers,0.35794454530276565,-1.7430434724931758
12720.0,3,30,8260.67,0,High-Value Loyal Customers,3.3792204799510586,-0.348919639795067
12721.0,32,8,4013.08,0,High-Value Loyal Customers,1.4393707131346425,0.1462194964400426
12722.0,85,4,997.63,1,At-Risk / Low-Engagement Customers,0.07596386908443291,0.042931176077029266
12723.0,4,5,725.07,0,High-Value Loyal Customers,0.9964537574430509,-1.554887768218758
12724.0,5,7,2317.52,0,High-Value Loyal Customers,1.6620761800006623,-1.0014715077821847
12725.0,371,4,2694.56,1,At-Risk / Low-Engagement Customers,0.0343409600574494,1.147962817760273
12726.0,28,11,4014.6,0,High-Value Loyal Customers,1.700742630216705,0.18036641510025814
12727.0,11,10,5679.53,0,High-Value Loyal Customers,2.070685247197206,-0.2343437708424581
12728.0,71,5,1070.17,0,High-Value Loyal Customers,0.3029988418563524,0.032656161673404335
12729.0,114,1,453.01,1,At-Risk / Low-Engagement Customers,-1.0598569039499643,-0.368152811022321
12730.0,522,1,829.25,1,At-Risk / Low-Engagement Customers,-1.2871007467152853,0.6479571390379302
12731.0,24,17,25775.71,0,High-Value Loyal Customers,2.866979590854264,0.8034890827260126
12732.0,180,1,236.26000000000002,1,At-Risk / Low-Engagement Customers,-1.488918116717436,-0.3122488520251605
12733.0,234,4,2424.87,1,At-Risk / Low-Engagement Customers,0.13702614585129844,0.8630702502319675
12734.0,353,3,639.65,1,At-Risk / Low-Engagement Customers,-0.7450034087950923,0.6088038515086444
12735.0,315,2,779.5699999999999,1,At-Risk / Low-Engagement Customers,-0.8417426359114645,0.5000030037749505
12736.0,333,1,234.0,1,At-Risk / Low-Engagement Customers,-1.6912272790577307,0.022796771755828258
12737.0,499,2,3710.5,1,At-Risk / Low-Engagement Customers,-0.3117506994193371,1.21982729167079
12738.0,372,1,310.7,1,At-Risk / Low-Engagement Customers,-1.6040477728904121,0.1682619806505138
12739.0,78,4,2726.73,0,High-Value Loyal Customers,0.5406334593749513,0.29689976947089664
12740.0,64,1,427.6,1,At-Risk / Low-Engagement Customers,-0.9003880062550086,-0.7000841895980064
12741.0,529,2,406.07,1,At-Risk / Low-Engagement Customers,-1.2922675273675002,0.5903480228075368
12742.0,626,1,1201.52,1,At-Risk / Low-Engagement Customers,-1.1845752797335385,0.8588834471035443
12743.0,134,2,546.43,1,At-Risk / Low-Engagement Customers,-0.721050419555619,-0.0752871065148047
12744.0,52,11,25317.06,0,High-Value Loyal Customers,2.306890161687723,1.0641522996886914
12745.0,487,3,925.41,1,At-Risk / Low-Engagement Customers,-0.6883477602642522,0.8962743847495459
12746.0,541,1,254.55,1,At-Risk / Low-Engagement Customers,-1.8113297548234795,0.3149163968877077
12747.0,2,26,9276.539999999999,0,High-Value Loyal Customers,3.417355109008319,-0.5234466755875544
12748.0,1,336,56599.39,0,High-Value Loyal Customers,6.2606020503698865,0.7182220424052791
12749.0,4,9,6897.36,0,High-Value Loyal Customers,2.3656549968814864,-0.6939604505101059
12750.0,129,1,275.88,1,At-Risk / Low-Engagement Customers,-1.3146841598913312,-0.44856758931177027
12751.0,445,1,268.27,1,At-Risk / Low-Engagement Customers,-1.7255244296055599,0.223045942967366
12752.0,81,1,4366.78,1,At-Risk / Low-Engagement Customers,0.03455943924327613,0.12299054181220472
12753.0,23,6,21429.39,0,High-Value Loyal Customers,2.0794890222445273,0.37998923211537305
12754.0,236,3,3010.74,1,At-Risk / Low-Engagement Customers,0.0582175687586455,0.850823144467749
12755.0,281,11,9030.66,0,High-Value Loyal Customers,1.3177489908446198,1.677589288614727
12756.0,87,1,112.07999999999998,1,At-Risk / Low-Engagement Customers,-1.5781156032077,-0.9318471599991126
12757.0,16,13,7857.1,0,High-Value Loyal Customers,2.2831612784523347,0.14318065639386907
12758.0,117,7,9903.24,0,High-Value Loyal Customers,1.3304023198546415,1.0762499808268056
12759.0,52,8,5020.74,0,High-Value Loyal Customers,1.3835863910956563,0.47458479871050396
12760.0,456,1,347.8,1,At-Risk / Low-Engagement Customers,-1.6208063291386143,0.31395061390813284
12761.0,458,2,782.95,1,At-Risk / Low-Engagement Customers,-0.9605999908001297,0.7071986675148917
12762.0,8,2,1898.52,0,High-Value Loyal Customers,0.696125671258075,-1.1965188673541123
12763.0,138,2,814.16,1,At-Risk / Low-Engagement Customers,-0.5572573089303161,0.060002886195903
12764.0,317,1,1693.88,1,At-Risk / Low-Engagement Customers,-0.8156784868772031,0.5871647583222428
12765.0,472,6,1404.58,1,At-Risk / Low-Engagement Customers,-0.0700380440900073,1.2086879383298943
12766.0,4,9,10068.28,0,High-Value Loyal Customers,2.5302139978721834,-0.580745846689524
12767.0,376,1,949.82,1,At-Risk / Low-Engagement Customers,-1.122232522325939,0.5080019195336036
12768.0,451,1,168.69000000000003,1,At-Risk / Low-Engagement Customers,-1.930752282863566,0.09219579014132138
12769.0,239,1,1143.6,1,At-Risk / Low-Engagement Customers,-0.8954657716386805,0.3144379473098193
12770.0,211,2,3246.45,1,At-Risk / Low-Engagement Customers,-0.09235968509878874,0.7065931042201117
12771.0,486,1,282.3,1,At-Risk / Low-Engagement Customers,-1.7318683918470157,0.28675746123887463
12772.0,60,1,892.47,1,At-Risk / Low-Engagement Customers,-0.5602231414250232,-0.5152189623267488
12773.0,564,1,124.25,1,At-Risk / Low-Engagement Customers,-2.135047175473398,0.1243730383079401
12774.0,536,1,98.7,1,At-Risk / Low-Engagement Customers,-2.2178756462736717,0.028043689475853065
12775.0,17,7,1686.12,0,High-Value Loyal Customers,1.168434382581807,-0.4906836737056171
12776.0,668,1,55.5,1,At-Risk / Low-Engagement Customers,-2.5360669226597774,-0.020737418291960595
12777.0,458,1,519.45,1,At-Risk / Low-Engagement Customers,-1.4480918784816483,0.4361563105694536
12778.0,20,9,1775.68,0,High-Value Loyal Customers,1.3112761511069737,-0.3084984524462043
12779.0,38,14,6722.2699999999995,0,High-Value Loyal Customers,1.9993632726696442,0.5797332788224623
12780.0,599,1,337.4,1,At-Risk / Low-Engagement Customers,-1.722028389739333,0.4550498678723755
12781.0,64,2,826.74,1,At-Risk / Low-Engagement Customers,-0.3047623297298923,-0.35464709283375745
12782.0,5,11,4618.24,0,High-Value Loyal Customers,2.271244980982553,-0.6467169050739543
12783.0,2,6,2225.91,0,High-Value Loyal Customers,1.7668717033069543,-1.4447297454260908
12784.0,9,3,1804.75,0,High-Value Loyal Customers,0.8594389230983531,-1.048258801533748
12785.0,364,3,1100.4,1,At-Risk / Low-Engagement Customers,-0.5191370997724541,0.7878841536455938
12786.0,610,1,728.5,1,At-Risk / Low-Engagement Customers,-1.393686846832517,0.6950077222652028
12787.0,10,4,862.18,0,High-Value Loyal Customers,0.6776517665249017,-1.1349612700481782
12788.0,463,4,444.9,1,At-Risk / Low-Engagement Customers,-0.8200024633650237,0.7312480649824862
12789.0,65,3,273.35,1,At-Risk / Low-Engagement Customers,-0.5707671397179802,-0.5714913650832592
12790.0,192,2,591.85,1,At-Risk / Low-Engagement Customers,-0.8019669024008882,0.1457093778946364
12791.0,374,6,1056.1100000000001,1,At-Risk / Low-Engagement Customers,-0.11891476272305206,0.9953450339042387
12792.0,257,2,827.01,1,At-Risk / Low-Engagement Customers,-0.750486010654808,0.40581765868859704
12793.0,335,3,1017.33,1,At-Risk / Low-Engagement Customers,-0.5264819965968285,0.7187482970992174
12794.0,53,2,860.41,1,At-Risk / Low-Engagement Customers,-0.2274499081494725,-0.4449729323012739
12795.0,19,1,430.48,1,At-Risk / Low-Engagement Customers,-0.5162668719628547,-1.3481799108611765
12796.0,628,1,381.0,1,At-Risk / Low-Engagement Customers,-1.6845633927725392,0.5173628747227127
12797.0,366,2,806.11,1,At-Risk / Low-Engagement Customers,-0.8755854933569321,0.5925362251987226
12798.0,10,4,8510.93,0,High-Value Loyal Customers,1.6734327628281442,-0.4498759796063076
12799.0,529,1,219.35,1,At-Risk / Low-Engagement Customers,-1.8685714897505874,0.2582040318506573
12800.0,470,3,584.25,1,At-Risk / Low-Engagement Customers,-0.8767138961898457,0.7392341696591999
12801.0,501,1,1071.82,1,At-Risk / Low-Engagement Customers,-1.162320672988298,0.7020817204549582
12802.0,187,7,2416.42,0,High-Value Loyal Customers,0.5661527717931644,0.910986265912403
12803.0,393,1,1092.81,1,At-Risk / Low-Engagement Customers,-1.075540347861994,0.5742666724420293
12804.0,466,2,327.02,1,At-Risk / Low-Engagement Customers,-1.345282458065237,0.45591704420355444
12805.0,382,4,1434.95,1,At-Risk / Low-Engagement Customers,-0.24910398839018066,0.9755135195322504
12806.0,435,4,2878.96,1,At-Risk / Low-Engagement Customers,0.01178873315705109,1.255330189928236
12807.0,383,1,330.35,1,At-Risk / Low-Engagement Customers,-1.5868481516049575,0.20259290757379256
12808.0,37,5,906.1,0,High-Value Loyal Customers,0.4373557237994333,-0.3696032333319561
12809.0,178,3,1755.94,1,At-Risk / Low-Engagement Customers,-0.0855023869190919,0.5346827914090487
12810.0,535,2,534.99,1,At-Risk / Low-Engagement Customers,-1.1761978671053095,0.6789164190921416
12811.0,261,5,1033.9,1,At-Risk / Low-Engagement Customers,-0.12975094477796187,0.7347844464079311
12812.0,45,1,229.64000000000001,1,At-Risk / Low-Engagement Customers,-1.0581845553367588,-1.0762792673637724
12813.0,502,3,1687.8,1,At-Risk / Low-Engagement Customers,-0.43687789267031596,1.0927175281943364
12814.0,102,1,125.92,1,At-Risk / Low-Engagement Customers,-1.5787824467533687,-0.810472719877435
12815.0,148,2,1063.46,1,At-Risk / Low-Engagement Customers,-0.46362376352927054,0.17819840493721048
12816.0,96,2,572.2,1,At-Risk / Low-Engagement Customers,-0.5941227634987776,-0.24384332100092737
12817.0,281,3,690.98,1,At-Risk / Low-Engagement Customers,-0.6379245512424317,0.5064562019743576
12818.0,262,1,1542.08,1,At-Risk / Low-Engagement Customers,-0.7950873603423574,0.45433656544125484
12819.0,458,1,540.52,1,At-Risk / Low-Engagement Customers,-1.4308242348293347,0.44803624070540643
12820.0,3,11,2689.52,0,High-Value Loyal Customers,2.167210543413596,-1.032151418501409
12821.0,214,2,220.8,1,At-Risk / Low-Engagement Customers,-1.2646598824636681,-0.08905816337543136
12822.0,71,2,948.88,1,At-Risk / Low-Engagement Customers,-0.2779556084464626,-0.2570329746318704
12823.0,75,18,6501.5,0,High-Value Loyal Customers,1.9493507295010692,1.0242514137389371
12824.0,60,1,397.12,1,At-Risk / Low-Engagement Customers,-0.9119440880255207,-0.7571987226865388
12825.0,521,2,518.63,1,At-Risk / Low-Engagement Customers,-1.181125486659943,0.6550391850208054
12826.0,3,12,2955.75,0,High-Value Loyal Customers,2.269314418790043,-0.9746077383968725
12827.0,6,3,430.15000000000003,0,High-Value Loyal Customers,0.35160700882755475,-1.6737338915101478
12828.0,3,6,1018.71,0,High-Value Loyal Customers,1.3339690900750667,-1.5198742422046418
12829.0,337,3,385.3,1,At-Risk / Low-Engagement Customers,-0.9501506444572194,0.4318633134614941
12830.0,38,6,6814.64,0,High-Value Loyal Customers,1.4240117259613245,0.3048478467384453
12831.0,262,3,451.11,1,At-Risk / Low-Engagement Customers,-0.8005589266792964,0.34057168984653685
12832.0,32,2,383.03,1,At-Risk / Low-Engagement Customers,-0.41966971455752544,-0.958431175405015
12833.0,145,1,417.38,1,At-Risk / Low-Engagement Customers,-1.1726110697740557,-0.2609745477164421
12834.0,283,1,312.38,1,At-Risk / Low-Engagement Customers,-1.5135417714457153,0.01951315306274554
12835.0,428,41,6043.31,0,High-Value Loyal Customers,1.9627992420463924,2.247328824321758
12836.0,59,15,6585.62,0,High-Value Loyal Customers,1.9003263749998363,0.8348129483798109
12837.0,173,2,688.41,1,At-Risk / Low-Engagement Customers,-0.7027937097708041,0.13371824185678738
12838.0,34,10,3398.48,0,High-Value Loyal Customers,1.5010847227551627,0.20237902812892739
12839.0,3,26,10071.73,0,High-Value Loyal Customers,3.3600923487542684,-0.34015549350274366
12840.0,144,7,4041.97,0,High-Value Loyal Customers,0.8739141584614629,0.9216889483136635
12841.0,5,40,7540.68,0,High-Value Loyal Customers,3.421650076388551,-0.05023784220030119
12842.0,70,4,1917.99,0,High-Value Loyal Customers,0.422151349147355,0.13273917482723727
12843.0,66,30,6588.41,0,High-Value Loyal Customers,2.3692737596094555,1.137898589833593
12844.0,29,4,648.6,0,High-Value Loyal Customers,0.22947249776774095,-0.6666729165567474
12845.0,267,4,354.09,1,At-Risk / Low-Engagement Customers,-0.7415584760952026,0.3603291333995292
12846.0,682,1,15.58,1,At-Risk / Low-Engagement Customers,-3.0762226398537913,-0.37632632796038085
12847.0,22,2,1636.8999999999999,0,High-Value Loyal Customers,0.32818869168272163,-0.7233647458813828
12848.0,676,1,208.0,1,At-Risk / Low-Engagement Customers,-1.9707538400756646,0.37739273483244123
12849.0,31,6,3090.56,0,High-Value Loyal Customers,1.1440241404700051,-0.04091203145008652
12850.0,446,1,330.0,1,At-Risk / Low-Engagement Customers,-1.636441526780133,0.28606755299565806
12851.0,97,2,284.13,1,At-Risk / Low-Engagement Customers,-0.9012690298494136,-0.44721694795350914
12852.0,295,1,311.55,1,At-Risk / Low-Engagement Customers,-1.5280807317904506,0.04154575200902929
12853.0,135,11,3907.5,0,High-Value Loyal Customers,1.189171710808491,1.0246343746776498
12854.0,79,7,2994.02,0,High-Value Loyal Customers,0.9357137763447512,0.5038589119642808
12855.0,373,4,650.9399999999999,1,At-Risk / Low-Engagement Customers,-0.5849846701819954,0.726024811157102
12856.0,8,6,2179.93,0,High-Value Loyal Customers,1.4024745162013663,-0.8450231815050876
12857.0,211,6,3688.0,0,High-Value Loyal Customers,0.6093488449576078,1.0548963095098245
12858.0,383,1,177.92,1,At-Risk / Low-Engagement Customers,-1.854975538094942,0.018124506257794777
12859.0,459,1,575.1,1,At-Risk / Low-Engagement Customers,-1.4045945701399307,0.46776653474510194
12860.0,693,1,55.47,1,At-Risk / Low-Engagement Customers,-2.548163819431455,-0.000660780063318423
12861.0,620,1,68.25,1,At-Risk / Low-Engagement Customers,-2.423450723052453,-0.0008909633103597878
12862.0,426,2,1008.3199999999999,1,At-Risk / Low-Engagement Customers,-0.8272820001425726,0.7429804355632977
12863.0,52,6,2792.5499999999997,0,High-Value Loyal Customers,0.9367344487300319,0.20703895451625762
12864.0,138,2,299.57,1,At-Risk / Low-Engagement Customers,-0.9913629203945389,-0.23865652788860373
12865.0,26,4,3323.47,0,High-Value Loyal Customers,0.9739480785475475,-0.23603957121001973
12866.0,283,3,1227.35,1,At-Risk / Low-Engagement Customers,-0.39051669232534497,0.6821403305258087
12867.0,26,13,7913.29,0,High-Value Loyal Customers,2.136637167975258,0.40047877028027834
12868.0,186,8,2247.06,0,High-Value Loyal Customers,0.6261084622712197,0.9294148150211303
12869.0,682,1,337.66999999999996,1,At-Risk / Low-Engagement Customers,-1.7635860746742933,0.5267517643501538
12870.0,375,3,1676.95,1,At-Risk / Low-Engagement Customers,-0.3455651368792713,0.9302832146602272
12871.0,84,3,744.02,1,At-Risk / Low-Engagement Customers,-0.2179202857499093,-0.1328989204280858
12872.0,327,12,3685.4900000000002,0,High-Value Loyal Customers,0.9400457637480325,1.5219991527186187
12873.0,282,3,2027.3,1,At-Risk / Low-Engagement Customers,-0.17115944166939842,0.830325044547131
12874.0,385,2,948.42,1,At-Risk / Low-Engagement Customers,-0.8212533451098516,0.6689878852092925
12875.0,143,5,1356.99,1,At-Risk / Low-Engagement Customers,0.18204770031886372,0.4859905849141607
12876.0,58,4,4081.79,0,High-Value Loyal Customers,0.8105272015724627,0.25662308722770516
12877.0,4,20,2955.17,0,High-Value Loyal Customers,2.5628319263253334,-0.6760484717687183
12878.0,236,2,854.99,1,At-Risk / Low-Engagement Customers,-0.7085673202994278,0.36893874229686013
12879.0,45,3,573.22,1,At-Risk / Low-Engagement Customers,-0.13263437823041907,-0.5495124358035783
12880.0,382,2,640.13,1,At-Risk / Low-Engagement Customers,-0.9895602493154982,0.5471551480252524
12881.0,276,1,298.0,1,At-Risk / Low-Engagement Customers,-1.5259082726964286,-0.008313212584429184
12882.0,9,2,1463.04,0,High-Value Loyal Customers,0.5487474663339417,-1.216356434634403
12883.0,25,4,703.47,0,High-Value Loyal Customers,0.3110371634464045,-0.7213280829110063
12884.0,88,1,309.05,1,At-Risk / Low-Engagement Customers,-1.1429069912423155,-0.6236822007474285
12885.0,63,3,1175.22,1,At-Risk / Low-Engagement Customers,0.07254823280243723,-0.1527177108578531
12886.0,68,2,1378.4,1,At-Risk / Low-Engagement Customers,-0.10186698553659865,-0.16883042960974382
12887.0,384,1,222.4,1,At-Risk / Low-Engagement Customers,-1.7592125239912884,0.08602150057334972
12888.0,214,2,354.12,1,At-Risk / Low-Engagement Customers,-1.0598649274904857,0.05183829049313261
12889.0,381,4,385.46000000000004,1,At-Risk / Low-Engagement Customers,-0.8193566861138135,0.581162831033679
12890.0,24,2,717.27,1,At-Risk / Low-Engagement Customers,-0.05744661390603807,-0.9241336233991003
12891.0,186,11,840.5,0,High-Value Loyal Customers,0.4179753160742788,0.7405673918014644
12892.0,397,1,263.38,1,At-Risk / Low-Engagement Customers,-1.6966711650448116,0.1547551749696795
12893.0,31,1,188.14,1,At-Risk / Low-Engagement Customers,-1.0271235996497443,-1.3358254836630405
12894.0,575,1,157.35,1,At-Risk / Low-Engagement Customers,-2.039253113331261,0.20520383941583917
12895.0,42,2,372.8,1,At-Risk / Low-Engagement Customers,-0.5170257955426261,-0.8205193062612514
12897.0,205,4,514.25,1,At-Risk / Low-Engagement Customers,-0.49448050633468627,0.32664850025280406
12898.0,464,2,310.96000000000004,1,At-Risk / Low-Engagement Customers,-1.3657364496818802,0.43852273322712976
12899.0,414,1,366.4,1,At-Risk / Low-Engagement Customers,-1.5670217557418322,0.2763292275732915
12900.0,422,1,340.33,1,At-Risk / Low-Engagement Customers,-1.6052214601265264,0.26482820124311823
12901.0,9,28,17654.54,0,High-Value Loyal Customers,3.3624311713320956,0.35939026394523893
12902.0,265,1,138.68,1,At-Risk / Low-Engagement Customers,-1.8439563090733078,-0.25849283100166326
12903.0,429,1,833.53,1,At-Risk / Low-Engagement Customers,-1.2215379891231228,0.5415026948235153
12904.0,18,2,509.58,1,At-Risk / Low-Engagement Customers,-0.11718717419659568,-1.1776688876627
12905.0,577,2,1018.42,1,At-Risk / Low-Engagement Customers,-0.920879653850169,0.9129681950752054
12906.0,12,5,2919.81,0,High-Value Loyal Customers,1.293069538130888,-0.6111829420125181
12907.0,396,2,508.91,1,At-Risk / Low-Engagement Customers,-1.1008097600803604,0.4984070925551127
12908.0,176,5,1776.0,1,At-Risk / Low-Engagement Customers,0.23232196184217474,0.6802983777950214
12909.0,40,8,3103.19,0,High-Value Loyal Customers,1.2573204889434595,0.18899517492284398
12910.0,23,13,5796.52,0,High-Value Loyal Customers,2.0393093333845917,0.24234558770739914
12911.0,552,1,1680.47,1,At-Risk / Low-Engagement Customers,-0.9980882823991629,0.8899693998933534
12912.0,3,5,1662.3,0,High-Value Loyal Customers,1.4292878103586342,-1.4298328362206063
12913.0,5,13,6700.860000000001,0,High-Value Loyal Customers,2.550742969530646,-0.4788889454186723
12914.0,401,1,223.98,1,At-Risk / Low-Engagement Customers,-1.7701208875335386,0.11196346008268693
12915.0,149,4,1174.75,1,At-Risk / Low-Engagement Customers,-0.032911239954758274,0.39863460183920163
12916.0,139,7,4654.0199999999995,0,High-Value Loyal Customers,0.9465988394537269,0.9445318451841608
12917.0,128,6,4359.2,0,High-Value Loyal Customers,0.8427514318081964,0.8309346338882053
12918.0,626,1,10953.5,1,At-Risk / Low-Engagement Customers,-0.22328493396847202,1.5202395868293472
12919.0,8,6,1335.19,0,High-Value Loyal Customers,1.189304045398127,-0.9916818890381989
12920.0,17,4,488.09000000000003,0,High-Value Loyal Customers,0.27119939576910246,-1.0333822492778442
12921.0,9,74,35921.04,0,High-Value Loyal Customers,4.39620390950319,0.9198205761155298
12922.0,161,1,405.38,1,At-Risk / Low-Engagement Customers,-1.2189061745491168,-0.21232926634526672
12923.0,64,3,789.87,1,At-Risk / Low-Engagement Customers,-0.1051712836735004,-0.2629851995400269
12924.0,88,12,2469.4,0,High-Value Loyal Customers,1.1877446432771177,0.6827282252883419
12925.0,5,3,729.3299999999999,0,High-Value Loyal Customers,0.6307810665077898,-1.6009895775424137
12926.0,411,4,1548.46,1,At-Risk / Low-Engagement Customers,-0.23960759852617247,1.0385453272320213
12927.0,395,1,197.31,1,At-Risk / Low-Engagement Customers,-1.8201587873222902,0.06589755694933773
12928.0,35,12,4304.89,0,High-Value Loyal Customers,1.7222286218244869,0.34981869445922686
12929.0,312,1,117.85,1,At-Risk / Low-Engagement Customers,-1.9668457685866194,-0.21709209515267638
12930.0,78,2,415.8,1,At-Risk / Low-Engagement Customers,-0.6663720504848093,-0.4524388465861335
12931.0,22,57,92347.34,0,High-Value Loyal Customers,4.341603109147876,1.5677816788390841
12932.0,539,8,1698.56,1,At-Risk / Low-Engagement Customers,0.16143035620022997,1.4305970211082828
12933.0,24,8,1687.03,0,High-Value Loyal Customers,1.1522561929463049,-0.2662193867936797
12934.0,737,1,181.65,1,At-Risk / Low-Engagement Customers,-2.0572923921475454,0.38463661303476143
12935.0,2,15,4243.86,0,High-Value Loyal Customers,2.6780676941440786,-0.9490294762173602
12936.0,17,4,1063.9,0,High-Value Loyal Customers,0.6097498809822729,-0.8004636071742645
12937.0,15,9,3097.61,0,High-Value Loyal Customers,1.641234844787312,-0.2919877313730581
12938.0,26,1,114.14,1,At-Risk / Low-Engagement Customers,-1.1881332153520643,-1.5781126136854013
12939.0,64,20,25264.8,0,High-Value Loyal Customers,2.666803700567179,1.3809439650769204
12940.0,55,2,913.54,1,At-Risk / Low-Engagement Customers,-0.21317084571594247,-0.4069978549860703
12941.0,724,1,377.49,1,At-Risk / Low-Engagement Customers,-1.734519327044424,0.5929436027737512
12942.0,131,3,942.65,1,At-Risk / Low-Engagement Customers,-0.25744177204815394,0.18062004782378033
12943.0,558,2,496.5,1,At-Risk / Low-Engagement Customers,-1.2222106760824778,0.679783131566492
12944.0,36,2,604.51,1,At-Risk / Low-Engagement Customers,-0.2585478396021939,-0.7590191721040068
12945.0,288,2,900.11,1,At-Risk / Low-Engagement Customers,-0.75037340144716,0.4937270891865766
12946.0,437,1,324.45,1,At-Risk / Low-Engagement Customers,-1.6372205708355827,0.2697871553694694
12947.0,144,6,1908.03,0,High-Value Loyal Customers,0.44557322228947666,0.6481866168413374
12948.0,16,9,2317.43,0,High-Value Loyal Customers,1.495419337811816,-0.34537908242849014
12949.0,31,22,15526.7,0,High-Value Loyal Customers,2.7535640372113233,0.8776483257467015
12950.0,2,3,1843.0,0,High-Value Loyal Customers,1.2579548318991585,-1.706048953781199
12951.0,9,15,3213.7200000000003,0,High-Value Loyal Customers,2.1677266209292663,-0.36817368556717583
12952.0,6,4,1387.79,0,High-Value Loyal Customers,1.0307558629434306,-1.2418999407918254
12953.0,10,2,828.8100000000001,0,High-Value Loyal Customers,0.2708874135016925,-1.3337436419208144
12954.0,639,1,162.45,1,At-Risk / Low-Engagement Customers,-2.059536860414608,0.2728057230656719
12955.0,1,11,4757.16,0,High-Value Loyal Customers,2.639456847155836,-1.2437990159006158
12956.0,306,4,521.89,1,At-Risk / Low-Engagement Customers,-0.6171138687029414,0.5511118333486875
12957.0,10,13,8706.97,0,High-Value Loyal Customers,2.468636868689719,-0.06618286538391892
12958.0,400,2,539.49,1,At-Risk / Low-Engagement Customers,-1.0787108250837225,0.5213711000584736
12959.0,484,1,150.95,1,At-Risk / Low-Engagement Customers,-2.0015880351437185,0.09800811146801726
12960.0,414,4,1322.07,1,At-Risk / Low-Engagement Customers,-0.31067963284480393,0.9952646671676455
12961.0,379,1,211.99,1,At-Risk / Low-Engagement Customers,-1.775747297043467,0.06452701551784434
12962.0,7,2,266.39,1,At-Risk / Low-Engagement Customers,-0.11886758946035138,-1.8483971893944864
12963.0,8,12,3601.59,0,High-Value Loyal Customers,2.0929991305425073,-0.46819037028197724
12964.0,437,1,132.24,1,At-Risk / Low-Engagement Customers,-2.025793815449335,0.0024534593736426527
12965.0,89,1,771.91,1,At-Risk / Low-Engagement Customers,-0.7490834329486932,-0.3440873887131638
12966.0,10,1,160.18,1,At-Risk / Low-Engagement Customers,-0.7513584427142365,-1.9726902661784347
12967.0,358,3,4306.92,1,At-Risk / Low-Engagement Customers,0.07965129403153089,1.1870130788365942
12968.0,112,1,135.95,1,At-Risk / Low-Engagement Customers,-1.5756570856618952,-0.7365976994712277
12969.0,603,1,122.45,1,At-Risk / Low-Engagement Customers,-2.162933707652196,0.15685570699811893
12970.0,7,10,1524.97,0,High-Value Loyal Customers,1.62991518821181,-0.8514483220157952
12971.0,4,116,15972.79,0,High-Value Loyal Customers,4.606940299094198,0.45768693179767883
12972.0,414,4,1161.2,1,At-Risk / Low-Engagement Customers,-0.36708662375332496,0.9564573391577946
12973.0,414,1,385.55,1,At-Risk / Low-Engagement Customers,-1.5449140616316286,0.2915390539273954
12974.0,198,2,408.95,1,At-Risk / Low-Engagement Customers,-0.9723812965110157,0.052164333997379575
12975.0,437,6,2100.09,1,At-Risk / Low-Engagement Customers,0.12974058673400887,1.28662512378924
12976.0,212,8,3156.38,0,High-Value Loyal Customers,0.7317979438553472,1.1028996269560603
12977.0,156,4,517.63,1,At-Risk / Low-Engagement Customers,-0.4037833597231817,0.178784985647438
12978.0,385,5,2502.82,1,At-Risk / Low-Engagement Customers,0.1293445178597701,1.2129872219169513
12979.0,729,1,517.7,1,At-Risk / Low-Engagement Customers,-1.5996250171189295,0.6910693761809594
12980.0,158,21,16245.78,0,High-Value Loyal Customers,2.2208515874671835,1.75917418125392
12981.0,30,2,372.21999999999997,1,At-Risk / Low-Engagement Customers,-0.41187240861593993,-1.0014621182465748
12982.0,243,8,2744.81,0,High-Value Loyal Customers,0.627082612116627,1.1360348959468305
12983.0,598,1,490.08000000000004,1,At-Risk / Low-Engagement Customers,-1.5594652876715536,0.5656001173966074
12984.0,19,1,97.5,1,At-Risk / Low-Engagement Customers,-1.1589881733366167,-1.7903643982730366
12985.0,1,2,1239.38,0,High-Value Loyal Customers,0.9971483849308816,-2.153686380793438
12986.0,429,10,2729.84,0,High-Value Loyal Customers,0.5944982333335481,1.5203749494387024
12987.0,74,5,1312.21,0,High-Value Loyal Customers,0.3784368088791844,0.11615582384651164
12988.0,292,1,535.32,1,At-Risk / Low-Engagement Customers,-1.2898440518771508,0.19756433436431028
12989.0,3,33,13551.75,0,High-Value Loyal Customers,3.6650347770732923,-0.16694224330072896
12990.0,31,7,955.5,0,High-Value Loyal Customers,0.7354260761372499,-0.3432136170755228
12991.0,23,3,764.82,1,At-Risk / Low-Engagement Customers,0.20306398475908616,-0.8221590667897153
12992.0,725,1,93.35000000000001,1,At-Risk / Low-Engagement Customers,-2.339403200651437,0.17785776124831573
12993.0,23,8,1259.6299999999999,0,High-Value Loyal Customers,1.0384299977517715,-0.37612968598857455
12994.0,4,3,974.4200000000001,0,High-Value Loyal Customers,0.8156555029491573,-1.6149286122320976
12995.0,85,1,211.32,1,At-Risk / Low-Engagement Customers,-1.296564646568424,-0.7559390975039341
12996.0,376,1,355.5,1,At-Risk / Low-Engagement Customers,-1.549066136841439,0.21434555146042192
12997.0,22,8,2110.91,0,High-Value Loyal Customers,1.2767007052358035,-0.24514661831244686
12998.0,493,3,920.08,1,At-Risk / Low-Engagement Customers,-0.694810614311463,0.9012872921369545
12999.0,196,3,455.88,1,At-Risk / Low-Engagement Customers,-0.7025384623433932,0.18433961068927326
13000.0,107,4,1032.5,1,At-Risk / Low-Engagement Customers,0.017226395069803398,0.1788421671057109
13001.0,4,33,24172.100000000002,0,High-Value Loyal Customers,3.8446382082471047,0.12935241183172286
13002.0,318,3,414.13,1,At-Risk / Low-Engagement Customers,-0.9001211926323099,0.421499069493104
13003.0,106,3,149.05,1,At-Risk / Low-Engagement Customers,-0.9895959070853283,-0.4856278977254641
13004.0,12,36,11650.85,0,High-Value Loyal Customers,3.282564999164663,0.4688705720208501
13005.0,174,4,999.68,1,At-Risk / Low-Engagement Customers,-0.1529179168638839,0.4353955221441257
13006.0,56,1,81.57,1,At-Risk / Low-Engagement Customers,-1.5744748330761837,-1.2655115896920461
13007.0,580,1,175.25,1,At-Risk / Low-Engagement Customers,-1.9954506804932741,0.24202978152359464
13008.0,323,3,612.13,1,At-Risk / Low-Engagement Customers,-0.7354668116145104,0.5468180152209456
13009.0,673,1,234.0,1,At-Risk / Low-Engagement Customers,-1.9183008764338092,0.410041950964864
13010.0,374,2,330.12,1,At-Risk / Low-Engagement Customers,-1.2702291247504043,0.33771845015713964
13011.0,372,1,101.10000000000001,1,At-Risk / Low-Engagement Customers,-2.0896631355845097,-0.1658355197330021
13012.0,9,11,2972.83,0,High-Value Loyal Customers,1.9144196915633724,-0.4967914573673737
13013.0,1,29,12625.77,0,High-Value Loyal Customers,3.7629611602045605,-0.6162543840033724
13014.0,11,11,5381.08,0,High-Value Loyal Customers,2.1135668980220945,-0.2186501736501788
13015.0,53,11,6586.42,0,High-Value Loyal Customers,1.715038701292554,0.6714347458979352
13016.0,73,3,789.89,1,At-Risk / Low-Engagement Customers,-0.14710140901344373,-0.19145236213332464
13017.0,7,1,204.0,1,At-Risk / Low-Engagement Customers,-0.5437247887801536,-2.0763476377502617
13018.0,16,35,9763.16,0,High-Value Loyal Customers,3.0980009933722545,0.553897136518882
13019.0,379,6,1229.95,1,At-Risk / Low-Engagement Customers,-0.05695501929979479,1.0482253767867369
13020.0,563,2,618.96,1,At-Risk / Low-Engagement Customers,-1.1293418233669006,0.7505687389615779
13021.0,4,17,4887.24,0,High-Value Loyal Customers,2.664090914405407,-0.581920233334797
13022.0,430,1,65.3,1,At-Risk / Low-Engagement Customers,-2.3242697779723454,-0.21536536571649562
13023.0,64,3,1449.03,1,At-Risk / Low-Engagement Customers,0.15859177597898205,-0.08151940234095163
13024.0,471,2,555.87,1,At-Risk / Low-Engagement Customers,-1.1184445282539746,0.6202224779285249
13025.0,732,1,323.39,1,At-Risk / Low-Engagement Customers,-1.8051805411078001,0.552824268147887
13026.0,1,9,1733.08,0,High-Value Loyal Customers,2.06121136669956,-1.6126910005431547
13027.0,114,19,17335.2,0,High-Value Loyal Customers,2.2811780128092165,1.5650250669717103
13028.0,23,2,661.3199999999999,1,At-Risk / Low-Engagement Customers,-0.07952930171480403,-0.9709254983251369
13029.0,31,5,1927.3,0,High-Value Loyal Customers,0.8210669688576728,-0.23863938380563204
13030.0,11,2,1227.22,0,High-Value Loyal Customers,0.41336092314605977,-1.1683703274972788
13031.0,407,5,3419.27,1,At-Risk / Low-Engagement Customers,0.24712710289007025,1.3369269986137085
13032.0,52,9,2843.55,0,High-Value Loyal Customers,1.2166443047418685,0.34301024406077274
13033.0,357,2,220.55,1,At-Risk / Low-Engagement Customers,-1.4300636687896982,0.19184256079425988
13034.0,55,3,922.68,1,At-Risk / Low-Engagement Customers,0.01057285262268207,-0.29871922883125596
13035.0,74,3,1364.2,1,At-Risk / Low-Engagement Customers,0.08607974707380626,-0.020636131296752423
13036.0,685,1,307.1,1,At-Risk / Low-Engagement Customers,-1.8061652539530724,0.5008503913563667
13037.0,138,12,3914.9500000000003,0,High-Value Loyal Customers,1.2439924800164053,1.0665374107810826
13038.0,80,3,908.46,1,At-Risk / Low-Engagement Customers,-0.11555322595653028,-0.09978362373020427
13039.0,584,4,1010.73,1,At-Risk / Low-Engagement Customers,-0.5384579983182202,1.1043213738599515
13040.0,9,2,676.99,0,High-Value Loyal Customers,0.21379406907445808,-1.4468003237002716
13041.0,451,4,799.13,1,At-Risk / Low-Engagement Customers,-0.5571311311858931,0.8918177841017528
13042.0,598,3,1556.54,1,At-Risk / Low-Engagement Customers,-0.5285756735372439,1.1648392084990122
13043.0,273,1,516.42,1,At-Risk / Low-Engagement Customers,-1.2837699923990749,0.1498457943762574
13044.0,291,11,4853.9,0,High-Value Loyal Customers,1.0363884182300056,1.5109905707340945
13045.0,99,3,808.92,1,At-Risk / Low-Engagement Customers,-0.23414120174549505,-0.018257004830677385
13046.0,31,3,949.25,1,At-Risk / Low-Engagement Customers,0.20390624324956827,-0.5988923340662518
13047.0,32,24,8795.16,0,High-Value Loyal Customers,2.5599328571852746,0.7550195347243429
13048.0,14,9,4084.21,0,High-Value Loyal Customers,1.7823796900890116,-0.24483938757148652
13049.0,64,4,1408.24,0,High-Value Loyal Customers,0.31636952795038065,-0.00838246860393679
13050.0,15,35,12344.53,0,High-Value Loyal Customers,3.2196734632274397,0.5906783698284235
13051.0,579,2,155.8,1,At-Risk / Low-Engagement Customers,-1.7365207221465975,0.3544908320096418
13052.0,212,7,3168.53,0,High-Value Loyal Customers,0.6436352559338188,1.0609365990159716
13053.0,622,1,127.65,1,At-Risk / Low-Engagement Customers,-2.154998822903774,0.18628968617967015
13055.0,78,4,2321.11,0,High-Value Loyal Customers,0.4705844241273186,0.2487068798335621
13056.0,551,1,209.48,1,At-Risk / Low-Engagement Customers,-1.9016648957594944,0.26691857088147114
13057.0,530,3,722.09,1,At-Risk / Low-Engagement Customers,-0.8234716012762234,0.8686787611894591
13058.0,25,3,271.40000000000003,1,At-Risk / Low-Engagement Customers,-0.2725810052922077,-1.0874380766741756
13059.0,250,10,2303.17,0,High-Value Loyal Customers,0.69468928424227,1.172596062583429
13060.0,254,1,307.53,1,At-Risk / Low-Engagement Customers,-1.4854918902070136,-0.04456493578951757
13061.0,72,1,248.61,1,At-Risk / Low-Engagement Customers,-1.1731569417806575,-0.797897447861939
13062.0,191,1,346.98,1,At-Risk / Low-Engagement Customers,-1.3413596194682695,-0.1650612960943229
13063.0,481,1,188.4,1,At-Risk / Low-Engagement Customers,-1.9037234768869793,0.16053478707428281
13064.0,13,6,1680.74,0,High-Value Loyal Customers,1.1464810184111016,-0.6791322813673475
13065.0,373,5,1260.91,1,At-Risk / Low-Engagement Customers,-0.15857108643009296,0.9904582859081951
13066.0,24,2,470.8,1,At-Risk / Low-Engagement Customers,-0.24031694218051997,-1.0499461990801209
13067.0,82,3,508.51,1,At-Risk / Low-Engagement Customers,-0.37554239270466605,-0.25977223374544123
13068.0,10,2,344.0,1,At-Risk / Low-Engagement Customers,-0.1109832669951963,-1.5964660548114669
13069.0,1,38,9683.13,0,High-Value Loyal Customers,3.847621284225403,-0.5996457112394425
13070.0,192,4,751.7,1,At-Risk / Low-Engagement Customers,-0.308486682061429,0.40415121843238905
13071.0,612,1,129.22,1,At-Risk / Low-Engagement Customers,-2.1444875561511596,0.18099556492363605
13072.0,267,1,177.15,1,At-Risk / Low-Engagement Customers,-1.7405302745851114,-0.18153863358192504
13073.0,411,2,418.08,1,At-Risk / Low-Engagement Customers,-1.198160208831134,0.4601393032655421
13074.0,511,4,1378.74,1,At-Risk / Low-Engagement Customers,-0.36036550648708876,1.1236726563994552
13075.0,130,1,919.61,1,At-Risk / Low-Engagement Customers,-0.7944049594546675,-0.08469015544580699
13076.0,458,1,135.4,1,At-Risk / Low-Engagement Customers,-2.030741518686224,0.03530040001555633
13077.0,1,11,3064.67,0,High-Value Loyal Customers,2.4481870308620732,-1.3753903378226415
13078.0,3,57,29532.45,0,High-Value Loyal Customers,4.411300506645121,0.2617221739402672
13079.0,4,6,419.18,0,High-Value Loyal Customers,0.8760390971620202,-1.662194877611375
13080.0,179,4,280.73,1,At-Risk / Low-Engagement Customers,-0.7135181955493642,0.07151565477749168
13081.0,12,28,59205.15,0,High-Value Loyal Customers,3.8040420405283046,0.8663026118314108
13082.0,126,21,7335.75,0,High-Value Loyal Customers,1.9476231356021774,1.3972485878032759
13083.0,4,3,395.43,0,High-Value Loyal Customers,0.4239008421803774,-1.8844510840919695
13084.0,492,1,122.39999999999999,1,At-Risk / Low-Engagement Customers,-2.097433542352096,0.04473163389609057
13085.0,158,8,2433.28,0,High-Value Loyal Customers,0.713196637707737,0.8637721752571521
13086.0,383,1,439.33000000000004,1,At-Risk / Low-Engagement Customers,-1.4631264593893147,0.287711936517082
13087.0,726,1,313.64,1,At-Risk / Low-Engagement Customers,-1.8158004842848343,0.53915558610832
13088.0,417,1,236.11,1,At-Risk / Low-Engagement Customers,-1.7598954705982817,0.14921003137087133
13089.0,3,203,116737.86,0,High-Value Loyal Customers,5.968553003122831,1.133503277768726
13090.0,9,24,14103.09,0,High-Value Loyal Customers,3.151512459112941,0.2378345756289739
13091.0,28,3,2321.82,0,High-Value Loyal Customers,0.624646166519156,-0.3856282721816841
13092.0,71,12,2140.28,0,High-Value Loyal Customers,1.1940915862109547,0.523014143826687
13093.0,276,55,54943.65,0,High-Value Loyal Customers,3.2840622104839943,2.7720768817747943
13094.0,21,13,2433.1200000000003,0,High-Value Loyal Customers,1.6898476048146058,-0.06543311967617584
13095.0,71,1,74.39999999999999,1,At-Risk / Low-Engagement Customers,-1.689556398015016,-1.1638510872901668
13096.0,394,1,419.70000000000005,1,At-Risk / Low-Engagement Customers,-1.4921037513268456,0.2896382517599785
13097.0,33,28,13389.22,0,High-Value Loyal Customers,2.846313517575974,0.951600539810359
13098.0,1,28,28882.44,0,High-Value Loyal Customers,4.09713132879269,-0.38096926608982395
13099.0,99,1,207.35999999999999,1,At-Risk / Low-Engagement Customers,-1.353536442227167,-0.6783868971805663
13101.0,234,4,695.4,1,At-Risk / Low-Engagement Customers,-0.4059938155567815,0.48947907972553717
13102.0,1,37,11696.92,0,High-Value Loyal Customers,3.9100107375321973,-0.5526002849171909
13103.0,40,3,709.64,1,At-Risk / Low-Engagement Customers,-0.0026739704626924914,-0.5491734449489538
13104.0,3,9,1709.1,0,High-Value Loyal Customers,1.8309709157169063,-1.2345463013294589
13105.0,436,1,72.0,1,At-Risk / Low-Engagement Customers,-2.286853837502706,-0.17892199384547725
13106.0,133,2,603.46,1,At-Risk / Low-Engagement Customers,-0.6755264882828667,-0.049722416999871566
13107.0,44,9,5253.07,0,High-Value Loyal Customers,1.536545696060467,0.4364372202310998
13108.0,373,2,1098.52,1,At-Risk / Low-Engagement Customers,-0.7471753731259537,0.6955061546204708
13109.0,60,3,1134.03,1,At-Risk / Low-Engagement Customers,0.07256554177928162,-0.18986850025408153
13110.0,31,12,2957.4700000000003,0,High-Value Loyal Customers,1.5970228166048748,0.17250580502694363
13111.0,719,1,321.88000000000005,1,At-Risk / Low-Engagement Customers,-1.801423098452225,0.5415576804106643
13112.0,541,1,20.6,1,At-Risk / Low-Engagement Customers,-2.886353775618817,-0.42468713667308156
13113.0,1,37,18625.73,0,High-Value Loyal Customers,4.112415623975757,-0.41334816931062596
13114.0,731,1,234.38,1,At-Risk / Low-Engagement Customers,-1.944296785078111,0.4560572169097364
13115.0,12,10,5494.7,0,High-Value Loyal Customers,2.0304047440099113,-0.20009727558214033
13116.0,138,1,501.14,1,At-Risk / Low-Engagement Customers,-1.0773185373583896,-0.23344678354992798
13117.0,22,18,2643.81,0,High-Value Loyal Customers,1.944506899058746,0.09571515220403103
13118.0,20,9,2415.41,0,High-Value Loyal Customers,1.4450867411076112,-0.21643838376131422
13119.0,669,1,134.9,1,At-Risk / Low-Engagement Customers,-2.1546678664041106,0.24281672049120553
13120.0,239,1,30.599999999999998,1,At-Risk / Low-Engagement Customers,-2.457340920968449,-0.7601132785971619
13121.0,269,1,283.73,1,At-Risk / Low-Engagement Customers,-1.5389076002404252,-0.037069445447335446
13122.0,94,2,922.39,1,At-Risk / Low-Engagement Customers,-0.37991916362406997,-0.11260096223080125
13123.0,473,2,506.75,1,At-Risk / Low-Engagement Customers,-1.1599907902444717,0.5949121976836511
13124.0,90,4,4782.45,0,High-Value Loyal Customers,0.7392922753441625,0.5430377463411494
13125.0,524,1,158.57,1,At-Risk / Low-Engagement Customers,-2.0059291243235897,0.15636638825976484
13126.0,5,13,3998.25,0,High-Value Loyal Customers,2.326107861028672,-0.633435185126837
13127.0,78,1,259.17,1,At-Risk / Low-Engagement Customers,-1.1806750069234702,-0.7419268947977565
13128.0,631,1,263.5,1,At-Risk / Low-Engagement Customers,-1.846037811275804,0.40995357779356023
13129.0,452,2,233.25,1,At-Risk / Low-Engagement Customers,-1.4819318319960575,0.3383433278457324
13130.0,94,1,64.0,1,At-Risk / Low-Engagement Customers,-1.8437917051593997,-1.0553814084855497
13131.0,23,7,3313.77,0,High-Value Loyal Customers,1.3692452700350042,-0.1298409410777872
13132.0,262,1,77.3,1,At-Risk / Low-Engagement Customers,-2.092129364429755,-0.4380126573138684
13133.0,274,3,200.45000000000002,1,At-Risk / Low-Engagement Customers,-1.166721056880453,0.12319348882120772
13134.0,86,6,2475.23,0,High-Value Loyal Customers,0.7239763141440724,0.44430764502144676
13135.0,197,2,3371.45,1,At-Risk / Low-Engagement Customers,-0.05382984349086235,0.6802170056916438
13136.0,56,13,6274.56,0,High-Value Loyal Customers,1.7940214424789087,0.7431626796549586
13137.0,11,16,7712.7,0,High-Value Loyal Customers,2.535826679638461,0.016584161907034312
13138.0,22,7,1467.24,0,High-Value Loyal Customers,1.0286939910798234,-0.3970804044260321
13139.0,16,8,8202.98,0,High-Value Loyal Customers,1.9649147862123089,-0.005651471352272662
13140.0,108,5,1215.68,1,At-Risk / Low-Engagement Customers,0.2243013141432174,0.29950766638049936
13141.0,85,17,7668.58,0,High-Value Loyal Customers,1.9399583958029696,1.1220562909437315
13142.0,19,1,307.09,1,At-Risk / Low-Engagement Customers,-0.6628228532312568,-1.4490086546974175
13143.0,585,1,405.1,1,At-Risk / Low-Engagement Customers,-1.6350419549389072,0.4966196959239995
13144.0,333,2,135.35,1,At-Risk / Low-Engagement Customers,-1.6188304440437316,0.00825874930717034
13145.0,40,7,1423.52,0,High-Value Loyal Customers,0.8285758189602693,-0.08728414039990412
13146.0,26,1,228.91,1,At-Risk / Low-Engagement Customers,-0.8872412644987376,-1.3711025880801346
13147.0,10,4,712.8000000000001,0,High-Value Loyal Customers,0.5949729783517842,-1.191843277054981
13148.0,29,26,8621.81,0,High-Value Loyal Customers,2.6407968166991833,0.7246623103717343
13149.0,14,4,1676.06,0,High-Value Loyal Customers,0.8663250951756293,-0.7650733733465861
13150.0,484,3,449.96999999999997,1,At-Risk / Low-Engagement Customers,-0.9995922403743164,0.6773686040582303
13151.0,296,3,2580.7400000000002,1,At-Risk / Low-Engagement Customers,-0.08180032844159853,0.9291793937032368
13152.0,417,7,2146.38,1,At-Risk / Low-Engagement Customers,0.2561837662217052,1.3162471717893773
13153.0,6,1,486.22,1,At-Risk / Low-Engagement Customers,-0.12386463924237233,-1.8908521347449407
13154.0,399,3,1624.84,1,At-Risk / Low-Engagement Customers,-0.37930399974422196,0.9549674381893306
13155.0,33,6,1750.18,0,High-Value Loyal Customers,0.8771091639433051,-0.17761835394787198
13156.0,385,3,1586.54,1,At-Risk / Low-Engagement Customers,-0.37815370109068475,0.9281807508551183
13157.0,49,9,5687.36,0,High-Value Loyal Customers,1.5370249754792678,0.5183238151723548
13158.0,95,5,1508.18,0,High-Value Loyal Customers,0.35911549717690866,0.29395101136928586
13159.0,9,4,1437.85,0,High-Value Loyal Customers,0.9308056857844415,-1.0345715840613205
13160.0,22,1,91.8,1,At-Risk / Low-Engagement Customers,-1.2301273168049418,-1.7311211559550606
13161.0,313,2,478.88,1,At-Risk / Low-Engagement Customers,-1.0513625123830208,0.3508722889161998
13162.0,122,16,9275.49,0,High-Value Loyal Customers,1.8633958951295304,1.3554455289959604
13163.0,610,1,17.65,1,At-Risk / Low-Engagement Customers,-2.989004072409602,-0.4025512479188092
13164.0,569,2,372.2,1,At-Risk / Low-Engagement Customers,-1.353597613961594,0.6044748031657953
13165.0,46,3,1451.16,0,High-Value Loyal Customers,0.2640978583067709,-0.25991805344928914
13166.0,283,2,884.18,1,At-Risk / Low-Engagement Customers,-0.7524895004908774,0.47876174744788585
13167.0,19,5,1125.15,0,High-Value Loyal Customers,0.739064040573997,-0.6588740890063574
13168.0,36,5,1875.31,0,High-Value Loyal Customers,0.7622192361914132,-0.1667442650389494
13169.0,64,3,840.08,1,At-Risk / Low-Engagement Customers,-0.07838920643335032,-0.24455945408714083
13170.0,27,1,116.00999999999999,1,At-Risk / Low-Engagement Customers,-1.192885634911169,-1.5532309659665315
13171.0,22,3,468.41,1,At-Risk / Low-Engagement Customers,0.003857897012283797,-0.9921547468853771
13172.0,400,1,69.6,1,At-Risk / Low-Engagement Customers,-2.273593611447732,-0.23634764565011096
13173.0,4,11,2639.35,0,High-Value Loyal Customers,2.086850229491503,-0.9147086780716449
13174.0,16,12,9494.84,0,High-Value Loyal Customers,2.3090079162410166,0.17272355713496224
13175.0,582,2,831.45,1,At-Risk / Low-Engagement Customers,-1.0118245815395515,0.8570665309461378
13176.0,46,1,492.84,1,At-Risk / Low-Engagement Customers,-0.7338716970628831,-0.8365085419936278
13177.0,65,2,512.2,1,At-Risk / Low-Engagement Customers,-0.5176948392488415,-0.4893239296580616
13178.0,26,21,14059.19,0,High-Value Loyal Customers,2.7314137338918316,0.7379490938325549
13179.0,619,1,572.3100000000001,1,At-Risk / Low-Engagement Customers,-1.503247137038373,0.6309504812920937
13180.0,607,1,86.10000000000001,1,At-Risk / Low-Engagement Customers,-2.3168240730353737,0.056090414721803074
13181.0,381,1,359.69,1,At-Risk / Low-Engagement Customers,-1.5482433703735063,0.22511035839239338
13182.0,45,1,121.18,1,At-Risk / Low-Engagement Customers,-1.3346338618853015,-1.2664730491012854
13183.0,8,15,7036.18,0,High-Value Loyal Customers,2.5426932156022617,-0.19175805677423552
13184.0,15,10,1701.29,0,High-Value Loyal Customers,1.4533097898992626,-0.4364033547986168
13185.0,268,1,71.4,1,At-Risk / Low-Engagement Customers,-2.133511659484577,-0.4490221155839627
13186.0,40,3,1575.89,0,High-Value Loyal Customers,0.3441235784494201,-0.3105809226945604
13187.0,337,4,367.01,1,At-Risk / Low-Engagement Customers,-0.8010621357535309,0.4990221528485676
13188.0,11,1,114.60000000000001,1,At-Risk / Low-Engagement Customers,-0.9241227804245343,-2.0241967807685004
13189.0,19,2,260.68,1,At-Risk / Low-Engagement Customers,-0.42461159323800535,-1.3494683567944292
13190.0,544,3,570.66,1,At-Risk / Low-Engagement Customers,-0.9341333047879994,0.8126891781306071
13191.0,658,1,164.69,1,At-Risk / Low-Engagement Customers,-2.0630763907124576,0.29301638684994485
13192.0,95,6,2558.58,0,High-Value Loyal Customers,0.7065428251081345,0.5085135355257823
13193.0,61,1,117.88,1,At-Risk / Low-Engagement Customers,-1.443087646606934,-1.1100322219590741
13194.0,136,2,472.78,1,At-Risk / Low-Engagement Customers,-0.788675707485756,-0.11042883806780907
13195.0,414,1,172.38,1,At-Risk / Low-Engagement Customers,-1.8937703733579125,0.051530127739071056
13196.0,11,7,3068.84,0,High-Value Loyal Customers,1.5600269604133925,-0.5351327906884134
13197.0,610,1,373.01000000000005,1,At-Risk / Low-Engagement Customers,-1.6843702332271469,0.4950210656267515
13198.0,10,8,4974.2300000000005,0,High-Value Loyal Customers,1.888091125058016,-0.395473707937297
13199.0,4,67,16432.89,0,High-Value Loyal Customers,4.205400991986903,0.26755234277937123
13200.0,19,4,870.09,0,High-Value Loyal Customers,0.4882650232428011,-0.8024868645386486
13201.0,502,4,1240.6100000000001,1,At-Risk / Low-Engagement Customers,-0.40052725239210235,1.0823140766551995
13202.0,394,7,1580.3,1,At-Risk / Low-Engagement Customers,0.14134568602197797,1.1934307146082477
13203.0,10,10,2648.25,0,High-Value Loyal Customers,1.7669430124754613,-0.5106680190245045
13204.0,731,1,966.6600000000001,1,At-Risk / Low-Engagement Customers,-1.3291981310188763,0.8792376568166737
13205.0,443,1,2803.2,1,At-Risk / Low-Engagement Customers,-0.7045512869018419,0.9219841346516718
13206.0,400,13,8377.32,0,High-Value Loyal Customers,1.2887857500988513,1.905715843586964
13207.0,15,4,535.86,0,High-Value Loyal Customers,0.34984121624590536,-1.0704504359345526
13208.0,59,9,1988.5,0,High-Value Loyal Customers,1.020963194165439,0.3044099593219109
13209.0,30,13,8509.51,0,High-Value Loyal Customers,2.1235582871554497,0.4984192705942884
13210.0,94,1,353.48,1,At-Risk / Low-Engagement Customers,-1.1057389387601835,-0.5476100253128032
13211.0,10,10,2729.32,0,High-Value Loyal Customers,1.780058042365474,-0.5016450369685013
13212.0,20,3,788.08,0,High-Value Loyal Customers,0.25927003084688327,-0.88685319183243
13213.0,57,11,3851.52,0,High-Value Loyal Customers,1.458521948686184,0.5502688604901551
13214.0,418,7,3264.23,0,High-Value Loyal Customers,0.4377553768073986,1.4430158859338376
13215.0,402,1,81.6,1,At-Risk / Low-Engagement Customers,-2.2069001595878808,-0.18661223347927394
13216.0,268,1,333.74,1,At-Risk / Low-Engagement Customers,-1.4673020125841385,0.009322069669973964
13217.0,122,4,666.48,1,At-Risk / Low-Engagement Customers,-0.21506257586956248,0.11970093328768425
13218.0,127,1,62.63999999999999,1,At-Risk / Low-Engagement Customers,-1.9494224581367998,-0.8972612577881742
13219.0,618,1,76.23,1,At-Risk / Low-Engagement Customers,-2.3749527876582315,0.029978014392364968
13220.0,78,5,1336.0900000000001,0,High-Value Loyal Customers,0.369472759931294,0.15020935966961538
13221.0,240,2,847.41,1,At-Risk / Low-Engagement Customers,-0.7178505466540407,0.37550751385549547
13222.0,577,1,88.5,1,At-Risk / Low-Engagement Customers,-2.288631505607671,0.036317621672401455
13223.0,200,6,969.1200000000001,1,At-Risk / Low-Engagement Customers,0.04541597224124202,0.625673577731049
13224.0,60,2,2155.95,1,At-Risk / Low-Engagement Customers,0.13250167812950775,-0.10297882869905518
13225.0,3,16,16260.07,0,High-Value Loyal Customers,3.215636657703847,-0.3661222139144062
13226.0,273,2,312.46,1,At-Risk / Low-Engagement Customers,-1.1925865357179768,0.14823274057934746
13227.0,202,1,257.7,1,At-Risk / Low-Engagement Customers,-1.4883759287197653,-0.22308259666219435
13228.0,81,1,358.0,1,At-Risk / Low-Engagement Customers,-1.0526314109814952,-0.6249836233476653
13229.0,226,1,160.95,1,At-Risk / Low-Engagement Customers,-1.728311790906135,-0.30165739321880247
13230.0,4,30,6360.78,0,High-Value Loyal Customers,3.193349213272918,-0.30406715965549125
13232.0,13,7,1357.6,0,High-Value Loyal Customers,1.1554860671356395,-0.6941279723629553
13233.0,74,4,1176.46,1,At-Risk / Low-Engagement Customers,0.19190265850247384,0.016756500073360464
13234.0,673,2,356.95,1,At-Risk / Low-Engagement Customers,-1.425954796474317,0.6844239335297525
13235.0,212,1,1031.07,1,At-Risk / Low-Engagement Customers,-0.9018944127195129,0.21763187443137857
13236.0,25,2,744.85,1,At-Risk / Low-Engagement Customers,-0.0537373012207999,-0.8912219190847395
13237.0,388,1,643.0,1,At-Risk / Low-Engagement Customers,-1.3018949233251078,0.4086513208055355
13238.0,17,6,1006.63,0,High-Value Loyal Customers,0.8423267038392136,-0.6938507596582494
13239.0,262,5,1594.69,1,At-Risk / Low-Engagement Customers,0.05741792886869103,0.8665032270006858
13240.0,96,8,1738.52,0,High-Value Loyal Customers,0.7268179998427311,0.4906012852464671
13241.0,412,1,115.58,1,At-Risk / Low-Engagement Customers,-2.064904467206066,-0.06994755664512774
13242.0,112,7,699.4,1,At-Risk / Low-Engagement Customers,0.19178421035366744,0.25937954271339536
13243.0,203,5,1278.04,1,At-Risk / Low-Engagement Customers,0.043335421679251626,0.6601734381657115
13244.0,93,1,121.74000000000001,1,At-Risk / Low-Engagement Customers,-1.5637813618494938,-0.8709290142715405
13245.0,51,2,989.22,1,At-Risk / Low-Engagement Customers,-0.1546090224912071,-0.42407309738021814
13246.0,18,11,3387.43,0,High-Value Loyal Customers,1.7636158399445148,-0.10370015349806727
13247.0,18,4,501.12,0,High-Value Loyal Customers,0.26515271232814264,-0.9956902535467714
13248.0,125,2,465.68,1,At-Risk / Low-Engagement Customers,-0.7681750701998402,-0.16111389816516417
13249.0,92,9,1608.93,0,High-Value Loyal Customers,0.7871118555567187,0.48276489818144536
13250.0,461,2,256.04,1,At-Risk / Low-Engagement Customers,-1.4478981699244113,0.376986256242442
13251.0,402,1,252.68,1,At-Risk / Low-Engagement Customers,-1.7186848337895806,0.14927401009676433
13252.0,394,2,399.3,1,At-Risk / Low-Engagement Customers,-1.2044803278977667,0.423173520911129
13253.0,157,4,2951.11,0,High-Value Loyal Customers,0.3508471192574398,0.7028764080311971
13254.0,376,1,51.410000000000004,1,At-Risk / Low-Engagement Customers,-2.3832649384280966,-0.3595731418997588
13255.0,9,3,904.46,0,High-Value Loyal Customers,0.559091268099573,-1.2548943581694496
13257.0,436,1,149.75,1,At-Risk / Low-Engagement Customers,-1.9713318184801585,0.038153341841126835
13258.0,12,5,1035.18,0,High-Value Loyal Customers,0.8421617659401764,-0.9214020396058396
13259.0,62,9,1433.38,0,High-Value Loyal Customers,0.862838412019051,0.23338922742553997
13260.0,61,1,557.62,1,At-Risk / Low-Engagement Customers,-0.7698262295876023,-0.6468365040910727
13261.0,269,2,944.1,1,At-Risk / Low-Engagement Customers,-0.707640358000661,0.4704862005632935
13262.0,263,3,573.45,1,At-Risk / Low-Engagement Customers,-0.6975841860823564,0.4143547333343246
13263.0,1,39,8704.69,0,High-Value Loyal Customers,3.8205876123478926,-0.6222624155369413
13264.0,443,1,722.5600000000001,1,At-Risk / Low-Engagement Customers,-1.2939833495177357,0.5164619994511837
13265.0,53,5,2107.66,0,High-Value Loyal Customers,0.6907395271694983,0.07672979787117738
13266.0,11,19,6135.04,0,High-Value Loyal Customers,2.5602208608440225,0.007575767657925859
13267.0,3,36,9758.26,0,High-Value Loyal Customers,3.586650592884491,-0.2342886338460838
13268.0,18,11,3214.69,0,High-Value Loyal Customers,1.7408491011267868,-0.1193633946457297
13269.0,1,28,8891.7,0,High-Value Loyal Customers,3.584561557588707,-0.7336110737570071
13270.0,366,1,1180.0,1,At-Risk / Low-Engagement Customers,-1.0192105185592184,0.5580701136621492
13271.0,37,1,217.38,1,At-Risk / Low-Engagement Customers,-1.0201584242010913,-1.1980086775980532
13272.0,31,2,276.56,1,At-Risk / Low-Engagement Customers,-0.5509887182002678,-1.072596609744406
13273.0,113,1,138.98,1,At-Risk / Low-Engagement Customers,-1.5689849852304685,-0.7251872939221589
13274.0,409,1,360.85,1,At-Risk / Low-Engagement Customers,-1.5697243054292953,0.26508707363758766
13275.0,384,2,241.66,1,At-Risk / Low-Engagement Customers,-1.4139798755052528,0.25919122029826613
13276.0,64,5,1939.26,0,High-Value Loyal Customers,0.5945613111651439,0.15407619878712503
13277.0,16,7,523.3,0,High-Value Loyal Customers,0.6784078189354593,-0.872060880293076
13278.0,41,4,1435.85,0,High-Value Loyal Customers,0.4660573898588306,-0.24345089397953892
13279.0,78,1,137.75,1,At-Risk / Low-Engagement Customers,-1.4542086004692087,-0.930114701228664
13280.0,122,7,2322.63,0,High-Value Loyal Customers,0.6861513475664223,0.6651369691672775
13281.0,439,1,350.85,1,At-Risk / Low-Engagement Customers,-1.604757563291389,0.29564785223587786
13282.0,18,4,1313.19,0,High-Value Loyal Customers,0.683782914563499,-0.7076777339758412
13283.0,60,4,373.36,1,At-Risk / Low-Engagement Customers,-0.23985818145988813,-0.4402244986042456
13284.0,331,1,201.19,1,At-Risk / Low-Engagement Customers,-1.7547148095062048,-0.025530990130241196
13285.0,23,6,3364.59,0,High-Value Loyal Customers,1.2740202295610232,-0.17416356235048774
13286.0,600,1,734.91,1,At-Risk / Low-Engagement Customers,-1.3845431729643647,0.6885246679160528
13287.0,603,3,781.59,1,At-Risk / Low-Engagement Customers,-0.8307267485926996,0.9633974896859153
13288.0,443,5,927.61,1,At-Risk / Low-Engagement Customers,-0.34750433938147224,0.9932814452402392
13289.0,724,1,307.95,1,At-Risk / Low-Engagement Customers,-1.8228500246126091,0.532173150412151
13290.0,438,1,208.63,1,At-Risk / Low-Engagement Customers,-1.8293453825516999,0.1393728852243244
13291.0,156,11,3320.84,0,High-Value Loyal Customers,1.0719675512238722,1.0551493551276305
13292.0,39,5,994.51,0,High-Value Loyal Customers,0.4612319736013618,-0.31347184640122866
13293.0,392,6,1192.94,1,At-Risk / Low-Engagement Customers,-0.08111717086343137,1.0576406943623409
13294.0,190,3,1689.53,1,At-Risk / Low-Engagement Customers,-0.12325397362373915,0.5589379900396616
13295.0,360,4,1101.97,1,At-Risk / Low-Engagement Customers,-0.34476046610972794,0.8639110878490338
13296.0,137,6,792.51,1,At-Risk / Low-Engagement Customers,0.07960469122995678,0.35810345500448043
13297.0,8,7,4368.62,0,High-Value Loyal Customers,1.8066846952097855,-0.5881225193168276
13298.0,1,1,360.0,1,At-Risk / Low-Engagement Customers,0.15085013420672355,-2.671583178976477
13299.0,268,3,1218.7,1,At-Risk / Low-Engagement Customers,-0.3760415267329504,0.6500955908708939
13300.0,169,3,1285.51,1,At-Risk / Low-Engagement Customers,-0.20441397959692828,0.41294060177023945
13301.0,104,4,618.09,1,At-Risk / Low-Engagement Customers,-0.19663432745386286,0.009902225780497721
13302.0,155,2,159.2,1,At-Risk / Low-Engagement Customers,-1.3024734084343876,-0.3633824972704766
13303.0,400,1,61.72,1,At-Risk / Low-Engagement Customers,-2.325088154856506,-0.27177526915200395
13304.0,351,4,1217.99,1,At-Risk / Low-Engagement Customers,-0.2930775300318684,0.8799254401723738
13305.0,4,16,3754.71,0,High-Value Loyal Customers,2.5058218430331065,-0.6817365624090506
13306.0,430,1,53.65,1,At-Risk / Low-Engagement Customers,-2.408349711939567,-0.27321134409538617
13307.0,120,3,273.34,1,At-Risk / Low-Engagement Customers,-0.766822838157449,-0.23718123100081992
13308.0,23,4,1670.3700000000001,0,High-Value Loyal Customers,0.7128351355799443,-0.5068549288384842
13309.0,7,6,1706.3700000000001,0,High-Value Loyal Customers,1.3340561402567146,-0.9832670059293898
13310.0,28,5,1541.2,0,High-Value Loyal Customers,0.7556900748871264,-0.3598178169716707
13311.0,4,2,598.57,0,High-Value Loyal Customers,0.38449262620180275,-1.8659091262627534
13312.0,451,1,124.75,1,At-Risk / Low-Engagement Customers,-2.0611433502495196,0.0024883116869640104
13313.0,22,12,3445.32,0,High-Value Loyal Customers,1.7702435356591655,0.03604799779638501
13314.0,2,3,775.94,0,High-Value Loyal Customers,0.8818810799660964,-1.9647831498816501
13315.0,689,1,310.26,1,At-Risk / Low-Engagement Customers,-1.8036057580180531,0.5071117376772434
13316.0,37,10,13191.57,0,High-Value Loyal Customers,2.0645024473394016,0.6536620029821104
13317.0,66,19,6486.091,0,High-Value Loyal Customers,2.0282049297087563,0.9727971794431397
13318.0,1,3,640.76,0,High-Value Loyal Customers,0.9298491641865718,-2.2456417654213143
13319.0,5,58,22082.5,0,High-Value Loyal Customers,4.1667189247516845,0.40460024095525654
13320.0,78,6,2228.1,0,High-Value Loyal Customers,0.709427416692056,0.35963077637557866
13321.0,72,2,567.36,1,At-Risk / Low-Engagement Customers,-0.5058780849372927,-0.4031638290394782
13322.0,17,1,199.48000000000002,1,At-Risk / Low-Engagement Customers,-0.815701256322905,-1.63574400482892
13323.0,3,5,787.85,0,High-Value Loyal Customers,1.104707225710213,-1.6531403555759359
13324.0,36,18,10513.47,0,High-Value Loyal Customers,2.391253869480863,0.7710848844683911
13325.0,82,1,675.3,1,At-Risk / Low-Engagement Customers,-0.7809936921557304,-0.4287173233967867
13326.0,432,1,281.76,1,At-Risk / Low-Engagement Customers,-1.694687493888255,0.22136331983455682
13327.0,39,20,9879.48,0,High-Value Loyal Customers,2.41531361952054,0.8321027564637759
13328.0,316,1,1308.48,1,At-Risk / Low-Engagement Customers,-0.9269089358126007,0.5082015228059342
13329.0,32,8,5112.97,0,High-Value Loyal Customers,1.5447390801887118,0.21871165949056137
13330.0,93,6,2806.18,0,High-Value Loyal Customers,0.7535284052970762,0.5245421460207796
13331.0,402,1,262.4,1,At-Risk / Low-Engagement Customers,-1.702324826929257,0.1605294970895313
13332.0,14,1,350.9,1,At-Risk / Low-Engagement Customers,-0.5119297145129549,-1.567883268016108
13333.0,411,3,1015.74,1,At-Risk / Low-Engagement Customers,-0.5931123144118328,0.8307506078791888
13334.0,82,5,6263.75,0,High-Value Loyal Customers,1.025492355909414,0.6397765704374085
13336.0,77,1,795.12,1,At-Risk / Low-Engagement Customers,-0.6899273751386988,-0.4141594064505055
13337.0,546,1,1575.26,1,At-Risk / Low-Engagement Customers,-1.0226735890972662,0.8646104764958706
13338.0,158,4,2445.62,1,At-Risk / Low-Engagement Customers,0.2670883842033451,0.650135175695968
13339.0,201,1,860.12,1,At-Risk / Low-Engagement Customers,-0.963537145321245,0.1341775467187814
13340.0,45,12,22100.56,0,High-Value Loyal Customers,2.354635025433753,0.974649626604813
13341.0,261,1,775.85,1,At-Risk / Low-Engagement Customers,-1.0924625937700658,0.24679714127382227
13343.0,178,1,353.43,1,At-Risk / Low-Engagement Customers,-1.3106933188815428,-0.1982332580322898
13344.0,68,3,2543.72,0,High-Value Loyal Customers,0.3839957719270587,0.11978294125066015
13345.0,288,1,389.5,1,At-Risk / Low-Engagement Customers,-1.423458315955758,0.09499897286248134
13346.0,463,6,299.4,1,At-Risk / Low-Engagement Customers,-0.7352306860688357,0.7361728275253211
13347.0,70,1,341.36,1,At-Risk / Low-Engagement Customers,-1.0266952752419254,-0.7186370351832911
13348.0,64,1,233.76,1,At-Risk / Low-Engagement Customers,-1.162303806099457,-0.8802790943751468
13349.0,11,1,247.32,1,At-Risk / Low-Engagement Customers,-0.5914494177361326,-1.7953215279310253
13350.0,16,2,979.12,1,At-Risk / Low-Engagement Customers,0.202529878111943,-1.0438043138973276
13351.0,66,1,373.94,1,At-Risk / Low-Engagement Customers,-0.9683883003864107,-0.7234089810502257
13352.0,60,1,397.97999999999996,1,At-Risk / Low-Engagement Customers,-0.9110052090684716,-0.7565527853113853
13354.0,71,1,743.53,1,At-Risk / Low-Engagement Customers,-0.6931901301597734,-0.4783631370941159
13355.0,122,1,674.7,1,At-Risk / Low-Engagement Customers,-0.9085973191395892,-0.21202983121647015
13356.0,80,1,768.24,1,At-Risk / Low-Engagement Customers,-0.717078068003117,-0.40362494094132284
13357.0,257,5,3838.36,0,High-Value Loyal Customers,0.44564760973886197,1.1187426289574465
13358.0,269,1,439.03,1,At-Risk / Low-Engagement Customers,-1.3495058420043624,0.09323667510835304
13359.0,64,2,1043.31,1,At-Risk / Low-Engagement Customers,-0.20363852515974268,-0.28507513747236923
13360.0,432,4,1553.65,1,At-Risk / Low-Engagement Customers,-0.2542315301013197,1.066966856760243
13361.0,472,2,1450.5,1,At-Risk / Low-Engagement Customers,-0.7022895794782358,0.9081703059142503
13362.0,9,7,5394.07,0,High-Value Loyal Customers,1.8643326269698273,-0.46690458250545486
13363.0,18,3,1723.86,0,High-Value Loyal Customers,0.631906035797817,-0.7079561468658762
13364.0,71,1,134.95999999999998,1,At-Risk / Low-Engagement Customers,-1.4330389066076845,-0.9873701534737767
13365.0,34,2,2225.37,0,High-Value Loyal Customers,0.3259558763716487,-0.39990286770783634
13366.0,50,1,56.160000000000004,1,At-Risk / Low-Engagement Customers,-1.698529680110595,-1.4369567192449348
13367.0,432,1,510.20000000000005,1,At-Risk / Low-Engagement Customers,-1.4370348264606723,0.398625241033136
13368.0,257,4,1121.5,1,At-Risk / Low-Engagement Customers,-0.22847899233638988,0.6838855914608315
13369.0,366,1,616.5600000000001,1,At-Risk / Low-Engagement Customers,-1.3013065708500116,0.3639914391005689
13370.0,372,1,1509.74,1,At-Risk / Low-Engagement Customers,-0.9173160298403455,0.640725120025224
13371.0,505,2,2297.66,1,At-Risk / Low-Engagement Customers,-0.5240716261880622,1.0829866590729724
13372.0,90,1,378.64,1,At-Risk / Low-Engagement Customers,-1.0619902277218758,-0.5508100886569628
13373.0,61,6,7587.1900000000005,0,High-Value Loyal Customers,1.3207989844844281,0.5926784233967566
13374.0,415,2,422.8,1,At-Risk / Low-Engagement Customers,-1.196412026505548,0.4688210675020223
13375.0,89,2,1792.23,1,At-Risk / Low-Engagement Customers,-0.07364383511719752,0.05626072127836931
13376.0,99,3,1019.76,1,At-Risk / Low-Engagement Customers,-0.13347221836897105,0.05100203904646795
13377.0,397,2,1552.88,1,At-Risk / Low-Engagement Customers,-0.6167966280187049,0.8333496351241395
13379.0,26,3,572.56,1,At-Risk / Low-Engagement Customers,0.03918785853821404,-0.8437310523426249
13380.0,433,1,62.4,1,At-Risk / Low-Engagement Customers,-2.345973711031022,-0.22492808703418601
13381.0,32,12,8224.37,0,High-Value Loyal Customers,2.0319872618989145,0.49557563336189936
13382.0,281,5,1387.58,1,At-Risk / Low-Engagement Customers,-0.025632251166577722,0.8633597343086075
13383.0,544,1,305.28000000000003,1,At-Risk / Low-Engagement Customers,-1.7343255240871636,0.372167106464762
13384.0,31,11,6680.83,0,High-Value Loyal Customers,1.8904621463910956,0.3870910695369056
13385.0,330,1,534.57,1,At-Risk / Low-Engagement Customers,-1.3298933195650287,0.2644059933343564
13386.0,414,2,835.46,1,At-Risk / Low-Engagement Customers,-0.8997985021332231,0.6710245920422613
13387.0,417,1,189.44,1,At-Risk / Low-Engagement Customers,-1.8552647629698102,0.08359711085306726
13388.0,131,3,1185.65,1,At-Risk / Low-Engagement Customers,-0.15774441844829717,0.24921062215770157
13389.0,11,3,797.96,0,High-Value Loyal Customers,0.44567818829530476,-1.191790773795802
13390.0,75,1,544.08,1,At-Risk / Low-Engagement Customers,-0.8463514588213852,-0.5418842392464164
13391.0,204,1,59.8,1,At-Risk / Low-Engagement Customers,-2.121612938471637,-0.6511529825687664
13392.0,677,1,91.14,1,At-Risk / Low-Engagement Customers,-2.3275929084071425,0.13303431372620128
13393.0,584,4,1131.45,1,At-Risk / Low-Engagement Customers,-0.4894122582446441,1.1380642502634797
13394.0,2,19,6621.7,0,High-Value Loyal Customers,3.0417926936400543,-0.7342033252630363
13395.0,185,3,1180.23,1,At-Risk / Low-Engagement Customers,-0.27065341638143225,0.4369952788482206
13396.0,29,2,1360.99,1,At-Risk / Low-Engagement Customers,0.1619905567905658,-0.6320330895108653
13397.0,73,10,3191.87,0,High-Value Loyal Customers,1.2316484059492006,0.5965726332562555
13398.0,192,2,670.34,1,At-Risk / Low-Engagement Customers,-0.7478684614159896,0.18292845145818246
13399.0,464,3,275.4,1,At-Risk / Low-Engagement Customers,-1.198978576917608,0.5075958001178003
13400.0,583,1,310.83,1,At-Risk / Low-Engagement Customers,-1.748865338603957,0.4156641735456765
13402.0,127,4,1535.13,1,At-Risk / Low-Engagement Customers,0.13471529772459723,0.3911875725429577
13403.0,18,3,229.5,1,At-Risk / Low-Engagement Customers,-0.24380762053975302,-1.3104365585459148
13404.0,1,2,252.49,0,High-Value Loyal Customers,0.306267918538053,-2.629003791686475
13405.0,74,6,1213.811,0,High-Value Loyal Customers,0.4621198656278128,0.14926547704413612
13406.0,427,2,568.92,1,At-Risk / Low-Engagement Customers,-1.0767166158021846,0.5731831353580058
13407.0,579,3,2244.7,1,At-Risk / Low-Engagement Customers,-0.3589415303020021,1.2565943324342552
13408.0,2,106,51733.462,0,High-Value Loyal Customers,5.215334495831262,0.49501666748793444
13410.0,24,9,2201.96,0,High-Value Loyal Customers,1.3484574466118002,-0.14795571246260816
13411.0,107,1,213.55,1,At-Risk / Low-Engagement Customers,-1.3656897231450285,-0.6271746514932679
13412.0,620,1,487.34999999999997,1,At-Risk / Low-Engagement Customers,-1.5735566542430686,0.5838258842059683
13413.0,640,6,429.44,1,At-Risk / Low-Engagement Customers,-0.6832398891799044,1.0220799998568797
13414.0,134,6,2494.14,0,High-Value Loyal Customers,0.5851839882613193,0.688922596370979
13415.0,473,4,800.67,1,At-Risk / Low-Engagement Customers,-0.5716653432836942,0.9186064078369246
13416.0,44,3,940.8000000000001,1,At-Risk / Low-Engagement Customers,0.08975542637713856,-0.41352424259484843
13417.0,5,6,1669.49,0,High-Value Loyal Customers,1.4175984289915222,-1.14847819003397
13418.0,12,31,12233.6,0,High-Value Loyal Customers,3.1930682599020597,0.43033787286761127
13419.0,64,1,221.06,1,At-Risk / Low-Engagement Customers,-1.1865026340001008,-0.8969275955036187
13420.0,150,2,159.85,1,At-Risk / Low-Engagement Customers,-1.2901756064796577,-0.38013813110899336
13421.0,40,8,4103.12,0,High-Value Loyal Customers,1.3788184949895574,0.2725843346569703
13422.0,64,1,2626.3,1,At-Risk / Low-Engagement Customers,-0.11146138491955963,-0.1573122090908307
13423.0,429,1,217.03,1,At-Risk / Low-Engagement Customers,-1.8055512247237826,0.13970864711753408
13424.0,450,1,572.77,1,At-Risk / Low-Engagement Customers,-1.3999672768727573,0.4556550084440812
13425.0,108,5,3403.63,0,High-Value Loyal Customers,0.6720286148356639,0.6075386380222109
13426.0,1,22,8167.38,0,High-Value Loyal Customers,3.370798558879895,-0.843891170454713
13427.0,19,6,1006.53,0,High-Value Loyal Customers,0.8082072322286569,-0.6357676872644915
13428.0,10,3,499.98,0,High-Value Loyal Customers,0.27073707056656726,-1.3795014101776892
13429.0,11,4,1006.8,0,High-Value Loyal Customers,0.7169085522425614,-1.0405998142083075
13430.0,19,2,679.45,1,At-Risk / Low-Engagement Customers,-0.00881161214330376,-1.0634029951622008
13431.0,67,8,3316.24,0,High-Value Loyal Customers,1.122570331427579,0.4879204179404179
13432.0,571,2,439.1,1,At-Risk / Low-Engagement Customers,-1.2829871219829319,0.655765264177635
13433.0,501,4,658.3199999999999,1,At-Risk / Low-Engagement Customers,-0.6752854182603858,0.8917433325961258
13434.0,74,5,1666.8600000000001,0,High-Value Loyal Customers,0.48245592304614215,0.1877197172177757
13435.0,5,9,4475.2300000000005,0,High-Value Loyal Customers,2.118503643881397,-0.7228671817336563
13436.0,2,1,196.89,1,At-Risk / Low-Engagement Customers,-0.2418581077521776,-2.6279016254293506
13437.0,14,7,3408.06,0,High-Value Loyal Customers,1.5334604492093091,-0.3806805641408632
13438.0,547,1,46.5,1,At-Risk / Low-Engagement Customers,-2.547036101245209,-0.18271867386617066
13439.0,255,3,986.61,1,At-Risk / Low-Engagement Customers,-0.45185954873332995,0.5595907670456907
13440.0,423,7,1295.25,1,At-Risk / Low-Engagement Customers,0.03194517400620055,1.1730058535186405
13441.0,92,2,720.9,1,At-Risk / Low-Engagement Customers,-0.4801450867684678,-0.19802547112835803
13442.0,667,3,419.87,1,At-Risk / Low-Engagement Customers,-1.133189132566297,0.8332671148078167
13443.0,449,6,1280.16,1,At-Risk / Low-Engagement Customers,-0.09424328217785298,1.153449126907541
13444.0,374,2,631.6800000000001,1,At-Risk / Low-Engagement Customers,-0.9885058130883279,0.531540683671108
13445.0,626,1,241.89999999999998,1,At-Risk / Low-Engagement Customers,-1.8805360763632153,0.3800708304084559
13446.0,430,11,3881.89,0,High-Value Loyal Customers,0.8132550555582556,1.6588666214913488
13447.0,23,3,1129.14,0,High-Value Loyal Customers,0.372384832847797,-0.7056683697174111
13448.0,17,13,9240.87,0,High-Value Loyal Customers,2.3352485088161226,0.22326089462018878
13449.0,24,1,291.88,1,At-Risk / Low-Engagement Customers,-0.7570220992845631,-1.3410869323165162
13450.0,27,13,4120.04,0,High-Value Loyal Customers,1.840941075166525,0.2251946871502863
13451.0,26,11,7190.92,0,High-Value Loyal Customers,1.9774208773734723,0.3154031650867737
13452.0,259,3,729.8,1,At-Risk / Low-Engagement Customers,-0.587904942675927,0.4779945709927741
13453.0,166,3,781.6899999999999,1,At-Risk / Low-Engagement Customers,-0.41488154079144385,0.2543593628745603
13454.0,641,1,219.87,1,At-Risk / Low-Engagement Customers,-1.9295502457629345,0.364650152987637
13455.0,25,6,2905.93,0,High-Value Loyal Customers,1.1843870285453497,-0.17387112671910934
13456.0,18,6,1766.72,0,High-Value Loyal Customers,1.0694077954176608,-0.4957696722974335
13457.0,689,2,148.22,1,At-Risk / Low-Engagement Customers,-1.8142471124062056,0.4354444445199324
13458.0,7,16,11959.27,0,High-Value Loyal Customers,2.8577980830756315,-0.07576348161721196
13459.0,625,2,1160.4099999999999,1,At-Risk / Low-Engagement Customers,-0.8899433496335829,0.9960049304909142
13460.0,29,2,183.44,1,At-Risk / Low-Engagement Customers,-0.707948229908989,-1.2305404606750567
13461.0,39,6,4160.0,0,High-Value Loyal Customers,1.2011145453070398,0.1710951422557921
13462.0,253,5,1153.85,1,At-Risk / Low-Engagement Customers,-0.07200539267617313,0.7505084642531695
13464.0,58,6,3097.64,0,High-Value Loyal Customers,0.9471471539008395,0.2972187675553488
13465.0,446,2,931.12,1,At-Risk / Low-Engagement Customers,-0.8767081957804486,0.7444087326323685
13466.0,184,5,1013.35,1,At-Risk / Low-Engagement Customers,-0.025929300293000935,0.5368434262051375
13467.0,11,2,1083.71,0,High-Value Loyal Customers,0.3592977267449556,-1.2055651532131406
13468.0,2,72,13390.51,0,High-Value Loyal Customers,4.33565368135978,-0.04951215593953659
13469.0,653,1,82.4,1,At-Risk / Low-Engagement Customers,-2.3592995769172336,0.08332292412547466
13470.0,99,2,165.0,1,At-Risk / Low-Engagement Customers,-1.143176235510427,-0.5980077873238304
13471.0,1,4,2531.58,0,High-Value Loyal Customers,1.6973448739099055,-1.7530262458056585
13472.0,464,2,592.24,1,At-Risk / Low-Engagement Customers,-1.086084172654298,0.6309201199431025
13473.0,61,8,2657.7599999999998,0,High-Value Loyal Customers,1.0561691860909244,0.3707334289210704
13474.0,236,3,663.79,1,At-Risk / Low-Engagement Customers,-0.5991395465435284,0.39856939396167146
13475.0,191,4,1431.78,1,At-Risk / Low-Engagement Customers,-0.026727393302420493,0.5939770300544617
13476.0,179,5,2061.4700000000003,0,High-Value Loyal Customers,0.2917070299276734,0.734164543514698
13477.0,38,11,2834.17,0,High-Value Loyal Customers,1.45346930555606,0.23957707984239773
13478.0,469,5,2215.78,1,At-Risk / Low-Engagement Customers,0.012684361987648569,1.2851380352984192
13479.0,201,4,851.37,1,At-Risk / Low-Engagement Customers,-0.2691206185545592,0.46651496761139694
13480.0,417,2,627.82,1,At-Risk / Low-Engagement Customers,-1.026278129232607,0.5895837257773816
13481.0,46,11,3830.84,0,High-Value Loyal Customers,1.5241949720327979,0.4326668572193477
13482.0,232,2,336.09,1,At-Risk / Low-Engagement Customers,-1.1085399649761614,0.0805863477036595
13483.0,66,1,140.34,1,At-Risk / Low-Engagement Customers,-1.3928754593340915,-1.0154510160520234
13484.0,241,3,790.72,1,At-Risk / Low-Engagement Customers,-0.5298631750835281,0.4623915001005748
13485.0,233,11,3019.2200000000003,0,High-Value Loyal Customers,0.9014791203114294,1.2467692750961448
13486.0,78,3,1122.41,1,At-Risk / Low-Engagement Customers,-0.01554129950575847,-0.050329489991242586
13487.0,58,5,846.87,0,High-Value Loyal Customers,0.26568360387124895,-0.14715664024115052
13488.0,17,23,15587.88,0,High-Value Loyal Customers,2.973822969751061,0.5770551802961238
13489.0,105,4,449.52,1,At-Risk / Low-Engagement Customers,-0.3379972436955813,-0.08001650097098208
13490.0,654,1,154.25,1,At-Risk / Low-Engagement Customers,-2.0894247001595794,0.2701762733428223
13491.0,52,27,4566.56,0,High-Value Loyal Customers,2.207995479760273,0.8616501712284723
13492.0,136,3,1269.84,1,At-Risk / Low-Engagement Customers,-0.13994529053625454,0.29023551409940085
13493.0,275,2,618.63,1,At-Risk / Low-Engagement Customers,-0.8984362846707653,0.3562342135317431
13494.0,312,1,316.26000000000005,1,At-Risk / Low-Engagement Customers,-1.5396340903377597,0.07682437619977646
13495.0,8,10,5374.26,0,High-Value Loyal Customers,2.1396948575613184,-0.4095532620240431
13496.0,11,2,653.33,1,At-Risk / Low-Engagement Customers,0.13937137312354342,-1.356871826473517
13497.0,283,6,1320.33,1,At-Risk / Low-Engagement Customers,0.06805384176990834,0.9088218672960053
13498.0,730,1,327.38,1,At-Risk / Low-Engagement Customers,-1.7989777180274065,0.5549767773232799
13499.0,18,5,1159.11,0,High-Value Loyal Customers,0.7685806069075772,-0.6782718637417331
13500.0,23,4,1466.3,0,High-Value Loyal Customers,0.6561759409861815,-0.5458357699356463
13501.0,288,3,2885.11,1,At-Risk / Low-Engagement Customers,-0.024478372179255085,0.9474797620169065
13502.0,17,5,780.5,0,High-Value Loyal Customers,0.6141770522269078,-0.8263516840980002
13503.0,71,6,1905.39,0,High-Value Loyal Customers,0.6713908932666991,0.2616421622037691
13504.0,64,1,295.93,1,At-Risk / Low-Engagement Customers,-1.060083476152819,-0.8099527428073464
13505.0,73,4,4393.63,0,High-Value Loyal Customers,0.7692872694885264,0.40359972048076936
13506.0,316,5,1639.2,1,At-Risk / Low-Engagement Customers,0.008989503154137138,0.9777416635071994
13507.0,3,4,2479.16,0,High-Value Loyal Customers,1.4640629074572107,-1.376974072475578
13508.0,244,2,287.05,1,At-Risk / Low-Engagement Customers,-1.1931876927645562,0.061223552066808073
13509.0,9,8,1114.72,0,High-Value Loyal Customers,1.268447643333913,-0.8955580851928546
13510.0,1,11,4558.29,0,High-Value Loyal Customers,2.620880429811254,-1.2565793665190033
13511.0,677,1,282.76,1,At-Risk / Low-Engagement Customers,-1.8381785639735024,0.46974546763200753
13512.0,261,4,713.39,1,At-Risk / Low-Engagement Customers,-0.4300719881783407,0.5571011154635296
13513.0,127,3,824.59,1,At-Risk / Low-Engagement Customers,-0.3056442447299698,0.12363778223864304
13514.0,74,4,815.9000000000001,1,At-Risk / Low-Engagement Customers,0.032829168877474176,-0.09268413822554288
13515.0,73,6,1265.82,0,High-Value Loyal Customers,0.4847013759761163,0.15441086956618977
13516.0,21,4,1685.26,0,High-Value Loyal Customers,0.7448359647328693,-0.5521920068673295
13517.0,60,3,2128.42,0,High-Value Loyal Customers,0.34632932704039354,-0.001522324705095503
13518.0,86,1,659.4399999999999,1,At-Risk / Low-Engagement Customers,-0.8065417764545605,-0.409860350974551
13519.0,78,2,343.21,1,At-Risk / Low-Engagement Customers,-0.7496313210906626,-0.5097202184909444
13520.0,59,11,6909.4,0,High-Value Loyal Customers,1.7017890283820134,0.7438759875647984
13521.0,1,3,1093.65,0,High-Value Loyal Customers,1.162184450730729,-2.085797896284523
13522.0,30,1,125.80000000000001,1,At-Risk / Low-Engagement Customers,-1.1908433858173826,-1.4730385659637941
13523.0,33,6,5101.52,0,High-Value Loyal Customers,1.3424296007709495,0.14251648272411288
13524.0,41,5,680.1800000000001,0,High-Value Loyal Customers,0.2803608173523986,-0.40014180876736516
13525.0,15,2,628.78,1,At-Risk / Low-Engagement Customers,0.02968867234276588,-1.2096449299233962
13526.0,738,2,1182.0,1,At-Risk / Low-Engagement Customers,-0.9356009290169672,1.0930487839917544
13527.0,34,12,4683.74,0,High-Value Loyal Customers,1.7680306915844428,0.3595236159391681
13529.0,79,2,307.76,1,At-Risk / Low-Engagement Customers,-0.8009901357646576,-0.5353175515348361
13530.0,634,1,402.97999999999996,1,At-Risk / Low-Engagement Customers,-1.66329208130534,0.5393461407855722
13531.0,205,6,1738.52,0,High-Value Loyal Customers,0.2915461026024056,0.8140281115947143
13532.0,34,1,210.31,1,At-Risk / Low-Engagement Customers,-1.007879994623984,-1.2532196562552098
13533.0,183,3,270.79,1,At-Risk / Low-Engagement Customers,-0.9064483588330161,-0.008792408533279334
13534.0,2,35,7720.9,0,High-Value Loyal Customers,3.5569145440450454,-0.4730858051329627
13535.0,403,1,89.5,1,At-Risk / Low-Engagement Customers,-2.1679591708540555,-0.15790290339400403
13536.0,1,7,3448.29,0,High-Value Loyal Customers,2.190236246624469,-1.4885111898337429
13537.0,426,2,717.85,1,At-Risk / Low-Engagement Customers,-0.9749475817672523,0.6413883000925739
13538.0,43,12,3112.73,0,High-Value Loyal Customers,1.516281950599077,0.36346388106647715
13539.0,86,7,1569.3600000000001,0,High-Value Loyal Customers,0.6276607243207858,0.3568526276107696
13540.0,467,3,632.39,1,At-Risk / Low-Engagement Customers,-0.8402534443763365,0.7593723420169866
13541.0,427,2,785.25,1,At-Risk / Low-Engagement Customers,-0.9367091362089165,0.669506589186983
13542.0,377,17,4006.17,0,High-Value Loyal Customers,1.1786518147700549,1.7443397157582452
13543.0,634,2,1439.6100000000001,1,At-Risk / Low-Engagement Customers,-0.80082471365466,1.0683670959940186
13544.0,40,6,829.0,0,High-Value Loyal Customers,0.49170251866219583,-0.29785784386934344
13545.0,391,2,374.64,1,At-Risk / Low-Engagement Customers,-1.2296798312232615,0.39993508348082213
13546.0,12,5,1092.14,0,High-Value Loyal Customers,0.8654457055935737,-0.9053829705341288
13547.0,408,1,175.53,1,At-Risk / Low-Engagement Customers,-1.8812260973838384,0.04888731356792372
13548.0,96,3,908.99,1,At-Risk / Low-Engagement Customers,-0.17360102604316022,-0.00018378219411710207
13549.0,26,8,1005.8,0,High-Value Loyal Customers,0.9025093464342079,-0.378468642678036
13550.0,383,1,349.51,1,At-Risk / Low-Engagement Customers,-1.5623891666967415,0.21942039357921497
13551.0,319,2,244.2,1,At-Risk / Low-Engagement Customers,-1.3496405468195278,0.1603122902561225
13552.0,66,22,6978.92,0,High-Value Loyal Customers,2.1666619673250618,1.0458741215614946
13553.0,675,1,517.8,1,At-Risk / Low-Engagement Customers,-1.5746854122171439,0.6487387922600587
13554.0,380,7,1638.28,1,At-Risk / Low-Engagement Customers,0.16868499452503868,1.1843062852684805
13555.0,74,13,8999.19,0,High-Value Loyal Customers,1.8621528910726184,1.0024707736588028
13556.0,429,2,200.82,1,At-Risk / Low-Engagement Customers,-1.5299152551126651,0.2649966929223617
13557.0,28,13,3032.26,0,High-Value Loyal Customers,1.6962461388222958,0.15280960491399095
13558.0,6,4,605.06,0,High-Value Loyal Customers,0.6699630430897354,-1.490121040307104
13559.0,513,2,990.0,1,At-Risk / Low-Engagement Customers,-0.8952278686147414,0.8397782394031605
13560.0,7,1,174.37,1,At-Risk / Low-Engagement Customers,-0.6116498364228052,-2.1230792495858957
13561.0,216,11,1820.72,0,High-Value Loyal Customers,0.7059065262089298,1.053834106224401
13562.0,82,8,4838.18,0,High-Value Loyal Customers,1.2224018074352283,0.710901723288691
13563.0,84,2,777.53,1,At-Risk / Low-Engagement Customers,-0.4181940231090663,-0.22503049708710776
13564.0,144,37,17249.55,0,High-Value Loyal Customers,2.6935981886270457,1.9263364087323618
13565.0,19,3,414.8,1,At-Risk / Low-Engagement Customers,-0.0037056244993456415,-1.1055444715087073
13566.0,41,5,1708.1200000000001,0,High-Value Loyal Customers,0.6806168335651303,-0.12477050710948441
13567.0,428,4,1083.69,1,At-Risk / Low-Engagement Customers,-0.407848525571763,0.9540961856658766
13568.0,173,1,192.85,1,At-Risk / Low-Engagement Customers,-1.5640840987044287,-0.39449296621929647
13569.0,17,4,893.78,0,High-Value Loyal Customers,0.5340162927266833,-0.8525674005775336
13570.0,243,1,239.49,1,At-Risk / Low-Engagement Customers,-1.5796325758656764,-0.14346563902898676
13571.0,13,26,4546.54,0,High-Value Loyal Customers,2.608901721632774,0.11276592209204744
13572.0,206,1,1384.25,1,At-Risk / Low-Engagement Customers,-0.7645955820110891,0.28997390025028885
13573.0,50,6,916.47,0,High-Value Loyal Customers,0.464708688692433,-0.14748481890517878
13574.0,411,1,421.25,1,At-Risk / Low-Engagement Customers,-1.504131999102695,0.3139805794852297
13575.0,23,5,732.0699999999999,0,High-Value Loyal Customers,0.4932979341541676,-0.6868277873247867
13576.0,10,28,11551.74,0,High-Value Loyal Customers,3.147065767352438,0.28499861975873086
13577.0,25,11,3489.28,0,High-Value Loyal Customers,1.6750567004187067,0.0781664516605757
13578.0,409,1,147.66,1,At-Risk / Low-Engagement Customers,-1.9567795198361615,-0.0012022359228229978
13579.0,15,5,1539.04,0,High-Value Loyal Customers,0.9474237473649111,-0.6882547941437597
13580.0,406,1,107.75,1,At-Risk / Low-Engagement Customers,-2.0904224434479746,-0.09883173312927697
13581.0,309,2,280.53000000000003,1,At-Risk / Low-Engagement Customers,-1.2792560433711295,0.18416012982543228
13582.0,390,2,241.68,1,At-Risk / Low-Engagement Customers,-1.4189455422625654,0.26774535966463925
13583.0,156,2,1445.031,1,At-Risk / Low-Engagement Customers,-0.3472422817130701,0.29875115081366355
13584.0,307,3,392.45,1,At-Risk / Low-Engagement Customers,-0.9121097907042397,0.3860877737291663
13585.0,531,3,684.54,1,At-Risk / Low-Engagement Customers,-0.8472828792544039,0.8537532856311071
13586.0,541,1,131.53,1,At-Risk / Low-Engagement Customers,-2.0970234548213518,0.11836258418484752
13587.0,64,4,1673.5,0,High-Value Loyal Customers,0.3914094558297942,0.04324409484410642
13588.0,16,9,2478.95,0,High-Value Loyal Customers,1.5247228431278472,-0.32521862493339176
13589.0,15,6,1120.74,0,High-Value Loyal Customers,0.927098793602067,-0.7267013951366244
13590.0,11,18,6349.59,0,High-Value Loyal Customers,2.5360529036608805,-0.0009113935286627235
13591.0,65,7,2093.94,0,High-Value Loyal Customers,0.8424140324657656,0.29075969757922243
13592.0,36,4,247.95999999999998,1,At-Risk / Low-Engagement Customers,-0.25565000769095514,-0.8380920856233451
13593.0,108,14,5523.6900000000005,0,High-Value Loyal Customers,1.5815191604100522,1.0878443844687167
13594.0,53,2,533.32,1,At-Risk / Low-Engagement Customers,-0.43524533900928414,-0.5879336773160702
13595.0,517,3,818.22,1,At-Risk / Low-Engagement Customers,-0.7611455977307826,0.892371492333261
13596.0,6,2,697.04,0,High-Value Loyal Customers,0.34183251358133115,-1.6348042919703907
13597.0,400,2,396.71,1,At-Risk / Low-Engagement Customers,-1.2121805216504393,0.42954556193608107
13598.0,47,5,789.59,0,High-Value Loyal Customers,0.3019834624898038,-0.28190248479971414
13599.0,1,33,10167.630000000001,0,High-Value Loyal Customers,3.764218572809362,-0.6352523373725969
13600.0,312,2,518.42,1,At-Risk / Low-Engagement Customers,-1.015880680800871,0.3728142219247508
13601.0,45,4,1185.14,0,High-Value Loyal Customers,0.35320394385308773,-0.2506737947713412
13602.0,65,4,1025.17,1,At-Risk / Low-Engagement Customers,0.17340896589316618,-0.09491945125592069
13603.0,26,1,164.34,1,At-Risk / Low-Engagement Customers,-1.0306883166688179,-1.469792426271265
13604.0,659,1,717.62,1,At-Risk / Low-Engagement Customers,-1.4251749996193959,0.733058563347142
13605.0,387,2,522.67,1,At-Risk / Low-Engagement Customers,-1.0818075662626818,0.49373012246352865
13606.0,29,3,280.53999999999996,1,At-Risk / Low-Engagement Customers,-0.30450373870988995,-0.9986298608970359
13607.0,40,2,1078.31,1,At-Risk / Low-Engagement Customers,-0.04025561520079523,-0.5293748281822432
13608.0,541,1,236.2,1,At-Risk / Low-Engagement Customers,-1.8437513301841841,0.2926107448868864
13609.0,593,1,167.35,1,At-Risk / Low-Engagement Customers,-2.022560785487827,0.24050750618395866
13610.0,12,14,2175.88,0,High-Value Loyal Customers,1.8640228570335842,-0.36378671595329803
13611.0,89,10,3319.53,0,High-Value Loyal Customers,1.1853975347169678,0.7162734190819475
13612.0,633,1,818.29,1,At-Risk / Low-Engagement Customers,-1.3551316584881175,0.7501368119097971
13613.0,453,5,1039.8500000000001,1,At-Risk / Low-Engagement Customers,-0.3050606376205416,1.0397228715885372
13614.0,24,6,2359.19,0,High-Value Loyal Customers,1.1064155849862607,-0.25787427954214537
13615.0,319,8,6272.53,0,High-Value Loyal Customers,0.8988958337958697,1.5329314702620689
13616.0,568,2,288.1,1,At-Risk / Low-Engagement Customers,-1.464130134550311,0.5270705473463749
13617.0,40,8,1278.75,0,High-Value Loyal Customers,0.8717793852786883,-0.07625244474655639
13618.0,174,1,177.34,1,At-Risk / Low-Engagement Customers,-1.6022221570982949,-0.4162955220371049
13619.0,545,2,231.69,1,At-Risk / Low-Engagement Customers,-1.5452313702694624,0.4393344471212996
13620.0,528,1,112.34,1,At-Risk / Low-Engagement Customers,-2.1572291925023404,0.05814912414216448
13621.0,117,1,213.85,1,At-Risk / Low-Engagement Customers,-1.3937221879077288,-0.5779137485609063
13622.0,696,1,658.95,1,At-Risk / Low-Engagement Customers,-1.4798737094262593,0.7376488347989427
13623.0,31,10,2566.49,0,High-Value Loyal Customers,1.4079364296306576,0.06892766852163905
13624.0,388,1,462.08,1,At-Risk / Low-Engagement Customers,-1.4453919832105029,0.3099270779106621
13625.0,597,1,301.26,1,At-Risk / Low-Engagement Customers,-1.7700896895954419,0.4193997171264391
13626.0,253,2,707.04,1,At-Risk / Low-Engagement Customers,-0.8135369941595751,0.35034418867200945
13627.0,59,7,2245.9,0,High-Value Loyal Customers,0.9037086786486804,0.25915252250162324
13628.0,676,1,310.14,1,At-Risk / Low-Engagement Customers,-1.7976218761846012,0.4965054335155967
13629.0,23,19,13370.86,0,High-Value Loyal Customers,2.674974111005199,0.6230719636627509
13630.0,5,7,2031.78,0,High-Value Loyal Customers,1.6048491456414393,-1.0408430157750688
13631.0,100,11,3070.42,0,High-Value Loyal Customers,1.1805357559834437,0.7883792646185104
13632.0,25,8,3648.15,0,High-Value Loyal Customers,1.4750074070539851,-0.013810710242905972
13634.0,33,16,5073.47,0,High-Value Loyal Customers,2.016782465507036,0.4656505870365113
13635.0,68,4,2999.16,0,High-Value Loyal Customers,0.6258264846790195,0.25074729614014174
13636.0,37,5,949.12,0,High-Value Loyal Customers,0.4575165600071085,-0.3557328216850562
13637.0,52,3,810.5,1,At-Risk / Low-Engagement Customers,-0.02795733292978042,-0.36784788359409143
13638.0,16,1,122.64,1,At-Risk / Low-Engagement Customers,-1.0075184420326706,-1.8119567635562406
13639.0,74,2,1346.27,1,At-Risk / Low-Engagement Customers,-0.13908941116053633,-0.1298954566317044
13640.0,611,1,405.0,1,At-Risk / Low-Engagement Customers,-1.6491898221644787,0.5204906248481055
13641.0,641,5,1016.47,1,At-Risk / Low-Engagement Customers,-0.42700967403023016,1.2240332325918613
13642.0,216,4,514.72,1,At-Risk / Low-Engagement Customers,-0.5109087771693415,0.35561430525431154
13643.0,31,10,2156.77,0,High-Value Loyal Customers,1.3322919560587083,0.01688518494367388
13644.0,16,4,2624.26,0,High-Value Loyal Customers,1.020830951132197,-0.5618896525018532
13645.0,120,1,252.1,1,At-Risk / Low-Engagement Customers,-1.330552544634632,-0.5150199517324111
13646.0,400,2,326.25,1,At-Risk / Low-Engagement Customers,-1.2970253736914514,0.371173329167227
13647.0,10,8,3071.68,0,High-Value Loyal Customers,1.678404822788037,-0.5397353496292058
13648.0,400,8,1764.02,1,At-Risk / Low-Engagement Customers,0.274128061318203,1.277761229450539
13649.0,257,6,1678.88,1,At-Risk / Low-Engagement Customers,0.20356892906631846,0.9277321439675081
13650.0,17,10,3288.0,0,High-Value Loyal Customers,1.7017796992111742,-0.17428625152149163
13651.0,35,3,226.85,1,At-Risk / Low-Engagement Customers,-0.4555337086147911,-0.9614062422746773
13652.0,46,5,2570.85,0,High-Value Loyal Customers,0.8220427559227111,0.059595122835553994
13653.0,488,1,152.2,1,At-Risk / Low-Engagement Customers,-2.0006798242291777,0.10499088428823912
13654.0,43,11,6308.0,0,High-Value Loyal Customers,1.7624846413880633,0.5455509088486282
13655.0,114,6,2280.51,0,High-Value Loyal Customers,0.5980978422720616,0.5736900638424295
13656.0,165,4,1078.85,1,At-Risk / Low-Engagement Customers,-0.10271172524456729,0.4290670621199781
13657.0,11,2,382.14,1,At-Risk / Low-Engagement Customers,-0.093501615527418,-1.5170856281611187
13658.0,10,9,6025.5,0,High-Value Loyal Customers,2.0518575267382935,-0.29952481976425055
13659.0,206,12,4894.88,0,High-Value Loyal Customers,1.2123644783812086,1.3530487980049577
13660.0,400,1,314.59,1,At-Risk / Low-Engagement Customers,-1.6220618105615119,0.21189835894257353
13661.0,603,1,325.24,1,At-Risk / Low-Engagement Customers,-1.740100202008435,0.44776004851288304
13662.0,86,11,2250.11,0,High-Value Loyal Customers,1.093600619550276,0.6130674742267151
13663.0,179,5,2047.51,0,High-Value Loyal Customers,0.2887519752678629,0.7321315016235558
13665.0,386,3,1711.6599999999999,1,At-Risk / Low-Engagement Customers,-0.3459825630840893,0.9523168853925537
13666.0,60,5,127.89999999999999,1,At-Risk / Low-Engagement Customers,-0.5647008460058026,-0.6926462429947794
13667.0,149,1,305.02,1,At-Risk / Low-Engagement Customers,-1.3174273342665852,-0.3396841895777558
13668.0,3,35,13089.94,0,High-Value Loyal Customers,3.6935451497330867,-0.15639833067631195
13669.0,51,3,413.55,1,At-Risk / Low-Engagement Customers,-0.3140524961846476,-0.5794226143811334
13670.0,75,1,349.7,1,At-Risk / Low-Engagement Customers,-1.038233258354978,-0.6738965982410123
13671.0,395,1,194.95,1,At-Risk / Low-Engagement Customers,-1.825367834218175,0.06231379564153937
13672.0,301,3,419.92,1,At-Risk / Low-Engagement Customers,-0.8763824202145779,0.39543959260240186
13673.0,19,2,396.92,1,At-Risk / Low-Engagement Customers,-0.24224676055229383,-1.2240035559690603
13674.0,433,1,240.68,1,At-Risk / Low-Engagement Customers,-1.763738029860351,0.1756430247074959
13675.0,151,2,486.82000000000005,1,At-Risk / Low-Engagement Customers,-0.8095729567032498,-0.04437989744168861
13676.0,539,2,243.9,1,At-Risk / Low-Engagement Customers,-1.51940506666951,0.44854923879435843
13677.0,405,2,556.1899999999999,1,At-Risk / Low-Engagement Customers,-1.0694783224904167,0.5373150704773918
13678.0,152,1,232.6,1,At-Risk / Low-Engagement Customers,-1.441327781445897,-0.40959749696404557
13679.0,494,3,281.26,1,At-Risk / Low-Engagement Customers,-1.210070964153672,0.5483597668531306
13680.0,1,12,11435.67,0,High-Value Loyal Customers,3.0820769920527877,-0.9519842578475343
13681.0,18,4,827.83,0,High-Value Loyal Customers,0.4832167285408314,-0.8456648459153764
13682.0,187,1,59.5,1,At-Risk / Low-Engagement Customers,-2.0957668378913814,-0.7003812454065161
13683.0,458,1,258.6,1,At-Risk / Low-Engagement Customers,-1.7507297690088481,0.227945099569999
13684.0,286,4,596.98,1,At-Risk / Low-Engagement Customers,-0.5369410848762649,0.5541238197359484
13685.0,3,7,3119.44,0,High-Value Loyal Customers,1.9224596460024472,-1.1361909079098151
13686.0,183,3,409.04,1,At-Risk / Low-Engagement Customers,-0.7275224155807072,0.1143064779243458
13687.0,438,1,11880.84,1,At-Risk / Low-Engagement Customers,-0.07264382505221008,1.347962325279001
13688.0,635,1,375.5,1,At-Risk / Low-Engagement Customers,-1.6944529760817355,0.5191258774253447
13689.0,63,2,1259.5,1,At-Risk / Low-Engagement Customers,-0.11675821209136392,-0.2373039228514691
13690.0,59,1,172.25,1,At-Risk / Low-Engagement Customers,-1.2686129770179064,-1.015377513736585
13691.0,396,1,212.78,1,At-Risk / Low-Engagement Customers,-1.7882911687755463,0.08977436222675489
13692.0,25,5,3114.4,0,High-Value Loyal Customers,1.0969507588624667,-0.20956294505414805
13693.0,374,9,2011.82,0,High-Value Loyal Customers,0.4333298641187054,1.3186793543401565
13694.0,4,143,196482.81,0,High-Value Loyal Customers,5.857260272176945,1.284940179896223
13695.0,31,16,2770.73,0,High-Value Loyal Customers,1.773260259015574,0.25118229676448567
13696.0,422,3,2020.4,1,At-Risk / Low-Engagement Customers,-0.3026350590931923,1.050991398003147
13697.0,39,1,151.29999999999998,1,At-Risk / Low-Engagement Customers,-1.1935529460886174,-1.2775971973740068
13698.0,597,2,465.53000000000003,1,At-Risk / Low-Engagement Customers,-1.271988498996932,0.6977411462546721
13699.0,155,2,764.15,1,At-Risk / Low-Engagement Customers,-0.6221224025570378,0.10469077204703015
13700.0,26,13,2613.46,0,High-Value Loyal Customers,1.6547097749539983,0.0689185484588529
13701.0,447,1,161.0,1,At-Risk / Low-Engagement Customers,-1.948056181346362,0.0734102122910241
13702.0,446,1,135.18,1,At-Risk / Low-Engagement Customers,-2.0228758003225034,0.020205443245325663
13703.0,318,2,425.56,1,At-Risk / Low-Engagement Customers,-1.1077199831733093,0.32432794477560867
13704.0,5,9,2308.06,0,High-Value Loyal Customers,1.8304901357644714,-0.9210169943852109
13705.0,8,7,2035.33,0,High-Value Loyal Customers,1.4744705420567634,-0.8166818415439704
13706.0,303,2,631.17,1,At-Risk / Low-Engagement Customers,-0.9209701976392324,0.4155274939444072
13707.0,267,5,3365.86,0,High-Value Loyal Customers,0.3762083932194027,1.1004053129180373
13708.0,271,1,296.88,1,At-Risk / Low-Engagement Customers,-1.5216498169128685,-0.019483548469640198
13709.0,4,18,7591.75,0,High-Value Loyal Customers,2.8969316812481782,-0.43030891550177763
13710.0,32,3,509.52,1,At-Risk / Low-Engagement Customers,-0.0763746167288956,-0.7679026312999683
13711.0,219,9,1792.26,0,High-Value Loyal Customers,0.555556985253321,0.9899575443733294
13712.0,247,2,766.42,1,At-Risk / Low-Engagement Customers,-0.770764764924851,0.361266318595046
13713.0,408,3,743.26,1,At-Risk / Low-Engagement Customers,-0.726486657009192,0.733333588273979
13714.0,465,1,161.35,1,At-Risk / Low-Engagement Customers,-1.9598576656266373,0.0957835754387818
13715.0,281,17,8483.29,0,High-Value Loyal Customers,1.5997968781251974,1.8072886562816701
13716.0,269,1,138.28,1,At-Risk / Low-Engagement Customers,-1.8500314383805256,-0.2511188858432549
13717.0,32,8,1763.3,0,High-Value Loyal Customers,1.081691060224391,-0.09985978184389983
13718.0,246,2,306.55,1,At-Risk / Low-Engagement Customers,-1.1673162580985446,0.0853161072495161
13719.0,15,11,2815.25,0,High-Value Loyal Customers,1.7387194368539896,-0.2538534274637437
13720.0,117,4,799.9,1,At-Risk / Low-Engagement Customers,-0.12235281610107501,0.15136025666385475
13721.0,36,2,741.54,1,At-Risk / Low-Engagement Customers,-0.16978401172588875,-0.6979507313252352
13722.0,132,10,5635.41,0,High-Value Loyal Customers,1.289310960883188,1.090071117429137
13723.0,217,6,1209.2,1,At-Risk / Low-Engagement Customers,0.11536784965350749,0.7366468277328805
13724.0,637,1,213.01,1,At-Risk / Low-Engagement Customers,-1.941257057733445,0.35175802836413744
13725.0,50,8,1980.56,0,High-Value Loyal Customers,0.9914269365150324,0.17500807817884625
13726.0,39,2,1079.6599999999999,1,At-Risk / Low-Engagement Customers,-0.03172550351669628,-0.5426201286873069
13727.0,29,8,1080.05,0,High-Value Loyal Customers,0.8993932856781581,-0.2990555983237763
13728.0,37,16,2855.17,0,High-Value Loyal Customers,1.7307369318104222,0.3549516111219788
13729.0,436,3,724.73,1,At-Risk / Low-Engagement Customers,-0.7588732969015974,0.762309646822333
13730.0,136,2,752.6,1,At-Risk / Low-Engagement Customers,-0.5867354925705178,0.028503589143293782
13731.0,219,2,610.59,1,At-Risk / Low-Engagement Customers,-0.8307746295353171,0.22724523954583692
13732.0,28,1,491.86,1,At-Risk / Low-Engagement Customers,-0.5785693716532545,-1.103425516290209
13733.0,411,2,487.03000000000003,1,At-Risk / Low-Engagement Customers,-1.1318872123050316,0.5057343238996892
13734.0,509,4,6701.640000000001,0,High-Value Loyal Customers,0.3286296624230163,1.5946633569381623
13735.0,25,13,9813.22,0,High-Value Loyal Customers,2.242461519304443,0.44407083094457395
13736.0,5,7,2766.21,0,High-Value Loyal Customers,1.7390507923556526,-0.9485139047975522
13737.0,200,1,339.59999999999997,1,At-Risk / Low-Engagement Customers,-1.365502605055881,-0.14621139859390486
13738.0,396,1,440.93,1,At-Risk / Low-Engagement Customers,-1.4723163557630596,0.30716121470596636
13739.0,18,2,292.2,1,At-Risk / Low-Engagement Customers,-0.35853644264641815,-1.3437142674075526
13740.0,241,5,1597.77,1,At-Risk / Low-Engagement Customers,0.0851712423712616,0.8211815760502863
13741.0,72,3,668.4300000000001,1,At-Risk / Low-Engagement Customers,-0.21524699971609337,-0.24886748911078907
13742.0,17,12,3131.02,0,High-Value Loyal Customers,1.807913858527692,-0.1277782450835912
13743.0,3,7,1341.6,0,High-Value Loyal Customers,1.555507121379136,-1.3886498098603628
13744.0,95,2,1156.36,1,At-Risk / Low-Engagement Customers,-0.28503955926012225,-0.039219378113445766
13745.0,162,2,777.36,1,At-Risk / Low-Engagement Customers,-0.6288711127072462,0.13402510363455938
13746.0,414,1,176.69,1,At-Risk / Low-Engagement Customers,-1.8830864893132133,0.058880510836341125
13747.0,374,2,249.39999999999998,1,At-Risk / Low-Engagement Customers,-1.3918066125927884,0.25407460790778597
13748.0,96,9,2268.35,0,High-Value Loyal Customers,0.922864570170384,0.6087585393106069
13750.0,54,11,3602.1800000000003,0,High-Value Loyal Customers,1.4465858683739623,0.5009460361422414
13751.0,288,1,296.25,1,At-Risk / Low-Engagement Customers,-1.5421785691854581,0.013320873494100318
13752.0,124,7,1590.73,0,High-Value Loyal Customers,0.5163305969921954,0.5607876835831134
13753.0,288,4,2094.57,1,At-Risk / Low-Engagement Customers,0.006444472016881051,0.9333420523736745
13754.0,152,3,447.05,1,At-Risk / Low-Engagement Customers,-0.6292790064527984,0.03908174172082713
13755.0,4,9,2161.35,0,High-Value Loyal Customers,1.8608951797523468,-1.0412291041649455
13756.0,2,23,9207.5,0,High-Value Loyal Customers,3.32427130091916,-0.568795374726287
13757.0,675,1,195.55,1,At-Risk / Low-Engagement Customers,-1.9969987543133336,0.3581923169793243
13758.0,12,15,9416.98,0,High-Value Loyal Customers,2.550556825740593,0.09829827564563955
13759.0,33,2,659.4100000000001,1,At-Risk / Low-Engagement Customers,-0.1934371736227997,-0.7796775130284339
13760.0,54,5,1363.6399999999999,0,High-Value Loyal Customers,0.4954638963199441,-0.04341388128109695
13761.0,50,6,1952.17,0,High-Value Loyal Customers,0.7934690719472761,0.07869835137429945
13762.0,219,5,2472.48,0,High-Value Loyal Customers,0.30587299062134105,0.8992445605997581
13763.0,63,3,5217.4400000000005,0,High-Value Loyal Customers,0.7208075421138695,0.29327685908272894
13764.0,71,6,2953.26,0,High-Value Loyal Customers,0.8619827723923492,0.392767071547686
13765.0,653,1,352.821,1,At-Risk / Low-Engagement Customers,-1.7305111055567952,0.5159217928804306
13766.0,495,1,190.35,1,At-Risk / Low-Engagement Customers,-1.9085269469746655,0.1793932050970477
13767.0,2,73,35540.53,0,High-Value Loyal Customers,4.770728224049817,0.2476546924808665
13768.0,727,2,875.97,1,At-Risk / Low-Engagement Customers,-1.060993098904325,0.9951717943755768
13769.0,2,20,5800.42,0,High-Value Loyal Customers,3.021397187216643,-0.7559780487323451
13770.0,422,4,785.37,1,At-Risk / Low-Engagement Customers,-0.543232451508971,0.8500510471660349
13771.0,64,9,5728.82,0,High-Value Loyal Customers,1.4553294438883593,0.6652076840011129
13772.0,34,8,3114.22,0,High-Value Loyal Customers,1.310037484252647,0.10278671086438766
13773.0,397,2,301.54,1,At-Risk / Low-Engagement Customers,-1.3287570998815181,0.34352943524081875
13774.0,82,1,345.0,1,At-Risk / Low-Engagement Customers,-1.0726000038022105,-0.629338941454031
13775.0,591,1,1049.66,1,At-Risk / Low-Engagement Customers,-1.2247372366833846,0.786789757233858
13776.0,428,2,623.98,1,At-Risk / Low-Engagement Customers,-1.0373444562345604,0.6020771803123126
13777.0,1,61,56478.42,0,High-Value Loyal Customers,4.968449324030676,0.0979027466162479
13778.0,103,4,1124.49,1,At-Risk / Low-Engagement Customers,0.06653283042056471,0.18355058465270313
13779.0,516,1,161.13,1,At-Risk / Low-Engagement Customers,-1.994037765340882,0.1526612898294061
13780.0,7,3,735.82,0,High-Value Loyal Customers,0.5415867516892576,-1.4396669190730167
13781.0,251,3,778.83,1,At-Risk / Low-Engagement Customers,-0.5495430561151191,0.48019529780517645
13782.0,13,13,1793.72,0,High-Value Loyal Customers,1.7034389741157143,-0.4059524433238663
13783.0,488,4,1542.09,1,At-Risk / Low-Engagement Customers,-0.29681551374771786,1.1318161801849886
13784.0,10,14,2910.23,0,High-Value Loyal Customers,2.0445299777848507,-0.36891225483315254
13785.0,429,4,542.49,1,At-Risk / Low-Engagement Customers,-0.7092755414068017,0.7485203108447107
13786.0,367,6,3358.94,0,High-Value Loyal Customers,0.39032786718704415,1.331111860524812
13787.0,76,6,1222.5,0,High-Value Loyal Customers,0.45670920688085,0.16591455850755257
13788.0,505,1,3.75,1,At-Risk / Low-Engagement Customers,-3.5231122433393223,-0.9159708691554804
13789.0,388,1,239.45999999999998,1,At-Risk / Low-Engagement Customers,-1.7305361544123103,0.11375133437788651
13790.0,4,1,348.8,1,At-Risk / Low-Engagement Customers,-0.15921468233264097,-2.175627013335109
13791.0,128,2,1516.0,1,At-Risk / Low-Engagement Customers,-0.2628638924699753,0.20474843579371327
13792.0,66,3,383.95,1,At-Risk / Low-Engagement Customers,-0.42825697854311856,-0.4618056637365409
13793.0,647,1,96.0,1,At-Risk / Low-Engagement Customers,-2.290590593618407,0.12345949932375357
13794.0,547,1,126.03,1,At-Risk / Low-Engagement Customers,-2.119026382270358,0.11174683986063963
13795.0,388,4,836.3,1,At-Risk / Low-Engagement Customers,-0.4888267018773911,0.8226196736136464
13796.0,499,1,289.7,1,At-Risk / Low-Engagement Customers,-1.7291693583138337,0.30900655523104614
13797.0,437,3,1179.45,1,At-Risk / Low-Engagement Customers,-0.5479458742687066,0.9091944775430432
13798.0,1,110,75836.87,0,High-Value Loyal Customers,5.540880727709569,0.39930405924070955
13799.0,117,9,2803.57,0,High-Value Loyal Customers,0.9516180518595846,0.7802387297185107
13800.0,310,3,1679.56,1,At-Risk / Low-Engagement Customers,-0.28350390977300016,0.8260642236764235
13801.0,67,1,324.8,1,At-Risk / Low-Engagement Customers,-1.034304398309401,-0.7572904841346776
13802.0,139,19,26259.11,0,High-Value Loyal Customers,2.3982359560590467,1.7978278801134198
13803.0,255,3,1338.91,1,At-Risk / Low-Engagement Customers,-0.31912221848456745,0.6509124459927141
13804.0,31,9,3208.52,0,High-Value Loyal Customers,1.4323549615363302,0.10085278027608519
13805.0,52,2,924.6,1,At-Risk / Low-Engagement Customers,-0.19013272347969107,-0.4337682581051872
13806.0,64,1,256.38,1,At-Risk / Low-Engagement Customers,-1.1222785762748688,-0.8527422200009844
13807.0,367,3,534.8,1,At-Risk / Low-Engagement Customers,-0.8353107320566393,0.5766967657214748
13808.0,6,5,1747.66,0,High-Value Loyal Customers,1.2700690737232496,-1.1061892613493587
13809.0,305,3,679.7,1,At-Risk / Low-Engagement Customers,-0.6714924262447729,0.5465867658979465
13810.0,29,3,1499.01,0,High-Value Loyal Customers,0.4234058068881813,-0.4978368910444531
13811.0,184,3,814.5,1,At-Risk / Low-Engagement Customers,-0.43012058396392955,0.3231108780474135
13812.0,42,3,539.0,1,At-Risk / Low-Engagement Customers,-0.13755648034908688,-0.6051033378109429
13813.0,40,8,2765.47,0,High-Value Loyal Customers,1.2072048341506947,0.1545162101235095
13814.0,92,3,2257.32,1,At-Risk / Low-Engagement Customers,0.2355042317362367,0.24867827652660832
13815.0,22,8,7475.74,0,High-Value Loyal Customers,1.8267618892945154,0.13328882827736147
13816.0,24,2,571.6700000000001,1,At-Risk / Low-Engagement Customers,-0.15601345791581175,-0.9919464207983898
13817.0,29,2,382.98,1,At-Risk / Low-Engagement Customers,-0.3889006155634199,-1.0110395580165787
13818.0,430,1,61.28,1,At-Risk / Low-Engagement Customers,-2.351485382796127,-0.23408937290730356
13819.0,302,6,2642.35,0,High-Value Loyal Customers,0.3488144673287012,1.1521097203881843
13820.0,418,3,660.65,1,At-Risk / Low-Engagement Customers,-0.7854909393858882,0.7114377086390469
13821.0,145,6,1410.73,0,High-Value Loyal Customers,0.3120447331402807,0.5616407486446283
13822.0,6,2,632.0,0,High-Value Loyal Customers,0.2992766671690102,-1.6640821999718667
13823.0,19,7,3403.4500000000003,0,High-Value Loyal Customers,1.4398279198866966,-0.222411343609988
13824.0,33,12,3314.76,0,High-Value Loyal Customers,1.627023559516601,0.24007390897772884
13825.0,622,2,255.59,1,At-Risk / Low-Engagement Customers,-1.5453588891272358,0.5413684225565051
13826.0,176,1,189.5,1,At-Risk / Low-Engagement Customers,-1.577197826009526,-0.3902826923465281
13827.0,58,3,412.05,1,At-Risk / Low-Engagement Customers,-0.3564763507078546,-0.5108489996131079
13828.0,22,1,209.49,1,At-Risk / Low-Engagement Customers,-0.8737802430376218,-1.485958676015896
13829.0,421,1,102.0,1,At-Risk / Low-Engagement Customers,-2.1257639599928173,-0.0951308765161776
13830.0,582,1,156.85000000000002,1,At-Risk / Low-Engagement Customers,-2.044535985137228,0.21091973657654006
13831.0,16,18,7023.58,0,High-Value Loyal Customers,2.4672896155134194,0.22139551977759295
13832.0,19,2,613.6899999999999,1,At-Risk / Low-Engagement Customers,-0.05303403267987583,-1.0938274860189374
13833.0,159,2,701.36,1,At-Risk / Low-Engagement Customers,-0.6675670200113156,0.09302328635329771
13834.0,577,2,324.19,1,At-Risk / Low-Engagement Customers,-1.4180213882477617,0.570940690267479
13835.0,25,7,1095.27,0,High-Value Loyal Customers,0.8619250257974085,-0.41691214301512164
13836.0,399,2,620.37,1,At-Risk / Low-Engagement Customers,-1.0172276629391033,0.5617380019948124
13837.0,212,2,271.24,1,At-Risk / Low-Engagement Customers,-1.1724807718164771,-0.03287444026879604
13838.0,6,10,1966.09,0,High-Value Loyal Customers,1.7835866354327572,-0.8490874290462926
13839.0,486,1,139.95000000000002,1,At-Risk / Low-Engagement Customers,-2.035615517537042,0.07778310985361747
13840.0,416,1,651.4,1,At-Risk / Low-Engagement Customers,-1.3187366423565032,0.45086790253513526
13841.0,253,1,85.0,1,At-Risk / Low-Engagement Customers,-2.0400550711345407,-0.4291392546326114
13842.0,59,18,5629.91,0,High-Value Loyal Customers,1.9631865314459116,0.850787824831346
13843.0,381,1,319.75,1,At-Risk / Low-Engagement Customers,-1.599305894690804,0.18997995880405064
13844.0,11,1,361.62,1,At-Risk / Low-Engagement Customers,-0.4267025757158613,-1.6819776917523444
13845.0,65,1,312.98,1,At-Risk / Low-Engagement Customers,-1.0407282225433345,-0.7848184060305088
13846.0,25,4,1307.79,0,High-Value Loyal Customers,0.5805465026832912,-0.5359089148074284
13847.0,720,1,310.72,1,At-Risk / Low-Engagement Customers,-1.8171769666136366,0.5317935666587911
13848.0,92,8,3335.0,0,High-Value Loyal Customers,1.0237621483064412,0.6622978563378025
13849.0,52,5,3469.3,0,High-Value Loyal Customers,0.913549155497555,0.21555103144143298
13850.0,129,1,1595.48,1,At-Risk / Low-Engagement Customers,-0.5523927412018119,0.07587969368821572
13851.0,96,8,4606.46,0,High-Value Loyal Customers,1.150639378083421,0.7821852711684844
13852.0,611,1,187.35000000000002,1,At-Risk / Low-Engagement Customers,-1.9833725390842536,0.29057695454150956
13853.0,57,1,1090.14,1,At-Risk / Low-Engagement Customers,-0.45695007048747194,-0.48320556017734634
13854.0,9,39,12253.96,0,High-Value Loyal Customers,3.4488399479936023,0.36780404310937226
13855.0,501,4,1310.3400000000001,1,At-Risk / Low-Engagement Customers,-0.3761092399980947,1.0975729273955972
13856.0,169,11,1142.03,0,High-Value Loyal Customers,0.5820527156877887,0.7796735088511746
13857.0,393,6,1001.01,1,At-Risk / Low-Engagement Customers,-0.15819153379748271,1.0065816169498998
13858.0,57,1,216.17,1,At-Risk / Low-Engagement Customers,-1.1593386889745123,-0.9664404406236095
13859.0,326,2,515.86,1,At-Risk / Low-Engagement Customers,-1.0321825564926028,0.3954698778816979
13860.0,1,5,1245.9,0,High-Value Loyal Customers,1.528096927806732,-1.8984007044262348
13861.0,429,2,273.26,1,At-Risk / Low-Engagement Customers,-1.3964684835639765,0.3568064589094228
13862.0,18,9,2556.09,0,High-Value Loyal Customers,1.5020775328366431,-0.2547014306015941
13863.0,248,4,1239.55,1,At-Risk / Low-Engagement Customers,-0.17348627533962624,0.6942351047770042
13864.0,387,1,662.4000000000001,1,At-Risk / Low-Engagement Customers,-1.2881487771864784,0.4161160331387318
13865.0,58,4,501.56,1,At-Risk / Low-Engagement Customers,-0.10093923498603063,-0.37045480513602436
13866.0,74,1,145.67000000000002,1,At-Risk / Low-Engagement Customers,-1.4132502125918371,-0.9421565185520461
13867.0,31,3,1015.29,0,High-Value Loyal Customers,0.23314045656639035,-0.5787795486291458
13868.0,7,2,3192.54,0,High-Value Loyal Customers,0.9602691547673776,-1.1059641518186107
13869.0,123,10,8111.57,0,High-Value Loyal Customers,1.4704235490488915,1.1604368969307575
13870.0,2,15,5712.08,0,High-Value Loyal Customers,2.8073153104678163,-0.8601086782740517
13871.0,23,17,7885.85,0,High-Value Loyal Customers,2.3648990148256925,0.42646446196194515
13872.0,527,3,919.57,1,At-Risk / Low-Engagement Customers,-0.7165790537233888,0.9378338407717393
13873.0,120,8,1038.92,0,High-Value Loyal Customers,0.4314688697356348,0.4585366415697911
13874.0,358,7,2049.15,1,At-Risk / Low-Engagement Customers,0.28523508761526184,1.218451740051022
13875.0,54,14,4814.37,0,High-Value Loyal Customers,1.7429574371128433,0.6694338407696299
13876.0,64,1,122.7,1,At-Risk / Low-Engagement Customers,-1.4410773333902285,-1.072071911892768
13877.0,86,3,449.68,1,At-Risk / Low-Engagement Customers,-0.44414906763941353,-0.2705390512743465
13878.0,55,4,2473.06,0,High-Value Loyal Customers,0.6094527289245336,0.0778906352823379
13879.0,646,1,395.5,1,At-Risk / Low-Engagement Customers,-1.6774788437456458,0.5440774915420592
13880.0,21,17,4391.66,0,High-Value Loyal Customers,2.1383905262110425,0.2032760976540868
13881.0,4,43,45179.1,0,High-Value Loyal Customers,4.313407562155121,0.4109433087551917
13882.0,3,5,1191.13,0,High-Value Loyal Customers,1.2843709789784394,-1.5295338647445356
13883.0,11,15,6560.02,0,High-Value Loyal Customers,2.4191654025290963,-0.05405643014917188
13884.0,7,10,1888.48,0,High-Value Loyal Customers,1.7228846175556773,-0.787486478256264
13885.0,189,2,506.8,1,At-Risk / Low-Engagement Customers,-0.8642776759021435,0.09071358208397333
13886.0,71,1,243.56,1,At-Risk / Low-Engagement Customers,-1.1775889433626192,-0.8116236661308741
13887.0,204,1,349.55,1,At-Risk / Low-Engagement Customers,-1.3593470711611908,-0.12672327860876803
13888.0,120,7,2169.05,0,High-Value Loyal Customers,0.6617008862515202,0.6356253221624424
13889.0,93,6,1991.23,0,High-Value Loyal Customers,0.6043197667602581,0.42188840604389916
13890.0,1,14,2927.38,0,High-Value Loyal Customers,2.5984448332565098,-1.3074270385084237
13891.0,378,3,863.5600000000001,1,At-Risk / Low-Engagement Customers,-0.6366565750156881,0.7361674387487993
13892.0,27,6,1267.6499999999999,0,High-Value Loyal Customers,0.7996540547220843,-0.3811976938303774
13893.0,298,1,821.1,1,At-Risk / Low-Engagement Customers,-1.1105534653911007,0.33660532141811883
13894.0,24,3,564.62,1,At-Risk / Low-Engagement Customers,0.05801363633463947,-0.8903527008213067
13895.0,28,6,4008.52,0,High-Value Loyal Customers,1.288987544720978,-0.017378881613755358
13896.0,626,1,388.55,1,At-Risk / Low-Engagement Customers,-1.675017670519667,0.5214650097322002
13897.0,50,3,1160.72,1,At-Risk / Low-Engagement Customers,0.14058728204636187,-0.28166698094325393
13898.0,326,2,686.4,1,At-Risk / Low-Engagement Customers,-0.9081149158405226,0.4808269151681215
13899.0,16,2,388.52,1,At-Risk / Low-Engagement Customers,-0.19896727107594142,-1.3200295000417734
13900.0,183,6,1610.59,0,High-Value Loyal Customers,0.29483716811241256,0.7288680668602284
13901.0,72,15,5676.34,0,High-Value Loyal Customers,1.7722597292512192,0.8985121112325691
13902.0,632,5,34095.26,0,High-Value Loyal Customers,1.1055870072446723,2.267512938523922
13903.0,400,1,165.45000000000002,1,At-Risk / Low-Engagement Customers,-1.9004195963665353,0.020391566542493085
13904.0,37,2,332.64,1,At-Risk / Low-Engagement Customers,-0.5264991524578935,-0.9227232349572185
13905.0,733,1,312.65,1,At-Risk / Low-Engagement Customers,-1.8202709215989048,0.5434975847937791
13906.0,409,1,42.0,1,At-Risk / Low-Engagement Customers,-2.4965102677363613,-0.3725304672892852
13907.0,692,1,136.8,1,At-Risk / Low-Engagement Customers,-2.159543209888217,0.26558931738387237
13908.0,80,4,2369.55,0,High-Value Loyal Customers,0.47148142213732563,0.2686768665377838
13909.0,423,2,286.6,1,At-Risk / Low-Engagement Customers,-1.3712588949526956,0.36327325142608363
13911.0,57,20,4234.99,0,High-Value Loyal Customers,1.926631104263009,0.7835128535558399
13912.0,424,1,124.95,1,At-Risk / Low-Engagement Customers,-2.0405311277253104,-0.031008288760229777
13913.0,507,1,42.22,1,At-Risk / Low-Engagement Customers,-2.5636077882747204,-0.25278984956158357
13914.0,12,2,626.45,1,At-Risk / Low-Engagement Customers,0.09523181525453847,-1.3252803141936593
13915.0,394,1,70.80000000000001,1,At-Risk / Low-Engagement Customers,-2.261384356931888,-0.2396175073665351
13916.0,464,4,1275.81,1,At-Risk / Low-Engagement Customers,-0.36295755235706845,1.0473559081441106
13917.0,50,2,272.04,1,At-Risk / Low-Engagement Customers,-0.7088779776264877,-0.8204344788216814
13918.0,50,2,1212.8400000000001,1,At-Risk / Low-Engagement Customers,-0.05973398607599717,-0.3738312581929018
13919.0,59,4,1360.68,0,High-Value Loyal Customers,0.32731966933003004,-0.06280789830099542
13920.0,432,4,1774.68,1,At-Risk / Low-Engagement Customers,-0.1963917501613445,1.106759926307038
13921.0,402,4,730.7,1,At-Risk / Low-Engagement Customers,-0.5589193980657771,0.8017658561423279
13922.0,352,3,865.2,1,At-Risk / Low-Engagement Customers,-0.6128467397977994,0.6975362979423201
13923.0,54,1,351.13,1,At-Risk / Low-Engagement Customers,-0.9318668097843259,-0.8510534823198206
13924.0,2,6,1838.8500000000001,0,High-Value Loyal Customers,1.6837967545576424,-1.5018843061213163
13925.0,93,4,678.25,1,At-Risk / Low-Engagement Customers,-0.12049125043311393,-0.023375618030320365
13926.0,23,1,223.85000000000002,1,At-Risk / Low-Engagement Customers,-0.858830216005778,-1.4427289387723323
13927.0,75,2,708.26,1,At-Risk / Low-Engagement Customers,-0.42254229084054873,-0.3146548237853366
13928.0,11,4,464.57,0,High-Value Loyal Customers,0.3808934659905146,-1.2717741324694805
13929.0,169,11,3494.1,0,High-Value Loyal Customers,1.0683602842211855,1.1142472384861244
13930.0,58,2,337.34,1,At-Risk / Low-Engagement Customers,-0.6627040957679583,-0.6758756530096441
13931.0,96,11,5257.38,0,High-Value Loyal Customers,1.4275536486027032,0.9270446083637547
13932.0,295,1,307.4,1,At-Risk / Low-Engagement Customers,-1.5338966960140852,0.03754443891494527
13933.0,109,2,608.7900000000001,1,At-Risk / Low-Engagement Customers,-0.6078755495124556,-0.1559502341603448
13934.0,264,1,922.1,1,At-Risk / Low-Engagement Customers,-1.0210935586054424,0.30471125905307517
13935.0,597,3,6116.92,1,At-Risk / Low-Engagement Customers,0.0672378099014604,1.573458326745458
13936.0,180,3,939.66,1,At-Risk / Low-Engagement Customers,-0.3609264922493627,0.3537952486114271
13937.0,169,2,880.13,1,At-Risk / Low-Engagement Customers,-0.5885106272450453,0.1943410845171477
13938.0,35,1,71.66,1,At-Risk / Low-Engagement Customers,-1.481480796627168,-1.5572449351405913
13939.0,23,7,1560.96,0,High-Value Loyal Customers,1.0418521137785843,-0.3550834757066636
13940.0,17,4,839.14,0,High-Value Loyal Customers,0.5066006340776819,-0.8714290423822408
13941.0,22,15,11122.300000000001,0,High-Value Loyal Customers,2.438438738344828,0.4628064394250066
13942.0,535,1,320.0,1,At-Risk / Low-Engagement Customers,-1.7085155315125355,0.3770344695240083
13943.0,578,1,246.54,1,At-Risk / Low-Engagement Customers,-1.8465439436285835,0.34180659278693065
13944.0,653,1,200.43,1,At-Risk / Low-Engagement Customers,-1.9756270080001577,0.3472850144715822
13945.0,395,2,854.15,1,At-Risk / Low-Engagement Customers,-0.8750263572982365,0.6517910759802535
13946.0,79,6,1876.23,0,High-Value Loyal Customers,0.6306078504339483,0.3151407781326168
13947.0,65,1,90.6,1,At-Risk / Low-Engagement Customers,-1.576732870348036,-1.153583125564935
13948.0,361,4,548.76,1,At-Risk / Low-Engagement Customers,-0.6486098613750698,0.6570076616816325
13949.0,3,6,2427.32,0,High-Value Loyal Customers,1.711501361026527,-1.2601366026472016
13950.0,11,4,745.06,0,High-Value Loyal Customers,0.5860642987818753,-1.1306190792048714
13951.0,176,3,674.45,1,At-Risk / Low-Engagement Customers,-0.4978066289092352,0.24232490164606543
13952.0,218,14,12823.521,0,High-Value Loyal Customers,1.7222729734728746,1.724771333358513
13953.0,7,12,6640.68,0,High-Value Loyal Customers,2.3972519231748337,-0.3500409348311723
13954.0,2,2,439.92,0,High-Value Loyal Customers,0.41597758917532013,-2.239664786498922
13955.0,154,3,545.17,1,At-Risk / Low-Engagement Customers,-0.5473175894541575,0.10552325897108873
13956.0,5,5,1026.42,0,High-Value Loyal Customers,1.0885371040382708,-1.3504051261132362
13957.0,418,3,458.25,1,At-Risk / Low-Engagement Customers,-0.9443659448669199,0.6021336250323129
13958.0,380,8,4709.2300000000005,0,High-Value Loyal Customers,0.7177629760167171,1.5433734645599841
13959.0,79,6,1076.18,0,High-Value Loyal Customers,0.38892859572973826,0.14886837183296128
13960.0,21,2,230.22,1,At-Risk / Low-Engagement Customers,-0.5092827497775271,-1.3339439383135387
13961.0,392,1,538.4,1,At-Risk / Low-Engagement Customers,-1.3823221877392557,0.36123732160852806
13962.0,22,3,362.8,1,At-Risk / Low-Engagement Customers,-0.10703825397548358,-1.0684499584734524
13963.0,308,17,3011.87,0,High-Value Loyal Customers,1.119750740226105,1.5477995747522102
13964.0,387,2,438.9,1,At-Risk / Low-Engagement Customers,-1.1576525359178294,0.4415497000035199
13965.0,477,3,996.61,1,At-Risk / Low-Engagement Customers,-0.6494337844249,0.9070197764176101
13966.0,435,1,390.86,1,At-Risk / Low-Engagement Customers,-1.5549432426124414,0.3228502829311462
13967.0,146,2,166.3,1,At-Risk / Low-Engagement Customers,-1.2643857868951214,-0.38317681042896046
13968.0,423,1,123.66,1,At-Risk / Low-Engagement Customers,-2.0442486203036805,-0.035389375908030644
13969.0,7,35,13365.87,0,High-Value Loyal Customers,3.4784393965760385,0.23215885772335676
13970.0,386,2,846.55,1,At-Risk / Low-Engagement Customers,-0.8714751633996094,0.6364386616165733
13971.0,19,14,4667.57,0,High-Value Loyal Customers,2.056664200505002,0.10220613970239026
13972.0,71,2,190.25,1,At-Risk / Low-Engagement Customers,-0.9753215280400664,-0.7368122989438165
13973.0,287,1,264.7,1,At-Risk / Low-Engagement Customers,-1.5898787314887555,-0.02217936382020785
13974.0,49,2,677.72,1,At-Risk / Low-Engagement Customers,-0.3062711301793264,-0.5587745364982429
13975.0,31,12,5358.84,0,High-Value Loyal Customers,1.8555889687020541,0.35039619263782457
13976.0,207,4,1192.36,1,At-Risk / Low-Engagement Customers,-0.13217143613036236,0.5833917976089231
13977.0,411,1,519.8100000000001,1,At-Risk / Low-Engagement Customers,-1.4128523639006558,0.3767798652980446
13978.0,15,2,196.79000000000002,1,At-Risk / Low-Engagement Customers,-0.47423425623110116,-1.5563378143668483
13979.0,73,7,3416.23,0,High-Value Loyal Customers,1.0183098728680535,0.5003360105495074
13980.0,60,5,799.92,1,At-Risk / Low-Engagement Customers,0.23011546520285156,-0.14582222703766362
13981.0,416,1,331.14,1,At-Risk / Low-Engagement Customers,-1.6124764092841468,0.24877849302940314
13982.0,39,9,4445.59,0,High-Value Loyal Customers,1.5020357763780607,0.32152200389742785
13983.0,30,21,7108.45,0,High-Value Loyal Customers,2.390024669161829,0.6100161555750934
13984.0,27,12,2048.6,0,High-Value Loyal Customers,1.480514849240076,-0.01101347384861252
13985.0,4,22,10020.86,0,High-Value Loyal Customers,3.163424766414144,-0.27728482137499744
13986.0,17,1,320.46,1,At-Risk / Low-Engagement Customers,-0.6102628065311807,-1.4944048343024812
13987.0,380,2,682.54,1,At-Risk / Low-Engagement Customers,-0.9599971842112073,0.5634414257759872
13988.0,20,8,4757.8,0,High-Value Loyal Customers,1.6596035973147232,-0.05213296244143364
13989.0,66,5,2026.06,0,High-Value Loyal Customers,0.6038019183823751,0.18389221392879437
13990.0,213,1,311.3,1,At-Risk / Low-Engagement Customers,-1.4235149892051135,-0.13761113098873984
13991.0,12,6,855.97,0,High-Value Loyal Customers,0.8771099484748182,-0.9218213908574723
13992.0,30,3,219.5,1,At-Risk / Low-Engagement Customers,-0.421438323992859,-1.053697686546742
13993.0,43,19,6775.71,0,High-Value Loyal Customers,2.183210662182906,0.7539387394073521
13994.0,4,6,2313.14,0,High-Value Loyal Customers,1.6183757129413738,-1.151476257839722
13995.0,15,14,3902.01,0,High-Value Loyal Customers,2.0509052091997315,-0.07448564188538936
13996.0,386,2,895.76,1,At-Risk / Low-Engagement Customers,-0.8469185344812409,0.6533333255208545
13997.0,519,3,382.31,1,At-Risk / Low-Engagement Customers,-1.0928577238857657,0.6671405071849452
13998.0,447,3,566.7,1,At-Risk / Low-Engagement Customers,-0.8737688348513026,0.7025064187523857
13999.0,10,29,9502.26,0,High-Value Loyal Customers,3.087952061298793,0.2389490237349439
14000.0,211,5,2046.3400000000001,1,At-Risk / Low-Engagement Customers,0.2355814502882236,0.8222121377836711
14001.0,46,9,4530.09,0,High-Value Loyal Customers,1.458068382685643,0.41610648018806645
14002.0,134,2,529.73,1,At-Risk / Low-Engagement Customers,-0.7345304783416973,-0.08456122403955973
14003.0,733,1,209.41,1,At-Risk / Low-Engagement Customers,-1.9939733019523451,0.4239924464785647
14004.0,43,11,6258.45,0,High-Value Loyal Customers,1.7590538999997964,0.5431906002374605
14005.0,10,5,2874.72,0,High-Value Loyal Customers,1.34032979178511,-0.7079807150327488
14006.0,116,7,2196.67,0,High-Value Loyal Customers,0.6780763456895958,0.6208696893508872
14007.0,513,1,79.48,1,At-Risk / Low-Engagement Customers,-2.2968984554426317,-0.060208013786046295
14008.0,432,1,509.04,1,At-Risk / Low-Engagement Customers,-1.4380232752045135,0.39794520024377045
14009.0,198,3,1099.91,1,At-Risk / Low-Engagement Customers,-0.32314316052941683,0.45317799072237736
14010.0,565,2,445.15,1,At-Risk / Low-Engagement Customers,-1.273636035863979,0.6540361532165414
14011.0,480,2,457.82,1,At-Risk / Low-Engagement Customers,-1.2088218873077559,0.5726648808627904
14012.0,278,1,328.8,1,At-Risk / Low-Engagement Customers,-1.4855761841675725,0.025003679999906894
14013.0,110,5,1084.57,1,At-Risk / Low-Engagement Customers,0.1688097660893817,0.2754046160242499
14014.0,77,3,1948.21,1,At-Risk / Low-Engagement Customers,0.22834566161072906,0.10760084049569285
14015.0,53,1,917.34,1,At-Risk / Low-Engagement Customers,-0.508855081895346,-0.5742301208241798
14016.0,162,11,11403.41,0,High-Value Loyal Customers,1.5965312005077368,1.4450739907329362
14017.0,571,1,229.75,1,At-Risk / Low-Engagement Customers,-1.8731705469289561,0.314072370724718
14018.0,645,1,367.15000000000003,1,At-Risk / Low-Engagement Customers,-1.7092570671842566,0.5210171271057644
14019.0,47,3,1421.61,0,High-Value Loyal Customers,0.2483433763242851,-0.25446004583747434
14020.0,17,4,1249.01,0,High-Value Loyal Customers,0.6794843994200518,-0.7524871013008573
14021.0,155,7,1716.58,0,High-Value Loyal Customers,0.47778738243030006,0.7057605723835887
14022.0,225,2,792.15,1,At-Risk / Low-Engagement Customers,-0.7263716131439295,0.3199016180047378
14023.0,7,2,584.07,0,High-Value Loyal Customers,0.22182951797108197,-1.61400169714883
14024.0,122,3,645.74,1,At-Risk / Low-Engagement Customers,-0.3989895831936593,0.02857362790806137
14025.0,465,8,4057.9,0,High-Value Loyal Customers,0.5878751567534692,1.609900121339227
14026.0,471,2,713.11,1,At-Risk / Low-Engagement Customers,-1.0102317239306453,0.6946715794424096
14027.0,61,1,104.82,1,At-Risk / Low-Engagement Customers,-1.4937229778543046,-1.144868717878365
14028.0,550,3,10396.5,0,High-Value Loyal Customers,0.32446696037579453,1.6870662987062004
14029.0,63,2,467.66,1,At-Risk / Low-Engagement Customers,-0.5472448168290175,-0.5334735040474321
14030.0,18,20,8262.29,0,High-Value Loyal Customers,2.578314859934425,0.36799347739675636
14031.0,7,44,40999.17,0,High-Value Loyal Customers,4.1362963442209235,0.649344234123739
14032.0,2,16,4850.2699999999995,0,High-Value Loyal Customers,2.782406717158215,-0.8868664460518388
14033.0,555,1,109.44,1,At-Risk / Low-Engagement Customers,-2.1846070862251206,0.07784677113016723
14034.0,22,3,651.8199999999999,1,At-Risk / Low-Engagement Customers,0.1473662490342282,-0.8934227351370346
14035.0,29,9,2856.72,0,High-Value Loyal Customers,1.4027138927275842,0.03050247928919552
14036.0,285,1,626.65,1,At-Risk / Low-Engagement Customers,-1.2136024100272673,0.231299930566475
14037.0,176,6,836.95,1,At-Risk / Low-Engagement Customers,0.022815189709682823,0.5116969722163673
14038.0,78,5,3069.88,0,High-Value Loyal Customers,0.7312486564382671,0.39910680404087884
14039.0,33,2,267.28000000000003,1,At-Risk / Low-Engagement Customers,-0.5853924073515007,-1.0493379766606057
14040.0,41,35,12645.57,0,High-Value Loyal Customers,2.9180241244597767,1.1301914895905412
14041.0,266,1,141.41,1,At-Risk / Low-Engagement Customers,-1.8367479717785147,-0.2506289850471323
14042.0,725,1,431.98,1,At-Risk / Low-Engagement Customers,-1.6764427182744792,0.6339665605795186
14043.0,491,2,304.25,1,At-Risk / Low-Engagement Customers,-1.3934518716365611,0.4631446202754828
14044.0,27,10,3123.1,0,High-Value Loyal Customers,1.536499050876411,0.05401399268562117
14045.0,109,16,11313.029999999999,0,High-Value Loyal Customers,1.9859183527421496,1.3532723230537256
14046.0,284,1,154.99,1,At-Risk / Low-Engagement Customers,-1.8182183571015085,-0.18737982955816881
14047.0,9,14,4255.03,0,High-Value Loyal Customers,2.2405915915664667,-0.3078013849971791
14048.0,305,3,748.69,1,At-Risk / Low-Engagement Customers,-0.629488239657551,0.5754851386071184
14049.0,17,13,13239.03,0,High-Value Loyal Customers,2.4916689054162107,0.33087623698325047
14050.0,32,2,746.36,1,At-Risk / Low-Engagement Customers,-0.12996553600996585,-0.7591182019306365
14051.0,1,37,22434.0,0,High-Value Loyal Customers,4.193355803526358,-0.35766230402328064
14052.0,20,2,480.81,1,At-Risk / Low-Engagement Customers,-0.1747917087449267,-1.1398280884643985
14053.0,124,4,572.3,1,At-Risk / Low-Engagement Customers,-0.28645878461275165,0.08306654292370418
14054.0,65,1,92.46,1,At-Risk / Low-Engagement Customers,-1.567986279614082,-1.1475655768513195
14055.0,106,3,1520.96,1,At-Risk / Low-Engagement Customers,0.018448490292421207,0.2078944644401323
14056.0,1,23,8214.65,0,High-Value Loyal Customers,3.4057696980824566,-0.8265855402088426
14057.0,24,22,8408.84,0,High-Value Loyal Customers,2.5665886491563086,0.5579235020939931
14058.0,463,2,469.19,1,At-Risk / Low-Engagement Customers,-1.1865332734428577,0.5601458843934405
14059.0,267,1,183.6,1,At-Risk / Low-Engagement Customers,-1.7250555879529863,-0.17089223620617314
14060.0,5,30,9519.08,0,High-Value Loyal Customers,3.309770309792678,-0.0828404397480692
14061.0,507,3,917.4300000000001,1,At-Risk / Low-Engagement Customers,-0.7051026692368212,0.915838706348812
14062.0,10,24,25604.2,0,High-Value Loyal Customers,3.3801529809533934,0.46891364214856734
14063.0,438,9,22710.2,0,High-Value Loyal Customers,1.4367652173533045,2.131004242842686
14064.0,29,15,3332.42,0,High-Value Loyal Customers,1.8281835402283546,0.24863220317337434
14065.0,389,3,891.02,1,At-Risk / Low-Engagement Customers,-0.6323051663872647,0.7613078314415431
14066.0,267,1,152.55,1,At-Risk / Low-Engagement Customers,-1.8051866822675267,-0.2260214606297173
14067.0,64,2,374.7,1,At-Risk / Low-Engagement Customers,-0.6484550946614694,-0.5911035612339793
14068.0,320,4,1528.3700000000001,1,At-Risk / Low-Engagement Customers,-0.1645646926553524,0.896978778297107
14069.0,515,2,230.06,1,At-Risk / Low-Engagement Customers,-1.5300125208505975,0.40606018783807796
14070.0,685,1,326.55,1,At-Risk / Low-Engagement Customers,-1.7795297484354384,0.5191752972356284
14071.0,4,8,1438.82,0,High-Value Loyal Customers,1.6035887995483749,-1.2015323670375835
14072.0,667,1,390.85,1,At-Risk / Low-Engagement Customers,-1.692942564205289,0.5581640231076207
14073.0,32,1,151.04,1,At-Risk / Low-Engagement Customers,-1.132078377220109,-1.3842135551920096
14074.0,623,1,219.39999999999998,1,At-Risk / Low-Engagement Customers,-1.9212795563293101,0.34832721542689005
14075.0,5,6,1734.87,0,High-Value Loyal Customers,1.4343028530028423,-1.1369857482039452
14076.0,129,1,122.47,1,At-Risk / Low-Engagement Customers,-1.6660686386659698,-0.6903158638739213
14077.0,41,6,615.0799999999999,0,High-Value Loyal Customers,0.35422627956377006,-0.37378654195587036
14078.0,102,9,1692.6299999999999,0,High-Value Loyal Customers,0.7761331724458591,0.5542675037230492
14079.0,125,2,618.73,1,At-Risk / Low-Engagement Customers,-0.6447619220165441,-0.07620714378706431
14080.0,33,5,1115.68,0,High-Value Loyal Customers,0.5637709321510278,-0.36872799196178074
14081.0,302,10,5370.1,0,High-Value Loyal Customers,1.002029193260582,1.5297847917470593
14082.0,365,2,413.36,1,At-Risk / Low-Engagement Customers,-1.1647981345513734,0.3914493506949288
14083.0,4,11,1407.26,0,High-Value Loyal Customers,1.8133622899744923,-1.1028650750825622
14084.0,512,1,150.5,1,At-Risk / Low-Engagement Customers,-2.0210314039168242,0.12807773574119907
14085.0,2,33,10104.97,0,High-Value Loyal Customers,3.630391326365494,-0.41346378774830544
14086.0,463,1,39.95,1,At-Risk / Low-Engagement Customers,-2.55778100292194,-0.31890981063061274
14087.0,3,3,846.22,0,High-Value Loyal Customers,0.8265162147811228,-1.7801862389272851
14088.0,10,16,64036.8,0,High-Value Loyal Customers,3.4848569047660285,0.60215222508627
14089.0,57,1,161.0,1,At-Risk / Low-Engagement Customers,-1.2868609750437112,-1.0541742322041467
14090.0,325,1,76.32000000000001,1,At-Risk / Low-Engagement Customers,-2.1670629836183375,-0.32333879620451056
14091.0,654,2,9530.08,1,At-Risk / Low-Engagement Customers,0.011272418100710559,1.6510843317189028
14092.0,8,24,7229.45,0,High-Value Loyal Customers,2.8948676295955265,-0.02029082176183825
14093.0,12,1,442.85,1,At-Risk / Low-Engagement Customers,-0.3646421908439374,-1.577321902399837
14094.0,440,1,335.22,1,At-Risk / Low-Engagement Customers,-1.6252626158102588,0.2832978873297358
14095.0,723,1,2.95,1,At-Risk / Low-Engagement Customers,-3.719226939996743,-0.7735796733115222
14096.0,4,17,65164.79,0,High-Value Loyal Customers,3.7910566698906547,0.1934185859245507
14097.0,481,2,422.85999999999996,1,At-Risk / Low-Engagement Customers,-1.2439777141893182,0.5500857281695178
14098.0,37,1,147.35,1,At-Risk / Low-Engagement Customers,-1.188397025514821,-1.3137548019692111
14099.0,16,20,5765.71,0,High-Value Loyal Customers,2.4577717341301017,0.19896436960748537
14100.0,138,1,194.9,1,At-Risk / Low-Engagement Customers,-1.4868715804912898,-0.5152143273649648
14101.0,74,13,9961.93,0,High-Value Loyal Customers,1.9063706335778752,1.0328920460865332
14102.0,5,5,1360.28,0,High-Value Loyal Customers,1.2109645341077284,-1.2661765338840623
14104.0,155,5,771.5799999999999,1,At-Risk / Low-Engagement Customers,-0.08925026887034611,0.361299855643563
14105.0,239,5,5988.83,0,High-Value Loyal Customers,0.662553985550092,1.211990035986069
14106.0,737,1,214.79999999999998,1,At-Risk / Low-Engagement Customers,-1.9847254958319946,0.43456176065594077
14107.0,52,11,4877.3,0,High-Value Loyal Customers,1.5903939977027577,0.5712115984437309
14108.0,31,4,1044.96,0,High-Value Loyal Customers,0.41585409353995867,-0.4884870273858856
14109.0,73,1,144.2,1,At-Risk / Low-Engagement Customers,-1.4132917013716555,-0.9525754760084447
14110.0,4,33,12987.95,0,High-Value Loyal Customers,3.5743766293037225,-0.05658428809835046
14111.0,14,4,692.85,0,High-Value Loyal Customers,0.4823270142257482,-1.0292594120371235
14112.0,23,13,5834.59,0,High-Value Loyal Customers,2.04215715241117,0.24430485277892808
14113.0,4,16,7092.610000000001,0,High-Value Loyal Customers,2.782512347330808,-0.49137683953523376
14114.0,274,7,1364.09,1,At-Risk / Low-Engagement Customers,0.19449072797121922,0.9496902411015321
14115.0,502,2,622.6700000000001,1,At-Risk / Low-Engagement Customers,-1.0897251900300946,0.6892208120614961
14116.0,20,5,1382.74,0,High-Value Loyal Customers,0.8129092044445239,-0.5703023016331722
14117.0,144,1,90.0,1,At-Risk / Low-Engagement Customers,-1.8341537779053962,-0.7214280540137493
14118.0,429,1,458.45,1,At-Risk / Low-Engagement Customers,-1.4812252708205307,0.3628409835976558
14119.0,376,2,183.37,1,At-Risk / Low-Engagement Customers,-1.5267190619250544,0.16537389896628887
14121.0,4,4,2780.15,0,High-Value Loyal Customers,1.4417300898859742,-1.219609115877074
14122.0,406,3,362.42,1,At-Risk / Low-Engagement Customers,-1.0367978960363318,0.516048717293401
14123.0,733,1,436.18,1,At-Risk / Low-Engagement Customers,-1.6757868726397258,0.6429008642426604
14124.0,84,1,419.58000000000004,1,At-Risk / Low-Engagement Customers,-0.9953703032928246,-0.5577746321480112
14125.0,11,3,2740.43,0,High-Value Loyal Customers,0.9821292801689054,-0.8227189061376989
14126.0,8,4,1172.46,0,High-Value Loyal Customers,0.8761695450300866,-1.153717445061304
14127.0,123,6,1900.0800000000002,0,High-Value Loyal Customers,0.494358120567779,0.5606444441934303
14128.0,61,3,924.21,1,At-Risk / Low-Engagement Customers,-0.02162615784211528,-0.24208440156476746
14129.0,2,9,2591.34,0,High-Value Loyal Customers,2.1050221863393674,-1.2686896083879675
14130.0,319,4,1882.67,1,At-Risk / Low-Engagement Customers,-0.07289448221213098,0.9576315650947865
14131.0,649,1,187.87,1,At-Risk / Low-Engagement Customers,-2.001656133865076,0.32462835411914986
14132.0,2,11,3586.0299999999997,0,High-Value Loyal Customers,2.3853860935256628,-1.104736545956794
14133.0,130,4,911.14,1,At-Risk / Low-Engagement Customers,-0.09956631325597706,0.24793767851428997
14134.0,383,15,11123.35,0,High-Value Loyal Customers,1.5279887562260708,2.0155615419721755
14135.0,2,24,9643.92,0,High-Value Loyal Customers,3.375553730945868,-0.5399920181509275
14136.0,401,5,1570.81,1,At-Risk / Low-Engagement Customers,-0.08637161961187269,1.0960159325755885
14137.0,696,1,332.7,1,At-Risk / Low-Engagement Customers,-1.7765810580253332,0.5335177649694752
14138.0,2,2,982.3800000000001,0,High-Value Loyal Customers,0.764989083501604,-1.9995490965573355
14139.0,46,4,1086.8,0,High-Value Loyal Customers,0.3085912650182612,-0.26471938009585294
14140.0,4,2,935.05,0,High-Value Loyal Customers,0.5783127069833255,-1.7325632531956596
14141.0,3,4,915.13,0,High-Value Loyal Customers,1.0307333765596947,-1.6750995525099048
14142.0,373,2,983.15,1,At-Risk / Low-Engagement Customers,-0.7954070257402392,0.662323360549869
14143.0,134,1,115.8,1,At-Risk / Low-Engagement Customers,-1.7024384293676922,-0.6861240262547352
14144.0,486,1,30.599999999999998,1,At-Risk / Low-Engagement Customers,-2.686205028948828,-0.36981461096917206
14145.0,47,7,7600.05,0,High-Value Loyal Customers,1.5061563327622254,0.5008995621730284
14146.0,9,12,9450.3,0,High-Value Loyal Customers,2.4785810299820734,-0.12135782711888213
14147.0,78,9,2590.2,0,High-Value Loyal Customers,1.0469588344322491,0.5352450039746816
14148.0,234,2,466.29,1,At-Risk / Low-Engagement Customers,-0.9691990597251725,0.1830672654905123
14149.0,221,1,446.62,1,At-Risk / Low-Engagement Customers,-1.2787559808205784,-0.009609101725603615
14150.0,36,2,658.64,1,At-Risk / Low-Engagement Customers,-0.22129280096896542,-0.7333881557889534
14151.0,673,2,679.45,1,At-Risk / Low-Engagement Customers,-1.1464604764927244,0.8767126477071542
14152.0,75,7,1997.3400000000001,0,High-Value Loyal Customers,0.7762451440158491,0.3544416046252989
14153.0,483,1,233.4,1,At-Risk / Low-Engagement Customers,-1.812312364867757,0.22662980810384833
14154.0,239,8,6460.7,0,High-Value Loyal Customers,1.004798339134585,1.383103844935273
14155.0,266,1,118.75,1,At-Risk / Low-Engagement Customers,-1.9121533544148261,-0.30250697695103307
14156.0,10,156,313946.37,0,High-Value Loyal Customers,5.872085348282445,1.891747555650633
14157.0,20,5,1002.78,0,High-Value Loyal Customers,0.6732331455950569,-0.6663977419959672
14158.0,40,1,507.66,1,At-Risk / Low-Engagement Customers,-0.6768343916757786,-0.9029871627526029
14159.0,20,20,7938.01,0,High-Value Loyal Customers,2.528526223811512,0.41121152024875246
14160.0,610,7,8421.47,0,High-Value Loyal Customers,0.7280442757842287,1.934732083202589
14161.0,216,7,3318.88,0,High-Value Loyal Customers,0.6577829320238484,1.0850718249968283
14162.0,174,2,289.36,1,At-Risk / Low-Engagement Customers,-1.0808885762936766,-0.1219704892338689
14163.0,87,5,2594.62,0,High-Value Loyal Customers,0.6231966363899925,0.4082823817378886
14164.0,71,2,1631.77,1,At-Risk / Low-Engagement Customers,-0.0422604333325336,-0.09487754276670844
14165.0,276,1,122.53999999999999,1,At-Risk / Low-Engagement Customers,-1.9104880201695225,-0.27289943081291185
14166.0,505,2,256.85,1,At-Risk / Low-Engagement Customers,-1.4759517998119558,0.42810460404890266
14167.0,39,8,1296.49,0,High-Value Loyal Customers,0.885755644069692,-0.0857508618642345
14168.0,421,2,370.45,1,At-Risk / Low-Engagement Customers,-1.258410916618544,0.4372513645417968
14169.0,431,2,624.4300000000001,1,At-Risk / Low-Engagement Customers,-1.0392851296260481,0.6061362875750276
14170.0,375,3,597.33,1,At-Risk / Low-Engagement Customers,-0.7942388842434013,0.6216010991471572
14171.0,98,2,498.79,1,At-Risk / Low-Engagement Customers,-0.6603531756040016,-0.2736110631601365
14172.0,605,3,402.72,1,At-Risk / Low-Engagement Customers,-1.1197862440763384,0.7670869756616644
14173.0,11,6,586.0,0,High-Value Loyal Customers,0.738363713941683,-1.07923611795128
14174.0,33,1,134.46,1,At-Risk / Low-Engagement Customers,-1.191973936027565,-1.4023125672922159
14175.0,60,8,7678.88,0,High-Value Loyal Customers,1.522963012767935,0.679295090374601
14176.0,297,5,916.01,1,At-Risk / Low-Engagement Customers,-0.22401396974732268,0.7695938898519474
14177.0,86,13,2229.34,0,High-Value Loyal Customers,1.207139093926733,0.6667172939195392
14178.0,9,7,1620.93,0,High-Value Loyal Customers,1.3413938444500775,-0.8266801446379558
14179.0,41,2,719.78,1,At-Risk / Low-Engagement Customers,-0.2237199838516174,-0.6369428035880246
14180.0,11,33,6319.25,0,High-Value Loyal Customers,2.977804185605652,0.2106588401855356
14181.0,411,2,310.55,1,At-Risk / Low-Engagement Customers,-1.327169627048406,0.37138238274061813
14182.0,444,4,678.77,1,At-Risk / Low-Engagement Customers,-0.6230137829491977,0.8344096451028764
14183.0,411,2,286.29,1,At-Risk / Low-Engagement Customers,-1.3624425578156132,0.34711503268162053
14184.0,67,1,452.89,1,At-Risk / Low-Engagement Customers,-0.890036210587388,-0.6580357146080665
14185.0,331,1,197.65,1,At-Risk / Low-Engagement Customers,-1.7624002239915237,-0.030818462410177622
14186.0,427,5,1550.63,1,At-Risk / Low-Engagement Customers,-0.11226340967295369,1.1267147807037199
14187.0,474,1,123.5,1,At-Risk / Low-Engagement Customers,-2.0815425484307215,0.026873243579508002
14188.0,31,6,2054.36,0,High-Value Loyal Customers,0.9664036000825054,-0.16311281651382936
14189.0,2,16,5814.39,0,High-Value Loyal Customers,2.86127698681203,-0.8326046537565398
14190.0,666,1,79.9,1,At-Risk / Low-Engagement Customers,-2.3789076526148385,0.08506867092539544
14191.0,2,15,4817.66,0,High-Value Loyal Customers,2.7332333350770956,-0.9110761819876934
14192.0,388,1,293.74,1,At-Risk / Low-Engagement Customers,-1.6419750013223855,0.17468033735315708
14193.0,68,3,1210.19,1,At-Risk / Low-Engagement Customers,0.06096650713209291,-0.10245728879475273
14194.0,5,36,18670.59,0,High-Value Loyal Customers,3.7378028837371855,0.18356239317394088
14195.0,202,6,2615.6,0,High-Value Loyal Customers,0.4739295232507984,0.9281498853731971
14196.0,107,1,335.52,1,At-Risk / Low-Engagement Customers,-1.169842659572423,-0.4924342387640348
14197.0,411,1,390.05,1,At-Risk / Low-Engagement Customers,-1.5375315630727997,0.291002083141117
14198.0,18,9,1569.73,0,High-Value Loyal Customers,1.2900382024918424,-0.4005819271702697
14199.0,218,4,1091.7,1,At-Risk / Low-Engagement Customers,-0.18718067123920637,0.5854369774981818
14200.0,617,1,379.2,1,At-Risk / Low-Engagement Customers,-1.680912337065633,0.5062179212757077
14201.0,60,10,1193.54,0,High-Value Loyal Customers,0.8663542592740686,0.19571032992074935
14202.0,381,3,847.76,1,At-Risk / Low-Engagement Customers,-0.6472317716366783,0.7349949446077606
14203.0,397,1,339.34,1,At-Risk / Low-Engagement Customers,-1.586782135780496,0.2303574989840986
14204.0,2,4,1062.96,0,High-Value Loyal Customers,1.1888665286524784,-1.7889931241297938
14205.0,17,9,2414.2,0,High-Value Loyal Customers,1.4947250877712677,-0.30161186480308255
14206.0,239,3,1185.01,1,At-Risk / Low-Engagement Customers,-0.35133494162842804,0.5787928779042943
14207.0,688,1,157.8,1,At-Risk / Low-Engagement Customers,-2.0959547798630127,0.30485648359968665
14208.0,95,2,567.05,1,At-Risk / Low-Engagement Customers,-0.5946981030314876,-0.25226071369323155
14209.0,11,15,4993.27,0,High-Value Loyal Customers,2.300444979742971,-0.1357346461703239
14210.0,106,16,5861.52,0,High-Value Loyal Customers,1.7087958719350356,1.1412110686674715
14211.0,53,18,4402.29,0,High-Value Loyal Customers,1.890262268773885,0.7190599569823498
14212.0,90,2,2190.14,1,At-Risk / Low-Engagement Customers,0.009978871695508656,0.12234552596785994
14213.0,405,1,1192.2,1,At-Risk / Low-Engagement Customers,-1.047402020412781,0.616849469442225
14214.0,31,5,1004.38,0,High-Value Loyal Customers,0.5376949198271979,-0.43359592870240954
14215.0,12,9,3416.33,0,High-Value Loyal Customers,1.7509900604638877,-0.37720574392849837
14216.0,3,5,2150.04,0,High-Value Loyal Customers,1.5411740614667688,-1.3528564477160743
14217.0,2,23,3416.89,0,High-Value Loyal Customers,2.8930374555234977,-0.8654790484638051
14218.0,43,1,169.48000000000002,1,At-Risk / Low-Engagement Customers,-1.17531379763067,-1.191271732829387
14219.0,4,3,633.83,0,High-Value Loyal Customers,0.6287732806825135,-1.743501322491952
14220.0,247,4,1515.0,1,At-Risk / Low-Engagement Customers,-0.08493736363911965,0.7520406949147157
14221.0,42,17,6517.49,0,High-Value Loyal Customers,2.0933836025017483,0.6910636320522076
14222.0,177,1,683.17,1,At-Risk / Low-Engagement Customers,-1.022714960722753,-0.004444189589163987
14223.0,92,3,991.13,1,At-Risk / Low-Engagement Customers,-0.12237910964202234,0.0024588630384566757
14224.0,110,9,1897.9,0,High-Value Loyal Customers,0.8017167937184514,0.6297704148640719
14225.0,435,4,2037.02,1,At-Risk / Low-Engagement Customers,-0.13866946109514872,1.1518167707213103
14226.0,29,6,3002.53,0,High-Value Loyal Customers,1.1523284393343047,-0.08515637808584949
14227.0,26,15,6368.71,0,High-Value Loyal Customers,2.1440141289513246,0.3843629745907997
14228.0,438,3,745.5,1,At-Risk / Low-Engagement Customers,-0.7480725297518337,0.7732750355965243
14229.0,52,7,2594.04,0,High-Value Loyal Customers,1.0065075095682916,0.2338509214123519
14230.0,436,3,979.8000000000001,1,At-Risk / Low-Engagement Customers,-0.627823878495635,0.8524700628216222
14231.0,184,4,1235.6200000000001,1,At-Risk / Low-Engagement Customers,-0.07877805327207939,0.5294180401190872
14232.0,43,5,2048.07,0,High-Value Loyal Customers,0.7445022920798245,-0.044808140050715886
14233.0,49,7,2904.27,0,High-Value Loyal Customers,1.0744871056784129,0.2355156037011841
14234.0,22,4,775.46,0,High-Value Loyal Customers,0.39302531396287654,-0.759824520219478
14235.0,75,9,4717.99,0,High-Value Loyal Customers,1.320313940146404,0.6933421080280658
14236.0,81,5,1744.64,0,High-Value Loyal Customers,0.47342831213324776,0.250580348154805
14237.0,373,2,632.14,1,At-Risk / Low-Engagement Customers,-0.9873259579800462,0.5302854547021837
14238.0,326,3,434.23,1,At-Risk / Low-Engagement Customers,-0.8875591290590104,0.44931471390189226
14239.0,43,21,4263.17,0,High-Value Loyal Customers,2.0543445652371677,0.650154965259203
14240.0,30,3,1247.49,0,High-Value Loyal Customers,0.3329429429483448,-0.5346924923474579
14241.0,184,2,333.70000000000005,1,At-Risk / Low-Engagement Customers,-1.0370272182893385,-0.048779217156894386
14242.0,235,2,280.55,1,At-Risk / Low-Engagement Customers,-1.191013875819783,0.033748297074428085
14243.0,9,17,7431.05,0,High-Value Loyal Customers,2.622204937690288,-0.07418993227828026
14244.0,661,1,366.41999999999996,1,At-Risk / Low-Engagement Customers,-1.7180336350863141,0.5339174941241306
14245.0,220,2,1693.45,1,At-Risk / Low-Engagement Customers,-0.38884735350158894,0.5347964109118339
14246.0,111,3,1474.06,1,At-Risk / Low-Engagement Customers,-0.009941282154788716,0.22371464117815962
14247.0,278,5,772.66,1,At-Risk / Low-Engagement Customers,-0.2766677976616244,0.6823713650083766
14248.0,318,3,1032.95,1,At-Risk / Low-Engagement Customers,-0.503066387610735,0.6946679765413255
14249.0,411,12,5625.461,0,High-Value Loyal Customers,1.0502664035199343,1.7743260777712924
14250.0,7,3,1904.05,0,High-Value Loyal Customers,0.9549013903088992,-1.1553114430257663
14251.0,2,5,2879.7000000000003,0,High-Value Loyal Customers,1.7613040130174,-1.4240969706026336
14252.0,381,1,350.99,1,At-Risk / Low-Engagement Customers,-1.5588669297739108,0.21780147792131416
14253.0,493,2,363.40000000000003,1,At-Risk / Low-Engagement Customers,-1.317697738133959,0.5184028132989373
14254.0,433,1,601.03,1,At-Risk / Low-Engagement Customers,-1.3666211062141602,0.4488546686186872
14255.0,546,1,1000.63,1,At-Risk / Low-Engagement Customers,-1.2199615055380821,0.7288787744074647
14256.0,260,5,2473.9900000000002,1,At-Risk / Low-Engagement Customers,0.2508674036747026,0.9936851356102069
14257.0,64,9,5954.45,0,High-Value Loyal Customers,1.4721343414149808,0.6767692503953416
14258.0,9,25,32051.34,0,High-Value Loyal Customers,3.538606130268157,0.49792612632429256
14259.0,142,1,120.0,1,At-Risk / Low-Engagement Customers,-1.7056868421254197,-0.6437955581841878
14260.0,471,3,824.28,1,At-Risk / Low-Engagement Customers,-0.7278614816047552,0.8432845592997199
14261.0,51,2,1163.45,1,At-Risk / Low-Engagement Customers,-0.08408854932145292,-0.3755558641502654
14262.0,8,8,2618.23,0,High-Value Loyal Customers,1.6738337952964324,-0.6982141686356632
14263.0,423,1,322.93,1,At-Risk / Low-Engagement Customers,-1.628750840799195,0.2504680746825393
14264.0,155,6,1517.3600000000001,0,High-Value Loyal Customers,0.32230009360711914,0.6199782525765135
14265.0,109,4,1373.35,1,At-Risk / Low-Engagement Customers,0.13530962292164622,0.27428559548305687
14266.0,428,1,40.56,1,At-Risk / Low-Engagement Customers,-2.525981884888192,-0.35774120897126155
14267.0,163,3,1516.24,1,At-Risk / Low-Engagement Customers,-0.12101787288959859,0.4425020740911437
14268.0,471,1,354.85,1,At-Risk / Low-Engagement Customers,-1.6225448440281802,0.3377537231848742
14269.0,439,1,295.73,1,At-Risk / Low-Engagement Customers,-1.678891713094722,0.24464445315693906
14270.0,332,1,492.65000000000003,1,At-Risk / Low-Engagement Customers,-1.36730481179712,0.24333045050502256
14271.0,226,2,219.13,1,At-Risk / Low-Engagement Customers,-1.285514202324512,-0.06136417387854058
14272.0,74,4,920.81,1,At-Risk / Low-Engagement Customers,0.08539958345262502,-0.056516328364167354
14273.0,51,4,559.97,1,At-Risk / Low-Engagement Customers,-0.012251805131632142,-0.4071996392180235
14274.0,686,1,256.6,1,At-Risk / Low-Engagement Customers,-1.8845272629141314,0.4480658426744168
14275.0,396,6,1189.3799999999999,1,At-Risk / Low-Engagement Customers,-0.08569169525214501,1.0623322698984248
14276.0,99,7,2102.68,0,High-Value Loyal Customers,0.7098371610619285,0.5211881957687057
14277.0,15,9,17225.81,0,High-Value Loyal Customers,2.3876627725004416,0.22154566156141356
14278.0,410,1,205.83,1,At-Risk / Low-Engagement Customers,-1.813880428046132,0.09899629930962277
14279.0,521,2,191.86,1,At-Risk / Low-Engagement Customers,-1.6123806146929012,0.35834086908604956
14280.0,197,1,134.04,1,At-Risk / Low-Engagement Customers,-1.763170770901952,-0.43144272331332567
14281.0,408,1,245.15,1,At-Risk / Low-Engagement Customers,-1.7365754130858941,0.14840523611591983
14282.0,3,25,7849.66,0,High-Value Loyal Customers,3.2228646151313467,-0.4285772320114145
14283.0,463,4,628.4399999999999,1,At-Risk / Low-Engagement Customers,-0.6700062777984509,0.8344436277975401
14284.0,31,3,1299.65,0,High-Value Loyal Customers,0.3404831408203848,-0.5049290792066874
14285.0,21,8,3284.42,0,High-Value Loyal Customers,1.4833510810517696,-0.13738261972076338
14286.0,24,7,8479.76,0,High-Value Loyal Customers,1.7647849168181002,0.17388480801966746
14287.0,8,3,176.63,1,At-Risk / Low-Engagement Customers,-0.11550507207854468,-1.8005653435305007
14288.0,213,1,426.6,1,At-Risk / Low-Engagement Customers,-1.2867946792722589,-0.04354921015737586
14289.0,9,6,911.26,0,High-Value Loyal Customers,0.9891689412915673,-1.0478155653358168
14290.0,11,8,4516.56,0,High-Value Loyal Customers,1.8179619965853382,-0.3763684390216
14291.0,2,23,7904.1,0,High-Value Loyal Customers,3.257866118332443,-0.6144813377725357
14292.0,8,16,9226.25,0,High-Value Loyal Customers,2.706825136460601,-0.0884582355492042
14293.0,3,9,3267.9300000000003,0,High-Value Loyal Customers,2.1128799945774874,-1.0405962622281026
14294.0,407,1,375.34,1,At-Risk / Low-Engagement Customers,-1.551059142624463,0.27414326862287336
14295.0,40,5,2362.91,0,High-Value Loyal Customers,0.8295317731245389,-0.04097212135399993
14296.0,421,2,456.40000000000003,1,At-Risk / Low-Engagement Customers,-1.1678464718675736,0.4995586079680723
14297.0,18,4,1305.33,0,High-Value Loyal Customers,0.6811727964259059,-0.7094734637086028
14298.0,8,82,91194.49,0,High-Value Loyal Customers,4.912949575743263,1.177694137402765
14299.0,8,27,14499.49,0,High-Value Loyal Customers,3.2840852669353526,0.22950126567313472
14300.0,19,1,43.2,1,At-Risk / Low-Engagement Customers,-1.5076514076757026,-2.030240489552503
14301.0,117,4,1992.18,0,High-Value Loyal Customers,0.2743541501486405,0.4242898548410184
14302.0,431,3,742.9000000000001,1,At-Risk / Low-Engagement Customers,-0.7443919235285271,0.7633649151546089
14303.0,407,2,277.94,1,At-Risk / Low-Engagement Customers,-1.372120772263058,0.33290453483163096
14304.0,223,3,1725.01,1,At-Risk / Low-Engagement Customers,-0.16576190639766383,0.6530592817503754
14305.0,71,3,1858.96,1,At-Risk / Low-Engagement Customers,0.23384052099761737,0.049422242720183675
14306.0,51,6,3151.4,0,High-Value Loyal Customers,0.9954779111461206,0.23270903046925065
14307.0,89,10,5071.03,0,High-Value Loyal Customers,1.3697151723939296,0.8430817261396845
14308.0,549,2,1147.02,1,At-Risk / Low-Engagement Customers,-0.8531271993659164,0.9211439536309913
14309.0,8,11,3780.81,0,High-Value Loyal Customers,2.053074291099508,-0.48295562516048157
14310.0,433,1,492.1,1,At-Risk / Low-Engagement Customers,-1.4534659576017912,0.38910646047136277
14311.0,243,2,516.45,1,At-Risk / Low-Engagement Customers,-0.9369897520878128,0.23431868679564438
14312.0,47,11,3090.29,0,High-Value Loyal Customers,1.4239441378005777,0.37999239570673715
14314.0,107,2,229.8,1,At-Risk / Low-Engagement Customers,-1.0246726637062278,-0.45690520608321616
14315.0,45,8,3197.82,0,High-Value Loyal Customers,1.2331699594981356,0.261452101535244
14316.0,422,5,1370.34,1,At-Risk / Low-Engagement Customers,-0.1622059332439999,1.0832587694104494
14317.0,65,1,508.58000000000004,1,At-Risk / Low-Engagement Customers,-0.8300254670499091,-0.6398574568057283
14318.0,460,1,158.02,1,At-Risk / Low-Engagement Customers,-1.9653860181740512,0.08362973976722535
14319.0,424,1,494.85,1,At-Risk / Low-Engagement Customers,-1.4442686347750382,0.37921309995769115
14320.0,207,5,1346.75,1,At-Risk / Low-Engagement Customers,0.05982272680048115,0.6865475440295752
14321.0,11,7,2218.06,0,High-Value Loyal Customers,1.4188173072327834,-0.6322833254160045
14322.0,429,4,474.1,1,At-Risk / Low-Engagement Customers,-0.7677910349335075,0.7082623585169232
14323.0,115,2,605.0600000000001,1,At-Risk / Low-Engagement Customers,-0.6277222747930243,-0.12849359593310258
14324.0,410,2,701.61,1,At-Risk / Low-Engagement Customers,-0.9725381646609842,0.6134834381015131
14325.0,570,1,245.48000000000002,1,At-Risk / Low-Engagement Customers,-1.8439112148580943,0.3328479766792425
14326.0,242,3,940.98,1,At-Risk / Low-Engagement Customers,-0.45558602385701497,0.5166853454957638
14327.0,163,6,1894.93,0,High-Value Loyal Customers,0.40275292526460893,0.7140406045231403
14328.0,438,1,445.05,1,At-Risk / Low-Engagement Customers,-1.5008034694816206,0.365405750657117
14329.0,17,15,9927.22,0,High-Value Loyal Customers,2.4682632663502058,0.29358238450350516
14330.0,624,1,200.63,1,At-Risk / Low-Engagement Customers,-1.9605260112749403,0.3225656393445779
14331.0,124,2,462.65999999999997,1,At-Risk / Low-Engagement Customers,-0.7684227787476968,-0.16745227317051795
14332.0,23,5,1943.51,0,High-Value Loyal Customers,0.9177530794475715,-0.39480777733021455
14333.0,68,1,415.2,1,At-Risk / Low-Engagement Customers,-0.9324766139099653,-0.6759336452282162
14334.0,17,12,4318.48,0,High-Value Loyal Customers,1.9477812574266875,-0.03155116507925731
14335.0,16,2,468.26,1,At-Risk / Low-Engagement Customers,-0.11793259530842402,-1.2642786224992717
14336.0,17,4,1614.91,0,High-Value Loyal Customers,0.791196107787684,-0.6756307960922663
14338.0,161,3,928.1,1,At-Risk / Low-Engagement Customers,-0.33043860324694435,0.288925180602244
14339.0,243,2,620.27,1,At-Risk / Low-Engagement Customers,-0.8574296053449838,0.28905510619032665
14340.0,219,1,134.7,1,At-Risk / Low-Engagement Customers,-1.7951256906227508,-0.37187046538020047
14341.0,45,18,4467.32,0,High-Value Loyal Customers,1.9485000445819127,0.6350097348651573
14342.0,21,6,918.44,0,High-Value Loyal Customers,0.7375727559888056,-0.6105862023848253
14343.0,421,4,1088.91,1,At-Risk / Low-Engagement Customers,-0.40043876446145094,0.9464592489185294
14344.0,127,20,3333.7000000000003,0,High-Value Loyal Customers,1.5665195237921237,1.148507705564652
14345.0,39,1,108.97999999999999,1,At-Risk / Low-Engagement Customers,-1.3352029116039181,-1.3750506616662483
14346.0,121,5,2315.75,0,High-Value Loyal Customers,0.4680845593333702,0.5544449804306809
14347.0,737,1,82.6,1,At-Risk / Low-Engagement Customers,-2.397339018785133,0.15068864371355623
14348.0,260,1,409.57,1,At-Risk / Low-Engagement Customers,-1.3686924329144319,0.05379421608025619
14349.0,10,1,133.5,1,At-Risk / Low-Engagement Customers,-0.8300939293450087,-2.0268593293828685
14350.0,274,3,972.03,1,At-Risk / Low-Engagement Customers,-0.4814860682818678,0.5946268792230816
14351.0,165,1,51.0,1,At-Risk / Low-Engagement Customers,-2.1213898727533618,-0.8143463488097608
14352.0,157,4,1078.96,1,At-Risk / Low-Engagement Customers,-0.08669252337402246,0.4018544220073497
14353.0,215,3,376.5,1,At-Risk / Low-Engagement Customers,-0.8153575972133041,0.1779940425486491
14354.0,6,2,163.62,1,At-Risk / Low-Engagement Customers,-0.2867357051562617,-2.0672516295828034
14355.0,366,3,1014.45,1,At-Risk / Low-Engagement Customers,-0.5562568178214904,0.7665761604243716
14356.0,80,2,701.23,1,At-Risk / Low-Engagement Customers,-0.4474837762797591,-0.2824934965035206
14357.0,43,1,225.77,1,At-Risk / Low-Engagement Customers,-1.051170457212023,-1.105862615018473
14358.0,389,2,400.06,1,At-Risk / Low-Engagement Customers,-1.199534904564069,0.41671496125228386
14359.0,19,3,912.18,0,High-Value Loyal Customers,0.3386037228511714,-0.8700397776842621
14360.0,32,4,2128.23,0,High-Value Loyal Customers,0.7151851924049135,-0.258731302128747
14361.0,579,1,214.70999999999998,1,At-Risk / Low-Engagement Customers,-1.9069886826217295,0.3015571054292181
14362.0,22,1,161.2,1,At-Risk / Low-Engagement Customers,-0.9871720170046675,-1.563970846051601
14363.0,402,2,227.47000000000003,1,At-Risk / Low-Engagement Customers,-1.4549760691385418,0.26635628304132447
14364.0,109,8,3717.35,0,High-Value Loyal Customers,1.016677317593825,0.7873758300196074
14365.0,395,2,634.68,1,At-Risk / Low-Engagement Customers,-1.004070412716697,0.5630103254795373
14366.0,525,1,136.0,1,At-Risk / Low-Engagement Customers,-2.0728988284525807,0.11176506582042828
14367.0,8,16,9261.52,0,High-Value Loyal Customers,2.708485098942496,-0.08731620142397636
14368.0,320,1,155.0,1,At-Risk / Low-Engagement Customers,-1.856662568904538,-0.12175135305702865
14369.0,642,2,469.13,1,At-Risk / Low-Engagement Customers,-1.2921096931789957,0.7400601640902686
14370.0,451,6,1175.78,1,At-Risk / Low-Engagement Customers,-0.1326544941691826,1.1304553844574485
14371.0,295,1,100.5,1,At-Risk / Low-Engagement Customers,-2.0174454773044124,-0.29513127843949094
14372.0,443,2,860.08,1,At-Risk / Low-Engagement Customers,-0.9090227930029373,0.7169640397481672
14373.0,358,1,76.55,1,At-Risk / Low-Engagement Customers,-2.196956936430347,-0.26926536453692657
14374.0,541,1,108.0,1,At-Risk / Low-Engagement Customers,-2.1820695258173406,0.05985191520690293
14375.0,185,3,1132.99,1,At-Risk / Low-Engagement Customers,-0.28841172906843665,0.4247777743466293
14376.0,683,1,215.46,1,At-Risk / Low-Engagement Customers,-1.9588210199164897,0.393564997119929
14377.0,191,2,617.05,1,At-Risk / Low-Engagement Customers,-0.7821742503161851,0.15530530961504135
14378.0,622,1,131.25,1,At-Risk / Low-Engagement Customers,-2.142990571234427,0.19455121819638313
14379.0,44,4,1268.91,0,High-Value Loyal Customers,0.3900047686758599,-0.24236857662508302
14380.0,682,1,48.96,1,At-Risk / Low-Engagement Customers,-2.5962910180019683,-0.04613917258262627
14381.0,52,2,631.34,1,At-Risk / Low-Engagement Customers,-0.3559141291029333,-0.5478238615389707
14382.0,26,2,1246.8,1,At-Risk / Low-Engagement Customers,0.15796695884811357,-0.7163581327597389
14383.0,38,3,1247.69,0,High-Value Loyal Customers,0.25876238575585764,-0.4080201677115259
14384.0,501,1,58.5,1,At-Risk / Low-Engagement Customers,-2.420673846763012,-0.1636500546384608
14385.0,9,3,202.11,1,At-Risk / Low-Engagement Customers,-0.09125776123022968,-1.7023266302263023
14386.0,297,1,142.4,1,At-Risk / Low-Engagement Customers,-1.8692603236912437,-0.1879690431707024
14387.0,33,3,1770.56,0,High-Value Loyal Customers,0.4553213684348508,-0.3789938111267377
14388.0,10,16,6701.0,0,High-Value Loyal Customers,2.5027961523702396,-0.07349370337021811
14389.0,65,5,1898.01,0,High-Value Loyal Customers,0.580273329474457,0.15606439628977717
14390.0,10,13,6399.83,0,High-Value Loyal Customers,2.334706835779932,-0.158325109346716
14391.0,577,1,135.6,1,At-Risk / Low-Engagement Customers,-2.1046612561286024,0.16288692984852343
14392.0,432,1,266.4,1,At-Risk / Low-Engagement Customers,-1.7189893182872826,0.20464395836001306
14393.0,218,1,67.95,1,At-Risk / Low-Engagement Customers,-2.0882463869821226,-0.5770605018411491
14394.0,565,1,93.8,1,At-Risk / Low-Engagement Customers,-2.2568141882743995,0.041967637004621465
14395.0,2,20,8208.01,0,High-Value Loyal Customers,3.1724349233402083,-0.6520659117222662
14396.0,65,7,2121.93,0,High-Value Loyal Customers,0.8481888714322805,0.2947327169934483
14397.0,3,19,2612.96,0,High-Value Loyal Customers,2.544259569048778,-0.8538128327321203
14398.0,401,2,707.79,1,At-Risk / Low-Engagement Customers,-0.9615668070906931,0.6038927252884381
14399.0,394,8,2113.16,0,High-Value Loyal Customers,0.35753838255953224,1.3234768411047528
14400.0,149,3,1732.47,1,At-Risk / Low-Engagement Customers,-0.034188242799641666,0.43316829203228907
14401.0,4,22,6795.9,0,High-Value Loyal Customers,2.9944726962804338,-0.39352180367131384
14402.0,652,1,285.6,1,At-Risk / Low-Engagement Customers,-1.8216943331315314,0.45200432884507413
14403.0,130,6,1880.51,0,High-Value Loyal Customers,0.47209471242509704,0.5878363593997132
14404.0,34,13,2899.11,0,High-Value Loyal Customers,1.6158936937386796,0.24309447382480986
14405.0,387,1,195.0,1,At-Risk / Low-Engagement Customers,-1.8186560723105536,0.051133425807541086
14406.0,119,1,156.75,1,At-Risk / Low-Engagement Customers,-1.5335743375560824,-0.6611203806599789
14407.0,107,6,2157.73,0,High-Value Loyal Customers,0.594340391515238,0.5224924259723785
14408.0,11,11,4109.77,0,High-Value Loyal Customers,1.996321595875103,-0.29931352449992316
14409.0,71,9,3756.09,0,High-Value Loyal Customers,1.2386185105467498,0.5952845989767257
14410.0,92,11,2651.14,0,High-Value Loyal Customers,1.1433634838647513,0.6989277955649467
14411.0,311,1,1063.0,1,At-Risk / Low-Engagement Customers,-1.0120923698754838,0.43728966446327133
14412.0,43,3,1426.19,0,High-Value Loyal Customers,0.27788362472377726,-0.30148997368608876
14413.0,362,4,770.37,1,At-Risk / Low-Engagement Customers,-0.5021380458505498,0.759913878951105
14414.0,92,8,2399.33,0,High-Value Loyal Customers,0.8805403548892483,0.56376299344618
14415.0,1,23,12091.6,0,High-Value Loyal Customers,3.573960657824839,-0.7108721926629753
14416.0,22,2,490.22,1,At-Risk / Low-Engagement Customers,-0.19579840798354586,-1.083861537540721
14417.0,388,1,604.2,1,At-Risk / Low-Engagement Customers,-1.3289322196065225,0.3900499877368382
14418.0,4,3,1937.25,0,High-Value Loyal Customers,1.1144300109502983,-1.4093753617177083
14419.0,11,7,1260.91,0,High-Value Loyal Customers,1.1732192967690935,-0.8012517883160778
14420.0,99,4,1639.17,1,At-Risk / Low-Engagement Customers,0.24307015900781315,0.27464639107188654
14421.0,57,6,2469.37,0,High-Value Loyal Customers,0.8540832159147118,0.2199595432260809
14422.0,1,19,10271.52,0,High-Value Loyal Customers,3.363928075916198,-0.8264381533279179
14423.0,218,3,916.6099999999999,1,At-Risk / Low-Engagement Customers,-0.4333578698385285,0.45148229287736813
14424.0,18,1,322.08,1,At-Risk / Low-Engagement Customers,-0.6255623234454499,-1.4630786761712475
14425.0,435,3,661.39,1,At-Risk / Low-Engagement Customers,-0.79786764750944,0.7337086382577956
14426.0,24,17,11727.94,0,High-Value Loyal Customers,2.5243728750638024,0.5677798030088823
14427.0,50,4,1263.52,0,High-Value Loyal Customers,0.3476731167625984,-0.17460668221555786
14428.0,7,5,1244.83,0,High-Value Loyal Customers,1.0793603001471515,-1.1340313872178693
14429.0,404,1,516.28,1,At-Risk / Low-Engagement Customers,-1.4102691891004016,0.3652923044332489
14430.0,512,3,1220.9,1,At-Risk / Low-Engagement Customers,-0.5840495031238141,1.0067034120311136
14431.0,303,4,2614.2,1,At-Risk / Low-Engagement Customers,0.08646102467239947,1.027561412224294
14432.0,10,6,2255.51,0,High-Value Loyal Customers,1.3523956145255898,-0.7241428532664348
14433.0,466,1,289.6,1,At-Risk / Low-Engagement Customers,-1.7072359335467653,0.27124359759374894
14434.0,22,6,1372.8,0,High-Value Loyal Customers,0.8979214062081311,-0.4658593066165351
14435.0,502,1,90.42,1,At-Risk / Low-Engagement Customers,-2.2344452393192076,-0.033986576806684016
14436.0,99,2,271.70000000000005,1,At-Risk / Low-Engagement Customers,-0.9271969937009745,-0.44941667928526674
14437.0,366,5,958.84,1,At-Risk / Low-Engagement Customers,-0.2715115314233175,0.898131306083439
14438.0,306,1,131.9,1,At-Risk / Low-Engagement Customers,-1.9119693955899664,-0.19432036271756573
14439.0,320,5,9443.04,0,High-Value Loyal Customers,0.7666133498521056,1.508684100085915
14440.0,8,13,6638.7300000000005,0,High-Value Loyal Customers,2.4155526935436393,-0.2580381436464778
14441.0,1,11,4611.6900000000005,0,High-Value Loyal Customers,2.6259469159620417,-1.2530936852808414
14442.0,205,7,5367.0199999999995,0,High-Value Loyal Customers,0.8836890006728831,1.2002242131417633
14443.0,54,5,2386.47,0,High-Value Loyal Customers,0.7388369264043426,0.12402382200914935
14444.0,456,1,132.04,1,At-Risk / Low-Engagement Customers,-2.040181520667019,0.025425550707529932
14445.0,456,1,221.65,1,At-Risk / Low-Engagement Customers,-1.8161238219743672,0.17957453944545926
14446.0,1,5,1241.31,0,High-Value Loyal Customers,1.5264922958557356,-1.8995046718149293
14447.0,19,6,1711.73,0,High-Value Loyal Customers,1.0390680546801312,-0.47693823160308463
14448.0,9,2,375.35,1,At-Risk / Low-Engagement Customers,-0.04231421820668621,-1.6229997300234884
14449.0,19,8,2482.8,0,High-Value Loyal Customers,1.3924759309263928,-0.2736807755334478
14450.0,181,7,1128.44,1,At-Risk / Low-Engagement Customers,0.2455376465850125,0.6652996247106786
14451.0,60,12,3308.77,0,High-Value Loyal Customers,1.4371902413665343,0.5619275740396403
14452.0,11,4,665.59,0,High-Value Loyal Customers,0.537058078738638,-1.1643347663051655
14453.0,190,1,119.93,1,At-Risk / Low-Engagement Customers,-1.7995473123219965,-0.4843310632096694
14454.0,376,5,977.3,1,At-Risk / Low-Engagement Customers,-0.27191764785049966,0.9186616022283004
14455.0,432,4,628.21,1,At-Risk / Low-Engagement Customers,-0.6478014425100623,0.7961955137112184
14456.0,5,9,3062.4,0,High-Value Loyal Customers,1.9534876691200322,-0.8363961779854697
14457.0,311,1,113.64,1,At-Risk / Low-Engagement Customers,-1.9815030361786035,-0.22965315765047237
14458.0,381,1,237.42,1,At-Risk / Low-Engagement Customers,-1.7283702169072621,0.10118526499125662
14459.0,155,2,5375.741,1,At-Risk / Low-Engagement Customers,0.22622991515441854,0.688346913441596
14460.0,110,9,1093.5,0,High-Value Loyal Customers,0.5619840399405474,0.4648371776762937
14461.0,148,13,6713.5,0,High-Value Loyal Customers,1.512659353695472,1.2933930175987813
14462.0,66,12,2270.01,0,High-Value Loyal Customers,1.2429629039737942,0.5009241909016701
14463.0,98,4,786.5699999999999,1,At-Risk / Low-Engagement Customers,-0.07287340078174057,0.049501334782635964
14464.0,568,2,111.0,1,At-Risk / Low-Engagement Customers,-1.8767285354360619,0.2432078342035879
14465.0,247,11,3946.03,0,High-Value Loyal Customers,0.9991343211326694,1.3589344906236716
14466.0,29,13,4646.9,0,High-Value Loyal Customers,1.870974439917465,0.29926288067144646
14467.0,18,12,2220.9900000000002,0,High-Value Loyal Customers,1.641066572201837,-0.2007151207003291
14468.0,734,1,204.24,1,At-Risk / Low-Engagement Customers,-2.005238163987069,0.4172962368052249
14469.0,416,4,2112.21,1,At-Risk / Low-Engagement Customers,-0.10849533276559108,1.138086539749572
14470.0,12,3,712.04,0,High-Value Loyal Customers,0.37028699979413554,-1.1817000056834885
14471.0,591,2,400.95,1,At-Risk / Low-Engagement Customers,-1.3335553015870862,0.6475780738061285
14472.0,104,9,2228.22,0,High-Value Loyal Customers,0.8894702869798005,0.6471285697600517
14473.0,74,2,234.34000000000003,1,At-Risk / Low-Engagement Customers,-0.8982620163172851,-0.6521970336151425
14474.0,46,2,1278.08,1,At-Risk / Low-Engagement Customers,-0.010538538107818414,-0.40321024079093015
14475.0,72,4,1151.15,1,At-Risk / Low-Engagement Customers,0.19118967850523405,-0.004656219407014049
14476.0,257,1,215.7,1,At-Risk / Low-Engagement Customers,-1.6429994397154981,-0.14387462363306816
14477.0,20,7,1969.6,0,High-Value Loyal Customers,1.186156453370779,-0.3591670395748271
14478.0,382,4,1276.66,1,At-Risk / Low-Engagement Customers,-0.2999226413161646,0.9405509005137005
14479.0,254,4,1299.11,1,At-Risk / Low-Engagement Customers,-0.16078342755335687,0.7214057192814275
14480.0,11,4,1299.52,0,High-Value Loyal Customers,0.8278578409719425,-0.9642680444962252
14481.0,165,5,2311.4900000000002,0,High-Value Loyal Customers,0.36767942956529476,0.7237565742457744
14482.0,18,12,4357.91,0,High-Value Loyal Customers,1.934248330973885,0.000990385938443012
14483.0,282,2,257.1,1,At-Risk / Low-Engagement Customers,-1.2875908351572336,0.10788807315819854
14484.0,50,4,1070.98,0,High-Value Loyal Customers,0.27580025678068915,-0.22405434122731865
14485.0,39,1,165.75,1,At-Risk / Low-Engagement Customers,-1.1541135636647308,-1.2504633789309723
14486.0,512,2,175.5,1,At-Risk / Low-Engagement Customers,-1.6453249553717595,0.3222130616002074
14487.0,27,7,1453.61,0,High-Value Loyal Customers,0.9610148057476751,-0.29137450301474166
14488.0,68,1,1064.28,1,At-Risk / Low-Engagement Customers,-0.5235534283307774,-0.39459943579767165
14489.0,207,4,1574.93,1,At-Risk / Low-Engagement Customers,-0.011180683472749631,0.6666319731424389
14490.0,406,2,1273.47,1,At-Risk / Low-Engagement Customers,-0.7102772762121059,0.7863452915369623
14491.0,175,2,468.13,1,At-Risk / Low-Engagement Customers,-0.8739863230632219,0.024786451482455618
14492.0,430,7,1921.91,1,At-Risk / Low-Engagement Customers,0.19823891708724356,1.3000891212615566
14493.0,7,10,5130.15,0,High-Value Loyal Customers,2.1575664841569564,-0.48843060760208545
14494.0,26,3,401.46,1,At-Risk / Low-Engagement Customers,-0.11495531678992879,-0.9497796939930973
14495.0,51,3,174.8,1,At-Risk / Low-Engagement Customers,-0.6873056088620556,-0.8362162447639566
14496.0,312,7,2668.23,0,High-Value Loyal Customers,0.4443971113601472,1.2218128557870256
14497.0,309,2,697.0600000000001,1,At-Risk / Low-Engagement Customers,-0.8841522169092185,0.455986787204143
14498.0,43,10,3911.27,0,High-Value Loyal Customers,1.488201663079062,0.37065599506503394
14499.0,26,7,2138.9700000000003,0,High-Value Loyal Customers,1.1407509466421384,-0.19586946530913163
14500.0,88,3,356.85,1,At-Risk / Low-Engagement Customers,-0.5518541074062785,-0.32704546422102193
14501.0,184,2,251.21,1,At-Risk / Low-Engagement Customers,-1.1601499049344042,-0.13348613750721144
14502.0,20,11,2470.67,0,High-Value Loyal Customers,1.5939826456154056,-0.1429337182499245
14503.0,3,6,3543.26,0,High-Value Loyal Customers,1.876027394469792,-1.1469446801008072
14504.0,47,4,673.26,1,At-Risk / Low-Engagement Customers,0.0936728586938469,-0.39628374533496746
14505.0,17,19,12001.84,0,High-Value Loyal Customers,2.7210225414412985,0.43206545819964315
14506.0,17,7,3290.67,0,High-Value Loyal Customers,1.4592462417469627,-0.29060862935376675
14507.0,24,11,3284.43,0,High-Value Loyal Customers,1.661424626011796,0.038428007208258404
14508.0,22,5,874.94,0,High-Value Loyal Customers,0.5845359841258166,-0.6570014109796473
14509.0,534,1,110.95,1,At-Risk / Low-Engagement Customers,-2.166245996990334,0.06067592428151654
14510.0,376,3,1007.28,1,At-Risk / Low-Engagement Customers,-0.5680347106765445,0.7792828118262113
14511.0,11,5,1314.81,0,High-Value Loyal Customers,0.9720011806415854,-0.8940330861539583
14512.0,188,7,1223.47,1,At-Risk / Low-Engagement Customers,0.268481899242831,0.7102988072913647
14513.0,101,6,788.01,1,At-Risk / Low-Engagement Customers,0.17489556030647552,0.18967459825076002
14514.0,61,9,4598.9800000000005,0,High-Value Loyal Customers,1.3750492458309527,0.5733986391346758
14515.0,18,12,3749.2599999999998,0,High-Value Loyal Customers,1.8688099487169996,-0.04403043016563557
14516.0,516,1,163.92,1,At-Risk / Low-Engagement Customers,-1.9866139975320536,0.1577687523581804
14517.0,33,2,330.45,1,At-Risk / Low-Engagement Customers,-0.49339135928976363,-0.9860423675193185
14518.0,64,1,174.37,1,At-Risk / Low-Engagement Customers,-1.2892089249504255,-0.9675882823686279
14519.0,684,2,206.09,1,At-Risk / Low-Engagement Customers,-1.6692972811151314,0.5295385212501955
14520.0,2,2,270.6,0,High-Value Loyal Customers,0.2051549666801134,-2.384708202772215
14521.0,491,1,199.45000000000002,1,At-Risk / Low-Engagement Customers,-1.8856928634514294,0.18883493708399954
14522.0,24,8,1758.6200000000001,0,High-Value Loyal Customers,1.170328575788039,-0.25378580582148796
14523.0,108,1,241.09,1,At-Risk / Low-Engagement Customers,-1.3161244434594577,-0.5859399632216941
14524.0,32,13,2933.71,0,High-Value Loyal Customers,1.6400845485718405,0.21419057680619472
14525.0,20,17,8240.64,0,High-Value Loyal Customers,2.427232198227897,0.3659857333389262
14526.0,389,1,262.4,1,At-Risk / Low-Engagement Customers,-1.6917197586615225,0.14244390013190117
14527.0,3,122,27792.3,0,High-Value Loyal Customers,4.958234772514609,0.5187071057882564
14528.0,37,1,364.21999999999997,1,At-Risk / Low-Engagement Customers,-0.7964000556884429,-1.0440656244062603
14529.0,60,3,620.04,1,At-Risk / Low-Engagement Customers,-0.18981081721563461,-0.37038026416042324
14530.0,26,16,6197.4,0,High-Value Loyal Customers,2.178390733387446,0.3983927063408342
14531.0,480,1,376.34,1,At-Risk / Low-Engagement Customers,-1.6031404134390388,0.3657246705701391
14532.0,236,11,3859.1800000000003,0,High-Value Loyal Customers,1.0041267910225815,1.3272505830871029
14533.0,25,11,3466.37,0,High-Value Loyal Customers,1.672191283139326,0.07619507920381119
14534.0,3,26,6271.11,0,High-Value Loyal Customers,3.1539749950011404,-0.48196174174939116
14535.0,60,9,6030.7300000000005,0,High-Value Loyal Customers,1.4982138251460904,0.6455475315082674
14536.0,260,1,171.8,1,At-Risk / Low-Engagement Customers,-1.745237100835449,-0.20526396452841478
14537.0,58,2,641.4,1,At-Risk / Low-Engagement Customers,-0.38373241339082614,-0.48394650718751026
14538.0,65,5,1370.8400000000001,0,High-Value Loyal Customers,0.43878606506328843,0.058722868390772134
14539.0,16,2,537.48,1,At-Risk / Low-Engagement Customers,-0.05806507001087912,-1.2230904886538105
14540.0,10,11,3795.34,0,High-Value Loyal Customers,1.9898407521631152,-0.37112552837011215
14541.0,59,14,2499.68,0,High-Value Loyal Customers,1.429713276196146,0.5212789056534997
14542.0,186,1,103.25,1,At-Risk / Low-Engagement Customers,-1.8572803159175908,-0.5404338061381859
14543.0,29,39,14906.77,0,High-Value Loyal Customers,3.1787801586327444,1.0324135965164265
14544.0,24,3,2982.43,0,High-Value Loyal Customers,0.7815520891248257,-0.3925669899914964
14545.0,674,1,349.25,1,At-Risk / Low-Engagement Customers,-1.7451467622704646,0.5303175156589998
14546.0,5,11,5197.9,0,High-Value Loyal Customers,2.3226817019731296,-0.6113290626969383
14547.0,4,8,4007.54,0,High-Value Loyal Customers,2.0490964340576845,-0.8950284989029722
14548.0,151,9,2627.49,0,High-Value Loyal Customers,0.8415155242692529,0.9004819314673186
14549.0,311,4,916.5500000000001,1,At-Risk / Low-Engagement Customers,-0.37766391982940944,0.7283560135883411
14550.0,11,4,1353.31,0,High-Value Loyal Customers,0.8454917282882685,-0.9521361431458548
14551.0,18,7,880.04,0,High-Value Loyal Customers,0.8682709167066395,-0.6553404695921812
14552.0,152,3,511.28000000000003,1,At-Risk / Low-Engagement Customers,-0.5709895418713369,0.07918418886607372
14553.0,19,9,1841.54,0,High-Value Loyal Customers,1.3428933424086869,-0.32451341407950995
14554.0,10,4,2381.04,0,High-Value Loyal Customers,1.1193219160922345,-0.8310975451737819
14555.0,57,6,2315.63,0,High-Value Loyal Customers,0.8261258257073034,0.20072519665656033
14556.0,596,3,835.34,1,At-Risk / Low-Engagement Customers,-0.7980541532320499,0.9768523920630943
14557.0,85,1,788.38,1,At-Risk / Low-Engagement Customers,-0.7252054605110568,-0.36285088294682394
14558.0,654,3,655.5,1,At-Risk / Low-Engagement Customers,-0.9333858759234536,0.9555165084412148
14559.0,390,1,75.6,1,At-Risk / Low-Engagement Customers,-2.2299357065531615,-0.22585990178584125
14560.0,7,44,6114.03,0,High-Value Loyal Customers,3.3083675275038806,0.07973921457478111
14561.0,76,3,1080.76,1,At-Risk / Low-Engagement Customers,-0.023685858156825564,-0.07578199177962609
14562.0,4,26,6729.400000000001,0,High-Value Loyal Customers,3.1124890062913355,-0.33777393540888734
14563.0,510,2,679.44,1,At-Risk / Low-Engagement Customers,-1.0569230896366888,0.7240027026229582
14564.0,435,2,2605.62,1,At-Risk / Low-Engagement Customers,-0.4212105016297824,1.038498536477156
14565.0,96,5,3859.2200000000003,0,High-Value Loyal Customers,0.7643958674864857,0.5808005739687807
14566.0,111,4,4092.0,0,High-Value Loyal Customers,0.6043105904051932,0.6109002529313133
14567.0,57,2,1530.3600000000001,1,At-Risk / Low-Engagement Customers,-0.0002280112385203237,-0.23333247330919363
14568.0,435,1,919.7,1,At-Risk / Low-Engagement Customers,-1.1832639003126109,0.5785611783147937
14569.0,1,4,598.98,0,High-Value Loyal Customers,1.070751646220338,-2.184114813446783
14570.0,281,3,613.75,1,At-Risk / Low-Engagement Customers,-0.6894154414738903,0.47103109181430497
14571.0,425,1,161.65,1,At-Risk / Low-Engagement Customers,-1.9300281477368308,0.046835637571974564
14572.0,3,11,5615.18,0,High-Value Loyal Customers,2.4874116088320792,-0.8118569554453824
14573.0,180,13,2621.42,0,High-Value Loyal Customers,1.0406634706701114,1.1192622509902448
14574.0,733,1,143.70000000000002,1,At-Risk / Low-Engagement Customers,-2.156874498308221,0.3119183922105035
14575.0,488,1,460.71,1,At-Risk / Low-Engagement Customers,-1.5206754548220451,0.4352280891048195
14576.0,372,1,70.80000000000001,1,At-Risk / Low-Engagement Customers,-2.242849694150171,-0.2712260206125629
14577.0,13,7,1374.25,0,High-Value Loyal Customers,1.1607859798864912,-0.6904816964451448
14578.0,3,1,168.63,1,At-Risk / Low-Engagement Customers,-0.40194789404827247,-2.5153541944934474
14579.0,432,1,105.56,1,At-Risk / Low-Engagement Customers,-2.119301963000879,-0.07076630302205052
14580.0,518,1,14.850000000000001,1,At-Risk / Low-Engagement Customers,-3.0070046303055036,-0.54125896336904
14581.0,17,2,433.8,1,At-Risk / Low-Engagement Customers,-0.16960488859587666,-1.255583682506815
14582.0,41,1,114.11,1,At-Risk / Low-Engagement Customers,-1.3311466226818864,-1.33449277678889
14583.0,6,8,1781.03,0,High-Value Loyal Customers,1.587544644271156,-0.952116075773674
14584.0,169,8,1747.91,0,High-Value Loyal Customers,0.54769034595782,0.8016869479153054
14585.0,50,5,1143.27,0,High-Value Loyal Customers,0.4432526840006777,-0.13778301236417811
14586.0,277,1,237.36,1,At-Risk / Low-Engagement Customers,-1.6256952339733783,-0.07417597633481256
14587.0,19,9,1601.14,0,High-Value Loyal Customers,1.2820636051904073,-0.36636353809713784
14588.0,578,1,135.39,1,At-Risk / Low-Engagement Customers,-2.10588974904398,0.16337981311601069
14589.0,372,1,79.5,1,At-Risk / Low-Engagement Customers,-2.1930855883750673,-0.23698891728855556
14590.0,425,20,3006.62,0,High-Value Loyal Customers,1.1327121897738508,1.7808073469626915
14591.0,15,4,1447.14,0,High-Value Loyal Customers,0.7815947209330847,-0.7734092428850758
14592.0,35,3,570.46,1,At-Risk / Low-Engagement Customers,-0.055451880888476995,-0.6861547801902088
14593.0,22,12,3712.0099999999998,0,High-Value Loyal Customers,1.802674446303871,0.0583600723597727
14594.0,7,2,634.83,0,High-Value Loyal Customers,0.2580301152399694,-1.589096123748459
14595.0,20,8,2164.45,0,High-Value Loyal Customers,1.3170163461462916,-0.28782885073385694
14596.0,627,1,229.47,1,At-Risk / Low-Engagement Customers,-1.9039071700941734,0.36522538502258645
14597.0,11,6,2201.54,0,High-Value Loyal Customers,1.3137208346866096,-0.6833973726481897
14598.0,44,2,384.04,1,At-Risk / Low-Engagement Customers,-0.5188389352166453,-0.7865754737619168
14599.0,390,2,474.54,1,At-Risk / Low-Engagement Customers,-1.1262474189251326,0.4691181309696167
14600.0,306,2,865.1700000000001,1,At-Risk / Low-Engagement Customers,-0.7871218326073216,0.5152149957507461
14601.0,11,1,213.96,1,At-Risk / Low-Engagement Customers,-0.6542203545802625,-1.8385071738298886
14602.0,656,1,205.35999999999999,1,At-Risk / Low-Engagement Customers,-1.9665862609288636,0.3570476190417015
14603.0,275,1,660.0,1,At-Risk / Low-Engagement Customers,-1.1795655135700225,0.22716687172823824
14604.0,633,1,143.85999999999999,1,At-Risk / Low-Engagement Customers,-2.1090247151181796,0.23146750050406595
14605.0,374,4,937.16,1,At-Risk / Low-Engagement Customers,-0.4274841040775434,0.8364502521079178
14606.0,1,192,30861.06,0,High-Value Loyal Customers,5.571589418089634,0.33264633599579824
14607.0,16,22,24137.63,0,High-Value Loyal Customers,3.1501009835269436,0.6608415608783689
14608.0,4,11,3352.94,0,High-Value Loyal Customers,2.1909378483159814,-0.8430976543239542
14609.0,72,10,1486.2,0,High-Value Loyal Customers,0.9036179169709608,0.36035983723553733
14610.0,396,2,24.35,1,At-Risk / Low-Engagement Customers,-2.406757232893434,-0.40006898505173016
14611.0,444,2,604.3299999999999,1,At-Risk / Low-Engagement Customers,-1.0630872547234258,0.6127110021037373
14612.0,415,1,877.7,1,At-Risk / Low-Engagement Customers,-1.188392157226644,0.5386848105874543
14613.0,680,1,76.32000000000001,1,At-Risk / Low-Engagement Customers,-2.405319282224794,0.08297705961351434
14614.0,386,1,295.13,1,At-Risk / Low-Engagement Customers,-1.6382607157563536,0.1732456389193929
14615.0,394,5,951.76,1,At-Risk / Low-Engagement Customers,-0.2985123762084587,0.9364680180552925
14616.0,243,5,527.78,1,At-Risk / Low-Engagement Customers,-0.39889814825397996,0.49451870277086457
14617.0,403,2,190.47000000000003,1,At-Risk / Low-Engagement Customers,-1.5326492130315479,0.21483649927840173
14618.0,9,7,1342.32,0,High-Value Loyal Customers,1.2593885098623423,-0.8830988237173794
14619.0,246,2,1291.24,1,At-Risk / Low-Engagement Customers,-0.5427257102830285,0.5150268553416931
14620.0,206,2,412.78000000000003,1,At-Risk / Low-Engagement Customers,-0.9810826439543429,0.07668724814745531
14621.0,1,9,3000.57,0,High-Value Loyal Customers,2.2999352599242306,-1.4484518472229067
14622.0,185,1,320.58000000000004,1,At-Risk / Low-Engagement Customers,-1.3654204574891198,-0.20619070998892416
14623.0,32,10,2059.58,0,High-Value Loyal Customers,1.3022866010073124,0.020061410268610257
14624.0,57,6,814.07,0,High-Value Loyal Customers,0.3716176828143709,-0.11197091246578834
14625.0,196,11,4497.88,0,High-Value Loyal Customers,1.1305350009574733,1.2711253248699939
14626.0,24,11,5410.92,0,High-Value Loyal Customers,1.8785881729954113,0.1878339028931271
14627.0,379,1,462.75,1,At-Risk / Low-Engagement Customers,-1.4371921378180972,0.2974488732853271
14628.0,91,5,1998.0,0,High-Value Loyal Customers,0.4951798626154777,0.3546173509845641
14629.0,4,2,959.01,0,High-Value Loyal Customers,0.5893098950176393,-1.7249973207401286
14630.0,484,1,338.65,1,At-Risk / Low-Engagement Customers,-1.651605390464756,0.3387919411149179
14631.0,51,6,2025.69,0,High-Value Loyal Customers,0.8032659840129797,0.1004695476760895
14632.0,263,1,114.56,1,At-Risk / Low-Engagement Customers,-1.9239956357362389,-0.3194010175275351
14633.0,266,1,344.90000000000003,1,At-Risk / Low-Engagement Customers,-1.4506188548492944,0.01502318064147738
14634.0,438,4,2124.46,1,At-Risk / Low-Engagement Customers,-0.12260871289072332,1.1681743295212321
14635.0,454,1,215.22,1,At-Risk / Low-Engagement Customers,-1.8274558666596454,0.16838316195358766
14636.0,36,2,609.85,1,At-Risk / Low-Engagement Customers,-0.25472746708678573,-0.7563908019864498
14637.0,677,1,106.67999999999999,1,At-Risk / Low-Engagement Customers,-2.259779789309197,0.17968892007584647
14638.0,51,1,443.6,1,At-Risk / Low-Engagement Customers,-0.812270680487044,-0.8121901996290996
14639.0,52,9,4978.96,0,High-Value Loyal Customers,1.4603103368626678,0.5106495292108385
14640.0,24,10,3667.06,0,High-Value Loyal Customers,1.642994011023753,0.03955642715637166
14641.0,22,1,110.46,1,At-Risk / Low-Engagement Customers,-1.1504078023350393,-1.6762750934902708
14642.0,59,1,96.12,1,At-Risk / Low-Engagement Customers,-1.5204465055615528,-1.1886359377131615
14643.0,170,5,1679.89,1,At-Risk / Low-Engagement Customers,0.21928248782449478,0.6446325182356465
14644.0,68,7,2247.72,0,High-Value Loyal Customers,0.858858382247145,0.33648217387439633
14645.0,157,3,876.89,1,At-Risk / Low-Engagement Customers,-0.347020836786563,0.2581639414254956
14646.0,2,151,528602.52,0,High-Value Loyal Customers,6.494316889048356,1.3192301829593867
14647.0,201,2,519.97,1,At-Risk / Low-Engagement Customers,-0.8729446676419227,0.1321579065112253
14648.0,416,15,4546.86,0,High-Value Loyal Customers,1.1121320597465856,1.7932746778363036
14649.0,5,9,3775.31,0,High-Value Loyal Customers,2.0445211202726896,-0.7737662638232479
14650.0,589,1,62.5,1,At-Risk / Low-Engagement Customers,-2.444604855324096,-0.055083963991809495
14651.0,67,9,2034.1200000000001,0,High-Value Loyal Customers,0.9903466771854091,0.3802317249763126
14652.0,77,1,114.18,1,At-Risk / Low-Engagement Customers,-1.531095240019306,-0.9928727311287847
14653.0,1,12,3614.54,0,High-Value Loyal Customers,2.581017510576289,-1.296707125295635
14654.0,738,1,246.86,1,At-Risk / Low-Engagement Customers,-1.924896211900195,0.4767717559462166
14655.0,8,7,3878.51,0,High-Value Loyal Customers,1.7549215079854588,-0.6237349665169903
14656.0,169,5,814.65,1,At-Risk / Low-Engagement Customers,-0.09344191642062646,0.42494187007681966
14657.0,18,6,1460.8700000000001,0,High-Value Loyal Customers,0.986749148447022,-0.5526378224003579
14658.0,5,2,247.15,1,At-Risk / Low-Engagement Customers,-0.0583152277479915,-2.029425165434122
14659.0,9,9,2529.93,0,High-Value Loyal Customers,1.705195302037299,-0.6118013914409277
14660.0,87,2,285.74,1,At-Risk / Low-Engagement Customers,-0.8640085881904338,-0.5048963343183926
14661.0,27,1,107.95,1,At-Risk / Low-Engagement Customers,-1.2239392069706359,-1.574595448229797
14662.0,29,7,1416.33,0,High-Value Loyal Customers,0.9274041191017722,-0.2610926476522438
14663.0,430,2,490.6,1,At-Risk / Low-Engagement Customers,-1.143297511783409,0.5327831102342641
14664.0,20,2,637.89,1,At-Risk / Low-Engagement Customers,-0.05201279150440923,-1.0553576773096116
14665.0,61,7,2749.65,0,High-Value Loyal Customers,0.981119099817934,0.33779171243619815
14666.0,24,1,195.25,1,At-Risk / Low-Engagement Customers,-0.9312265495285119,-1.4609374886483808
14667.0,11,54,21927.14,0,High-Value Loyal Customers,3.885920347934654,0.759102778638124
14668.0,445,1,111.63,1,At-Risk / Low-Engagement Customers,-2.104764528607345,-0.0378666616478781
14669.0,242,7,3243.93,0,High-Value Loyal Customers,0.6112472126536529,1.1406532143782795
14670.0,280,3,602.0,1,At-Risk / Low-Engagement Customers,-0.6966633655638594,0.46329478522154594
14671.0,549,2,1127.45,1,At-Risk / Low-Engagement Customers,-0.8606082636704118,0.915997071805684
14672.0,235,4,1113.14,1,At-Risk / Low-Engagement Customers,-0.2029054263110709,0.6324883812010478
14673.0,3,7,3410.81,0,High-Value Loyal Customers,1.96130097691726,-1.1094685416769694
14674.0,509,1,173.66,1,At-Risk / Low-Engagement Customers,-1.9572383895684056,0.16742652098307442
14675.0,16,2,1066.9,0,High-Value Loyal Customers,0.23985071132469013,-1.0181280317067594
14676.0,31,12,8356.79,0,High-Value Loyal Customers,2.0488885563086945,0.48338397269128236
14677.0,593,1,184.91,1,At-Risk / Low-Engagement Customers,-1.9793907650572369,0.27020795848709345
14678.0,579,1,403.39,1,At-Risk / Low-Engagement Customers,-1.6335493610571117,0.4896800538764863
14679.0,382,3,1289.44,1,At-Risk / Low-Engagement Customers,-0.4657849559463593,0.8618518853775041
14680.0,25,58,57412.77,0,High-Value Loyal Customers,4.108190280657766,1.4993869294236852
14681.0,71,6,875.1500000000001,0,High-Value Loyal Customers,0.3331277008607989,0.02892117407936885
14682.0,188,6,1514.81,1,At-Risk / Low-Engagement Customers,0.2595062802589165,0.7253147455928335
14683.0,588,1,146.56,1,At-Risk / Low-Engagement Customers,-2.0771780974384635,0.19638810143417765
14684.0,26,6,1468.55,0,High-Value Loyal Customers,0.8753779333393741,-0.3572518354786719
14685.0,576,8,4619.79,0,High-Value Loyal Customers,0.5751860622626316,1.7665562637142214
14686.0,414,5,885.83,1,At-Risk / Low-Engagement Customers,-0.3456884998284953,0.9422450725670025
14687.0,107,3,1402.06,1,At-Risk / Low-Engagement Customers,-0.019953044629314062,0.18867541466014046
14688.0,8,28,7713.57,0,High-Value Loyal Customers,3.036267347334041,0.0534366385587076
14689.0,209,1,112.8,1,At-Risk / Low-Engagement Customers,-1.8566601180346143,-0.45021535145479713
14690.0,44,4,794.33,1,At-Risk / Low-Engagement Customers,0.18640004166552748,-0.3824461680403081
14691.0,31,5,2114.33,0,High-Value Loyal Customers,0.8613455021104368,-0.21092823973431138
14692.0,137,12,1745.09,0,High-Value Loyal Customers,0.8949027642622038,0.8207788977943434
14693.0,265,7,1165.36,1,At-Risk / Low-Engagement Customers,0.13679650109980884,0.8842401548391888
14694.0,617,1,244.31,1,At-Risk / Low-Engagement Customers,-1.871564224976415,0.37505172661288655
14695.0,519,3,1620.07,1,At-Risk / Low-Engagement Customers,-0.4654377366890553,1.0987978753747636
14696.0,4,8,2767.9,0,High-Value Loyal Customers,1.8881177125897806,-1.0057799136831507
14697.0,218,2,188.60999999999999,1,At-Risk / Low-Engagement Customers,-1.3388491686795472,-0.1258304428177329
14698.0,2,5,1250.76,0,High-Value Loyal Customers,1.3986517266503908,-1.6735973606055492
14699.0,214,4,702.6,1,At-Risk / Low-Engagement Customers,-0.37275051878549387,0.4434981123624744
14700.0,32,5,3116.26,0,High-Value Loyal Customers,1.0201022243241575,-0.07788598663050955
14701.0,11,15,4562.09,0,High-Value Loyal Customers,2.261158839130794,-0.16276303609898368
14702.0,1,29,6754.22,0,High-Value Loyal Customers,3.4908015781572996,-0.8034968871296378
14703.0,15,1,318.17,1,At-Risk / Low-Engagement Customers,-0.5752794264074084,-1.5615095002659172
14704.0,11,11,1813.57,0,High-Value Loyal Customers,1.6405095583867928,-0.5441079059455805
14705.0,199,1,179.0,1,At-Risk / Low-Engagement Customers,-1.641378378772509,-0.3398713238621201
14706.0,619,1,390.69,1,At-Risk / Low-Engagement Customers,-1.6690028368169771,0.5169125631687403
14707.0,436,2,139.2,1,At-Risk / Low-Engagement Customers,-1.6936492920457291,0.1648493940056957
14708.0,3,5,2212.2799999999997,0,High-Value Loyal Customers,1.5535850460775265,-1.3443178403031033
14709.0,15,25,8886.33,0,High-Value Loyal Customers,2.828467154357973,0.3731767752711824
14710.0,14,13,1922.59,0,High-Value Loyal Customers,1.7112969067374049,-0.34714067909523166
14711.0,10,11,2868.8,0,High-Value Loyal Customers,1.86810058059769,-0.45488129505472175
14712.0,29,4,1328.0700000000002,0,High-Value Loyal Customers,0.5409543715374152,-0.4523771519749018
14713.0,9,21,5418.87,0,High-Value Loyal Customers,2.6378820847080418,-0.09525011843133799
14714.0,24,4,906.24,0,High-Value Loyal Customers,0.4337867929230614,-0.6672375634014746
14715.0,25,8,1840.45,0,High-Value Loyal Customers,1.1774214644556809,-0.2185462421251519
14716.0,43,3,565.45,1,At-Risk / Low-Engagement Customers,-0.12418531232626781,-0.5781085429690697
14717.0,733,1,81.3,1,At-Risk / Low-Engagement Customers,-2.402400407292229,0.14299953425703246
14718.0,410,1,226.42,1,At-Risk / Low-Engagement Customers,-1.7725884116966184,0.12740470750254465
14719.0,2,5,1602.13,0,High-Value Loyal Customers,1.5062998584495,-1.5995367469636927
14720.0,6,3,663.81,0,High-Value Loyal Customers,0.5400270335520466,-1.5441031917451833
14721.0,379,1,115.77,1,At-Risk / Low-Engagement Customers,-2.0372622178549458,-0.11539208932963928
14722.0,147,3,513.37,1,At-Risk / Low-Engagement Customers,-0.5584719876894804,0.06207699836707189
14723.0,10,11,2093.06,0,High-Value Loyal Customers,1.7309827325613565,-0.5492167172966315
14724.0,590,1,345.25,1,At-Risk / Low-Engagement Customers,-1.7071622437557024,0.4535785195937829
14725.0,25,4,1315.24,0,High-Value Loyal Customers,0.5830162183827312,-0.5342097802552117
14726.0,655,1,124.75,1,At-Risk / Low-Engagement Customers,-2.1816124695621264,0.20793309362742815
14727.0,274,3,467.92999999999995,1,At-Risk / Low-Engagement Customers,-0.7990957268012799,0.3761152727938574
14728.0,413,1,190.58,1,At-Risk / Low-Engagement Customers,-1.8495580455422602,0.08008018500568852
14729.0,374,3,907.38,1,At-Risk / Low-Engagement Customers,-0.6117124860971105,0.7451156045802275
14730.0,1,8,2005.06,0,High-Value Loyal Customers,2.044245120484141,-1.6076431559838886
14731.0,47,3,380.02,1,At-Risk / Low-Engagement Customers,-0.3248621191302919,-0.6488184989453593
14732.0,8,19,5517.07,0,High-Value Loyal Customers,2.6070776240222644,-0.1828746146481019
14733.0,16,15,16184.97,0,High-Value Loyal Customers,2.699413116992239,0.4083658348042254
14734.0,426,4,1056.42,1,At-Risk / Low-Engagement Customers,-0.417415934766974,0.9438967480470647
14735.0,4,56,12240.16,0,High-Value Loyal Customers,3.9426601795796308,0.11479297863569199
14736.0,485,2,401.08,1,At-Risk / Low-Engagement Customers,-1.2696033728603686,0.5388529285366678
14737.0,4,4,3554.17,0,High-Value Loyal Customers,1.5485649951105236,-1.1461079922898536
14738.0,43,9,1821.9,0,High-Value Loyal Customers,1.0832232812527405,0.10716121986539921
14739.0,4,25,12287.5,0,High-Value Loyal Customers,3.3456500242404914,-0.17137268935651784
14740.0,197,11,4161.06,0,High-Value Loyal Customers,1.0950382751594416,1.2506233779278935
14741.0,12,7,1897.59,0,High-Value Loyal Customers,1.3250652148374151,-0.6348246372729115
14742.0,435,1,579.85,1,At-Risk / Low-Engagement Customers,-1.3836912813374862,0.44066956253614153
14743.0,593,1,50.48,1,At-Risk / Low-Engagement Customers,-2.5380953854451374,-0.11417406783257644
14744.0,16,14,3885.08,0,High-Value Loyal Customers,2.029406204897073,-0.04234874159186445
14745.0,113,12,2571.81,0,High-Value Loyal Customers,1.1253500756964911,0.8314329340020384
14746.0,406,4,593.5,1,At-Risk / Low-Engagement Customers,-0.6524631938620429,0.7450540946014211
14747.0,249,1,328.2,1,At-Risk / Low-Engagement Customers,-1.4508722448206386,-0.03607574098849231
14748.0,29,10,3152.32,0,High-Value Loyal Customers,1.5182356512481774,0.09485459602887765
14749.0,480,1,310.15,1,At-Risk / Low-Engagement Customers,-1.6870597259731261,0.30798919779597356
14750.0,736,1,112.03,1,At-Risk / Low-Engagement Customers,-2.2656686482718738,0.24022667496626632
14751.0,684,2,126.45,1,At-Risk / Low-Engagement Customers,-1.8805098849948596,0.38422680249766916
14752.0,44,1,389.64,1,At-Risk / Low-Engagement Customers,-0.8218069923984362,-0.9306676654796027
14753.0,87,2,869.51,1,At-Risk / Low-Engagement Customers,-0.38082332742631625,-0.17247071469247766
14754.0,45,6,1550.48,0,High-Value Loyal Customers,0.7266610785513768,-0.047136995388725136
14755.0,10,25,9972.550000000001,0,High-Value Loyal Customers,2.999824501528218,0.20102802831303457
14756.0,15,3,2653.76,0,High-Value Loyal Customers,0.8751076069431866,-0.673661254790892
14757.0,75,1,420.5,1,At-Risk / Low-Engagement Customers,-0.9582224508675315,-0.6188501297007216
14758.0,145,7,2864.97,0,High-Value Loyal Customers,0.7219836322127066,0.8224827009995815
14759.0,5,3,1625.97,0,High-Value Loyal Customers,0.9792904575274441,-1.361219328607365
14760.0,297,1,89.2,1,At-Risk / Low-Engagement Customers,-2.0709785728746195,-0.3267487606409631
14761.0,59,3,447.92,1,At-Risk / Low-Engagement Customers,-0.3256784015542338,-0.4766504262144827
14762.0,264,2,417.57,1,At-Risk / Low-Engagement Customers,-1.0559644080402473,0.21637436614148153
14764.0,47,1,278.3,1,At-Risk / Low-Engagement Customers,-0.9886580145608954,-0.9955015482763775
14765.0,29,3,254.11,1,At-Risk / Low-Engagement Customers,-0.34739623571605993,-1.0281393804383192
14766.0,8,11,6556.13,0,High-Value Loyal Customers,2.2925342964574953,-0.31821003558916705
14767.0,474,1,382.81,1,At-Risk / Low-Engagement Customers,-1.5916834087902376,0.36389041121182525
14768.0,17,2,192.60000000000002,1,At-Risk / Low-Engagement Customers,-0.521644631890822,-1.4977827711394063
14769.0,3,17,15771.88,0,High-Value Loyal Customers,3.2459688977351577,-0.35432487855748496
14770.0,232,8,3637.64,0,High-Value Loyal Customers,0.7644988792851437,1.1948677609633414
14771.0,621,2,594.62,1,At-Risk / Low-Engagement Customers,-1.178427459978536,0.7925693181230319
14772.0,112,1,139.26,1,At-Risk / Low-Engagement Customers,-1.5652659375160916,-0.7294487151343901
14773.0,593,1,140.55,1,At-Risk / Low-Engagement Customers,-2.0980045222178725,0.18860312712711677
14774.0,529,1,241.45,1,At-Risk / Low-Engagement Customers,-1.8269849145172818,0.28681509299558783
14775.0,58,3,1418.46,1,At-Risk / Low-Engagement Customers,0.1806443962517933,-0.14131641734925965
14776.0,51,15,3708.3,0,High-Value Loyal Customers,1.696772963822763,0.5839999910874969
14777.0,404,1,307.56,1,At-Risk / Low-Engagement Customers,-1.6350738769739876,0.21062939616695237
14778.0,127,2,730.86,1,At-Risk / Low-Engagement Customers,-0.5774951049399188,-0.01773798986021177
14779.0,281,3,386.15,1,At-Risk / Low-Engagement Customers,-0.8906093743079809,0.33261209765546224
14780.0,55,2,447.68,1,At-Risk / Low-Engagement Customers,-0.523013822783311,-0.6201660784444444
14782.0,320,1,200.10000000000002,1,At-Risk / Low-Engagement Customers,-1.7461693385405264,-0.045733345988396505
14783.0,659,1,307.3,1,At-Risk / Low-Engagement Customers,-1.7933864502912866,0.47973353549055914
14784.0,26,3,449.93,1,At-Risk / Low-Engagement Customers,-0.06547677224501146,-0.9157390533441637
14785.0,10,2,77.4,1,At-Risk / Low-Engagement Customers,-0.7556868525618391,-2.040014329790131
14786.0,550,1,90.96,1,At-Risk / Low-Engagement Customers,-2.261361231792223,0.01804825891306402
14787.0,471,1,110.65,1,At-Risk / Low-Engagement Customers,-2.1268922717372036,-0.009231211533066733
14788.0,7,3,1156.32,0,High-Value Loyal Customers,0.7380446440270017,-1.3045062635358482
14789.0,29,1,197.64,1,At-Risk / Low-Engagement Customers,-0.9849271603043892,-1.3567524472684391
14790.0,17,10,2526.62,0,High-Value Loyal Customers,1.5872142675370802,-0.2531058838748123
14791.0,607,1,303.63,1,At-Risk / Low-Engagement Customers,-1.7720551004760612,0.43088488376172307
14792.0,64,1,6.2,1,At-Risk / Low-Engagement Customers,-2.6784186870961286,-1.9233478087278195
14793.0,21,2,625.9,1,At-Risk / Low-Engagement Customers,-0.07530172664359229,-1.0353702394944948
14794.0,3,10,1953.9,0,High-Value Loyal Customers,1.9618759892789146,-1.1596106497641159
14795.0,166,1,131.45000000000002,1,At-Risk / Low-Engagement Customers,-1.7165262100097867,-0.5311559337785305
14796.0,1,27,10889.64,0,High-Value Loyal Customers,3.645981177076586,-0.6857862243097109
14797.0,507,1,300.31,1,At-Risk / Low-Engagement Customers,-1.7187056467345396,0.3284926123259937
14798.0,53,8,724.31,0,High-Value Loyal Customers,0.5356425534901369,-0.09432121546705255
14799.0,51,2,338.15,1,At-Risk / Low-Engagement Customers,-0.6208170574459018,-0.7448185908360976
14800.0,48,17,7774.32,0,High-Value Loyal Customers,2.1278518146567817,0.8158870581744024
14801.0,61,1,193.14,1,At-Risk / Low-Engagement Customers,-1.2296840220866807,-0.9632131074865543
14802.0,438,2,1502.98,1,At-Risk / Low-Engagement Customers,-0.662709532447393,0.8776580801788649
14803.0,162,3,845.55,1,At-Risk / Low-Engagement Customers,-0.3729141577066181,0.26446606104322967
14804.0,9,1,353.27,1,At-Risk / Low-Engagement Customers,-0.37787136775072755,-1.7895128234144475
14805.0,15,7,1104.64,0,High-Value Loyal Customers,1.0226537931569277,-0.6821517660041658
14806.0,75,2,303.43,1,At-Risk / Low-Engagement Customers,-0.7905455987380251,-0.5678366519287372
14807.0,391,2,519.29,1,At-Risk / Low-Engagement Customers,-1.0879422435907065,0.49744883073073337
14808.0,40,8,2741.17,0,High-Value Loyal Customers,1.203366095954358,0.15187520463944143
14809.0,621,2,686.76,1,At-Risk / Low-Engagement Customers,-1.1158432755867562,0.8356264805917692
14810.0,41,13,2537.02,0,High-Value Loyal Customers,1.4988987457335101,0.30373377616671693
14811.0,387,1,170.5,1,At-Risk / Low-Engagement Customers,-1.8767562121214156,0.011161231816286742
14812.0,599,1,185.8,1,At-Risk / Low-Engagement Customers,-1.9805633103917613,0.2771809671180199
14813.0,370,4,1090.87,1,At-Risk / Low-Engagement Customers,-0.3579987429614156,0.8759541974325636
14814.0,581,1,160.46,1,At-Risk / Low-Engagement Customers,-2.0341420646075914,0.21674174521291656
14815.0,37,2,778.5,1,At-Risk / Low-Engagement Customers,-0.15727358152356385,-0.668700504616741
14816.0,197,1,271.85,1,At-Risk / Low-Engagement Customers,-1.4571393569345608,-0.22089680920116278
14817.0,200,7,3959.86,0,High-Value Loyal Customers,0.7593650303322733,1.0956708452222994
14818.0,74,6,1170.41,0,High-Value Loyal Customers,0.4462906001078633,0.1383751336790036
14819.0,64,4,470.16,1,At-Risk / Low-Engagement Customers,-0.16033472911311547,-0.3363492360132717
14820.0,21,9,1274.76,0,High-Value Loyal Customers,1.1521217986890153,-0.3819847796486824
14821.0,367,7,1286.45,1,At-Risk / Low-Engagement Customers,0.07479466095461339,1.092837772489997
14822.0,485,1,157.70000000000002,1,At-Risk / Low-Engagement Customers,-1.983342766708081,0.11215502177752915
14823.0,180,3,321.43,1,At-Risk / Low-Engagement Customers,-0.8267912490967589,0.03328592634450782
14824.0,10,10,4022.9100000000003,0,High-Value Loyal Customers,1.9488069912588426,-0.38554779963061564
14825.0,4,24,4925.08,0,High-Value Loyal Customers,2.9179980834224333,-0.4593678393923953
14826.0,582,2,385.2,1,At-Risk / Low-Engagement Customers,-1.345992750529564,0.6271628694393921
14828.0,197,13,9839.460000000001,0,High-Value Loyal Customers,1.587014175165589,1.5646335726570753
14829.0,29,7,1692.84,0,High-Value Loyal Customers,1.0049499280085854,-0.20774206834344183
14830.0,53,1,197.13,1,At-Risk / Low-Engagement Customers,-1.1761509676626867,-1.033321625290256
14831.0,680,3,1676.57,1,At-Risk / Low-Engagement Customers,-0.5377698140397714,1.2578280184270758
14832.0,630,1,322.69,1,At-Risk / Low-Engagement Customers,-1.7576584258874297,0.46953175583184203
14833.0,499,1,94.8,1,At-Risk / Low-Engagement Customers,-2.2121482739748144,-0.023277101457799116
14834.0,18,7,2206.16,0,High-Value Loyal Customers,1.2678532009378127,-0.380432687394884
14835.0,529,2,297.0,1,At-Risk / Low-Engagement Customers,-1.427973068421979,0.49698425069999314
14836.0,10,3,102.44999999999999,1,At-Risk / Low-Engagement Customers,-0.4156309626656788,-1.8517143215935379
14837.0,90,9,3460.32,0,High-Value Loyal Customers,1.1271980902289265,0.699911754665706
14838.0,423,2,773.6700000000001,1,At-Risk / Low-Engagement Customers,-0.9401281966001149,0.6598859612445973
14839.0,418,3,915.28,1,At-Risk / Low-Engagement Customers,-0.6438272459772032,0.8089006175560214
14840.0,268,2,362.71,1,At-Risk / Low-Engagement Customers,-1.1219365110797528,0.18258319066585285
14841.0,53,14,7163.0,0,High-Value Loyal Customers,1.9217398062403164,0.778230355194767
14842.0,44,4,2824.69,0,High-Value Loyal Customers,0.7380043776560403,-0.0029490515719638034
14843.0,437,1,211.79999999999998,1,At-Risk / Low-Engagement Customers,-1.8220774596206235,0.14260785006676605
14844.0,64,10,6702.43,0,High-Value Loyal Customers,1.5963063330064406,0.7470726229410143
14845.0,600,1,150.0,1,At-Risk / Low-Engagement Customers,-2.073674215133039,0.21441083974568295
14846.0,427,1,437.4,1,At-Risk / Low-Engagement Customers,-1.5001231658736986,0.3462307161524978
14847.0,149,3,1348.95,1,At-Risk / Low-Engagement Customers,-0.14298949695808488,0.35831434414385405
14848.0,405,1,310.56,1,At-Risk / Low-Engagement Customers,-1.631661565518479,0.21488596377367555
14849.0,22,43,15763.45,0,High-Value Loyal Customers,3.36172041131631,0.9374748579152102
14850.0,312,7,1794.01,1,At-Risk / Low-Engagement Customers,0.2717564987656414,1.103038200857427
14851.0,23,3,829.4100000000001,0,High-Value Loyal Customers,0.23829545836253066,-0.797920238758335
14852.0,58,18,6147.18,0,High-Value Loyal Customers,2.006861579913955,0.8678257737153546
14853.0,24,5,1376.87,0,High-Value Loyal Customers,0.7546691594676551,-0.4754082906381212
14854.0,78,11,4322.86,0,High-Value Loyal Customers,1.4088021116705558,0.755254888241511
14855.0,119,7,6520.3,0,High-Value Loyal Customers,1.1431408996951669,0.9604263436047935
14856.0,36,3,1311.3799999999999,0,High-Value Loyal Customers,0.2974339940593545,-0.42216472427900575
14857.0,60,7,3651.851,0,High-Value Loyal Customers,1.1098046352799638,0.41373895591254417
14858.0,506,1,180.75,1,At-Risk / Low-Engagement Customers,-1.9380170643876444,0.17608373773360722
14859.0,13,5,1705.64,0,High-Value Loyal Customers,1.0353043646459188,-0.7311571970245921
14860.0,19,1,170.32,1,At-Risk / Low-Engagement Customers,-0.9181678877433235,-1.6246829523401862
14861.0,52,10,1380.73,0,High-Value Loyal Customers,0.9751625029203626,0.1617482260321425
14862.0,26,2,841.1999999999999,1,At-Risk / Low-Engagement Customers,-0.01308130777235607,-0.834037272904303
14863.0,29,1,266.76,1,At-Risk / Low-Engagement Customers,-0.8550062315365133,-1.2673684185012215
14865.0,7,4,129.72,1,At-Risk / Low-Engagement Customers,-0.04064085914240481,-1.8756447312355022
14866.0,11,19,20850.22,0,High-Value Loyal Customers,3.092455264791631,0.3737466049858604
14867.0,186,16,2952.06,0,High-Value Loyal Customers,1.2298662156369125,1.243863227421811
14868.0,3,12,4184.01,0,High-Value Loyal Customers,2.4204778065916375,-0.8706091545509367
14869.0,9,6,2804.24,0,High-Value Loyal Customers,1.4779304927431658,-0.7115535251119955
14870.0,262,6,1838.95,1,At-Risk / Low-Engagement Customers,0.23696246022079123,0.965564416143174
14871.0,3,9,1258.97,0,High-Value Loyal Customers,1.698062113460331,-1.325985950945446
14872.0,484,3,816.6,1,At-Risk / Low-Engagement Customers,-0.7407169377009655,0.8554716835291216
14873.0,210,2,854.13,1,At-Risk / Low-Engagement Customers,-0.6714219785027049,0.30454531281149705
14874.0,535,1,116.18,1,At-Risk / Low-Engagement Customers,-2.1469835760262286,0.07537375422585621
14875.0,108,3,2862.4,0,High-Value Loyal Customers,0.28744982028073285,0.4072992453396388
14876.0,521,2,256.7,1,At-Risk / Low-Engagement Customers,-1.4862735246513565,0.445101022903628
14877.0,418,2,437.0,1,At-Risk / Low-Engagement Customers,-1.1843961913134347,0.48265005061858285
14878.0,13,25,4105.24,0,High-Value Loyal Customers,2.5357020448333136,0.06839471283446089
14879.0,685,1,185.06,1,At-Risk / Low-Engagement Customers,-2.0256125857596667,0.34987327931512446
14880.0,77,3,706.19,1,At-Risk / Low-Engagement Customers,-0.2127983471418465,-0.19590090585709113
14881.0,20,1,255.4,1,At-Risk / Low-Engagement Customers,-0.7585112265981325,-1.4770738919602742
14882.0,27,14,3628.15,0,High-Value Loyal Customers,1.838257444709271,0.2123994075650991
14883.0,19,6,761.59,0,High-Value Loyal Customers,0.6870146695555908,-0.7191467056495622
14884.0,669,1,120.6,1,At-Risk / Low-Engagement Customers,-2.203043832886231,0.2095346402237113
14885.0,132,3,1598.12,1,At-Risk / Low-Engagement Customers,-0.030385255580526016,0.3426742840846952
14886.0,253,1,364.8,1,At-Risk / Low-Engagement Customers,-1.4101368009568382,0.004236902053867466
14887.0,79,1,1862.0,1,At-Risk / Low-Engagement Customers,-0.32819261891559925,-0.14569240422641838
14888.0,207,1,369.2,1,At-Risk / Low-Engagement Customers,-1.3403151972223317,-0.10238375158922425
14889.0,336,1,135.9,1,At-Risk / Low-Engagement Customers,-1.9292215469972733,-0.13401868519788013
14890.0,254,3,817.25,1,At-Risk / Low-Engagement Customers,-0.5324455810385236,0.5011189023110282
14891.0,148,4,1106.73,1,At-Risk / Low-Engagement Customers,-0.05667720481173426,0.37710613212540445
14892.0,691,1,202.35000000000002,1,At-Risk / Low-Engagement Customers,-1.98976592415,0.38127624117473613
14893.0,10,3,1809.6100000000001,0,High-Value Loyal Customers,0.8297826394580964,-0.9948848154082285
14894.0,85,3,1492.81,1,At-Risk / Low-Engagement Customers,0.0809880112828125,0.08179997790420697
14895.0,8,38,25119.54,0,High-Value Loyal Customers,3.7759048242875277,0.5152817333728347
14896.0,205,8,2092.42,0,High-Value Loyal Customers,0.5638020842449472,0.9614540449792495
14897.0,8,8,3140.54,0,High-Value Loyal Customers,1.7529500813390673,-0.6437831200382116
14898.0,23,14,3507.81,0,High-Value Loyal Customers,1.8734413321401575,0.11728143326786127
14899.0,395,1,1384.88,1,At-Risk / Low-Engagement Customers,-0.9742024527359632,0.6479052909116803
14900.0,522,1,13.919999999999998,1,At-Risk / Low-Engagement Customers,-3.0357971928334258,-0.5551248811362001
14901.0,11,12,2289.65,0,High-Value Loyal Customers,1.8029323873960603,-0.4450655147568793
14902.0,26,3,1035.6200000000001,0,High-Value Loyal Customers,0.2967081348270003,-0.6665602146474575
14903.0,21,5,2810.63,0,High-Value Loyal Customers,1.106341554824531,-0.33241444727610303
14904.0,2,4,1640.64,0,High-Value Loyal Customers,1.3775705539728138,-1.6591670353873218
14905.0,158,8,1971.39,0,High-Value Loyal Customers,0.6216484196320694,0.8007881076733749
14906.0,445,1,68.44,1,At-Risk / Low-Engagement Customers,-2.3152007704044366,-0.18264425267066725
14907.0,3,16,6165.79,0,High-Value Loyal Customers,2.793761090212263,-0.6563675055581178
14908.0,74,2,381.9,1,At-Risk / Low-Engagement Customers,-0.6864780194745506,-0.5064922034099263
14909.0,437,3,1404.68,1,At-Risk / Low-Engagement Customers,-0.4719655160479757,0.9614680456998662
14910.0,3,4,434.35,0,High-Value Loyal Customers,0.7070119933701654,-1.8978159516458304
14911.0,1,398,295972.63,0,High-Value Loyal Customers,7.109180606686167,1.2752332933560164
14912.0,17,6,1889.25,0,High-Value Loyal Customers,1.116054591574388,-0.5055292811732507
14913.0,36,8,4073.13,0,High-Value Loyal Customers,1.408828366452847,0.21376883170957536
14915.0,91,11,1811.25,0,High-Value Loyal Customers,0.9811731351377047,0.5789743446781266
14916.0,71,8,3042.95,0,High-Value Loyal Customers,1.066674795431531,0.49370981799149616
14917.0,597,2,1123.75,1,At-Risk / Low-Engagement Customers,-0.8890990647641304,0.961164449402969
14918.0,116,9,5955.81,0,High-Value Loyal Customers,1.2821284341594614,1.0010379729246888
14919.0,539,1,359.35,1,At-Risk / Low-Engagement Customers,-1.660607007798484,0.41575017981481616
14920.0,213,3,1607.17,1,At-Risk / Low-Engagement Customers,-0.1817596952029012,0.6067009993389811
14921.0,30,2,1316.07,1,At-Risk / Low-Engagement Customers,0.13679325384239185,-0.6239867736515461
14922.0,394,2,843.74,1,At-Risk / Low-Engagement Customers,-0.8795377576079082,0.6467300820128068
14923.0,51,1,749.1,1,At-Risk / Low-Engagement Customers,-0.5846971909202785,-0.6556223892616485
14924.0,246,3,931.01,1,At-Risk / Low-Engagement Customers,-0.46549629043847707,0.5225054286649848
14926.0,382,2,359.4,1,At-Risk / Low-Engagement Customers,-1.240188280180138,0.3747260918821807
14927.0,397,1,308.2,1,At-Risk / Low-Engagement Customers,-1.6285333933513964,0.20163313838125463
14928.0,628,1,223.91000000000003,1,At-Risk / Low-Engagement Customers,-1.9150471921020091,0.35879280641254135
14929.0,32,2,836.69,1,At-Risk / Low-Engagement Customers,-0.08031960532349205,-0.7249624016393419
14930.0,109,6,5246.63,0,High-Value Loyal Customers,0.974890392762741,0.7985098222710292
14931.0,5,5,1257.68,0,High-Value Loyal Customers,1.176868909540081,-1.2896339115066922
14932.0,366,2,1029.66,1,At-Risk / Low-Engagement Customers,-0.7692047001601098,0.6657249251992675
14933.0,444,4,1770.0,1,At-Risk / Low-Engagement Customers,-0.20638137196332687,1.121047708439477
14934.0,82,5,3503.5,0,High-Value Loyal Customers,0.7727440128925603,0.4658887651597182
14935.0,297,2,2849.83,1,At-Risk / Low-Engagement Customers,-0.25916513080234577,0.8554108199675088
14936.0,34,12,12410.81,0,High-Value Loyal Customers,2.1919697677810075,0.6511885766323285
14937.0,57,3,1621.88,1,At-Risk / Low-Engagement Customers,0.24444493552693258,-0.11065477718773639
14938.0,562,2,2322.43,1,At-Risk / Low-Engagement Customers,-0.5539314937356747,1.1450704011852568
14940.0,418,2,531.49,1,At-Risk / Low-Engagement Customers,-1.0994005685240194,0.5411260118401222
14941.0,579,1,182.1,1,At-Risk / Low-Engagement Customers,-1.9783034179152605,0.2524934294575633
14942.0,402,4,746.56,1,At-Risk / Low-Engagement Customers,-0.5495890229196261,0.8081850414759129
14943.0,663,1,107.62,1,At-Risk / Low-Engagement Customers,-2.2492496753364413,0.170782345932112
14944.0,30,19,9784.67,0,High-Value Loyal Customers,2.4563444649786805,0.6707688304815178
14945.0,414,1,179.4,1,At-Risk / Low-Engagement Customers,-1.8765006795142598,0.06341146838188658
14946.0,14,1,100.9,1,At-Risk / Low-Engagement Customers,-1.0511789757404297,-1.9388802423709854
14947.0,72,6,1049.79,0,High-Value Loyal Customers,0.40775132301939526,0.09093837896870487
14948.0,23,6,1101.97,0,High-Value Loyal Customers,0.788618816955166,-0.5081138676590959
14949.0,469,4,515.0,1,At-Risk / Low-Engagement Customers,-0.7606273471373759,0.7820428429033262
14950.0,19,1,371.2,1,At-Risk / Low-Engagement Customers,-0.5805709188444947,-1.39242031793667
14951.0,79,1,311.69,1,At-Risk / Low-Engagement Customers,-1.104737546620772,-0.6799459291611833
14952.0,60,32,17629.35,0,High-Value Loyal Customers,2.8755136008978974,1.4036410002127455
14953.0,25,4,1013.77,0,High-Value Loyal Customers,0.46983799516717517,-0.6120750299548675
14954.0,12,2,503.44,1,At-Risk / Low-Engagement Customers,0.00028540146240923873,-1.3906022993597493
14955.0,733,1,163.77,1,At-Risk / Low-Engagement Customers,-2.100359646981411,0.35079992688453565
14956.0,421,1,1325.0,1,At-Risk / Low-Engagement Customers,-1.013987334061872,0.6697580051857159
14957.0,253,2,333.29,1,At-Risk / Low-Engagement Customers,-1.1400794827421539,0.12568690312156158
14958.0,147,6,957.9399999999999,1,At-Risk / Low-Engagement Customers,0.1393707522953435,0.4533749209440578
14959.0,64,4,695.42,1,At-Risk / Low-Engagement Customers,0.009684699130654523,-0.21937792423733052
14960.0,8,2,221.27,1,At-Risk / Low-Engagement Customers,-0.23737569603832737,-1.8387565257512255
14961.0,11,22,16410.15,0,High-Value Loyal Customers,3.094866049667479,0.35322536947456173
14962.0,271,4,366.91,1,At-Risk / Low-Engagement Customers,-0.7309181668096663,0.3791175132133726
14963.0,10,12,3164.48,0,High-Value Loyal Customers,1.9718170207701398,-0.3962281898600033
14964.0,247,1,206.21,1,At-Risk / Low-Engagement Customers,-1.6496986384767274,-0.17908339365914014
14965.0,96,2,599.0,1,At-Risk / Low-Engagement Customers,-0.5742406708342709,-0.23016468154283135
14966.0,15,6,1115.8400000000001,0,High-Value Loyal Customers,0.9251939998886897,-0.7280118701900804
14967.0,50,6,1982.6100000000001,0,High-Value Loyal Customers,0.8001978461115753,0.08332766667533466
14968.0,30,2,504.99,1,At-Risk / Low-Engagement Customers,-0.27944878686888547,-0.9103562669572436
14969.0,704,1,906.23,1,At-Risk / Low-Engagement Customers,-1.3451005544328483,0.839205174772138
14970.0,68,12,4919.35,0,High-Value Loyal Customers,1.5698530935845956,0.7485892201122797
14971.0,35,3,1116.57,0,High-Value Loyal Customers,0.23638046126182505,-0.48537765587814086
14972.0,128,2,145.07,1,At-Risk / Low-Engagement Customers,-1.2811847392126336,-0.49584399933371515
14973.0,107,3,1314.45,1,At-Risk / Low-Engagement Customers,-0.04800718461336126,0.1693745054136107
14974.0,37,1,114.39,1,At-Risk / Low-Engagement Customers,-1.2977199816781353,-1.3889676745317039
14975.0,57,2,472.39,1,At-Risk / Low-Engagement Customers,-0.5110374489411579,-0.5847631928028515
14976.0,57,7,790.86,0,High-Value Loyal Customers,0.4608929497847132,-0.07174166345459504
14977.0,726,1,31.929999999999996,1,At-Risk / Low-Engagement Customers,-2.7978514411858093,-0.1364836031661246
14978.0,72,10,3142.14,0,High-Value Loyal Customers,1.2292185923479806,0.5843691666833205
14979.0,735,1,439.46,1,At-Risk / Low-Engagement Customers,-1.6734146978770232,0.6466392174529807
14980.0,737,1,150.68,1,At-Risk / Low-Engagement Customers,-2.138134290749711,0.3290183638521159
14981.0,246,2,372.92,1,At-Risk / Low-Engagement Customers,-1.082294969591773,0.14380972617440066
14982.0,572,1,237.78,1,At-Risk / Low-Engagement Customers,-1.858851527881316,0.3252757777797851
14983.0,689,1,183.20000000000002,1,At-Risk / Low-Engagement Customers,-2.0318645038098393,0.35007247930898844
14984.0,19,6,1271.41,0,High-Value Loyal Customers,0.909765438888191,-0.5658968685157928
14985.0,198,2,296.75,1,At-Risk / Low-Engagement Customers,-1.1115195173125725,-0.04356108028876687
14986.0,376,2,566.9,1,At-Risk / Low-Engagement Customers,-1.0372259253151463,0.5021392609370845
14987.0,16,8,1713.85,0,High-Value Loyal Customers,1.2838480632012987,-0.47421714540757653
14988.0,212,7,2066.6,0,High-Value Loyal Customers,0.45776078119326996,0.9330572068744285
14989.0,662,1,342.4,1,At-Risk / Low-Engagement Customers,-1.7479391070105483,0.5145113049812122
14990.0,612,2,305.42,1,At-Risk / Low-Engagement Customers,-1.4629041697956837,0.5855705271658047
14991.0,430,1,314.67,1,At-Risk / Low-Engagement Customers,-1.645285606365481,0.2517675381424839
14992.0,442,1,210.5,1,At-Risk / Low-Engagement Customers,-1.8284148351542786,0.14703421987004284
14993.0,564,1,36.13,1,At-Risk / Low-Engagement Customers,-2.664085123897727,-0.2395986762523574
14994.0,382,5,960.63,1,At-Risk / Low-Engagement Customers,-0.2845024493033576,0.9222258890167558
14995.0,39,2,233.23000000000002,1,At-Risk / Low-Engagement Customers,-0.6970109419821481,-1.000328469707961
14996.0,481,2,442.28999999999996,1,At-Risk / Low-Engagement Customers,-1.2244758977810881,0.5635027421593167
14997.0,46,4,776.5999999999999,1,At-Risk / Low-Engagement Customers,0.16252646371978244,-0.36521019804919064
14998.0,170,4,770.73,1,At-Risk / Low-Engagement Customers,-0.2584798729961179,0.34487170546289125
14999.0,593,1,129.48000000000002,1,At-Risk / Low-Engagement Customers,-2.133436428421925,0.16422640388894746
15000.0,48,1,490.52,1,At-Risk / Low-Engagement Customers,-0.7493985994210196,-0.8149331041782919
15001.0,394,2,230.85999999999999,1,At-Risk / Low-Engagement Customers,-1.4420825442211056,0.2597060677424038
15002.0,116,9,4817.28,0,High-Value Loyal Customers,1.1898348532137775,0.9375411046948005
15003.0,473,6,1060.7,1,At-Risk / Low-Engagement Customers,-0.19280218574223335,1.1258624855984198
15004.0,147,1,1246.32,1,At-Risk / Low-Engagement Customers,-0.701719436910771,0.07352498867659214
15005.0,16,56,14106.2,0,High-Value Loyal Customers,3.6085930780587177,0.8322518341746296
15006.0,51,2,825.14,1,At-Risk / Low-Engagement Customers,-0.2334338518398107,-0.47830362729472353
15007.0,159,1,156.91,1,At-Risk / Low-Engagement Customers,-1.6261769987361754,-0.5021426232940428
15008.0,480,2,360.0,1,At-Risk / Low-Engagement Customers,-1.3131513059785807,0.5008875017432077
15009.0,12,3,1261.78,0,High-Value Loyal Customers,0.6189638819182166,-1.0106133162923263
15010.0,36,1,308.94,1,At-Risk / Low-Engagement Customers,-0.8591847631751447,-1.1079039462712057
15011.0,396,2,416.6,1,At-Risk / Low-Engagement Customers,-1.1877046129479572,0.43862448399389
15012.0,54,3,860.62,1,At-Risk / Low-Engagement Customers,-0.013861623683198978,-0.3294775133824089
15013.0,488,10,1641.3,0,High-Value Loyal Customers,0.3316572681312915,1.439071897382002
15014.0,43,2,260.17,1,At-Risk / Low-Engagement Customers,-0.6804677143518374,-0.9151697781958463
15015.0,501,13,2365.02,0,High-Value Loyal Customers,0.6659688111293336,1.6511123322409929
15016.0,173,5,630.3,1,At-Risk / Low-Engagement Customers,-0.2124394198614954,0.3610755628053815
15017.0,34,1,125.58,1,At-Risk / Low-Engagement Customers,-1.2308501635676947,-1.4066204376697582
15018.0,39,3,607.46,1,At-Risk / Low-Engagement Customers,-0.062231141168470096,-0.6092619728349721
15019.0,267,1,266.0,1,At-Risk / Low-Engagement Customers,-1.5644769972737285,-0.06041610657260009
15020.0,379,1,203.42,1,At-Risk / Low-Engagement Customers,-1.793616402103612,0.052233287202569374
15021.0,9,12,2783.83,0,High-Value Loyal Customers,1.9468980815980854,-0.4871492696839407
15022.0,12,5,1186.09,0,High-Value Loyal Customers,0.9013203709206605,-0.8807016343705013
15023.0,3,20,12170.68,0,High-Value Loyal Customers,3.2507700545149016,-0.37548501917136357
15024.0,10,16,4075.51,0,High-Value Loyal Customers,2.286477416785002,-0.222318379023398
15025.0,33,2,1013.09,1,At-Risk / Low-Engagement Customers,-0.006826812454545875,-0.6512918399185571
15026.0,80,5,1061.61,0,High-Value Loyal Customers,0.26141378913284186,0.09521895667607315
15027.0,31,10,3195.6,0,High-Value Loyal Customers,1.503293535948541,0.13453220518181597
15028.0,8,6,1157.71,0,High-Value Loyal Customers,1.1272951115747813,-1.0343432860683355
15029.0,620,1,365.1,1,At-Risk / Low-Engagement Customers,-1.6989215692700088,0.4975763378285064
15030.0,72,8,1979.91,0,High-Value Loyal Customers,0.8752928318605853,0.3727183948439226
15031.0,4,14,3156.58,0,High-Value Loyal Customers,2.3348809370018926,-0.7794788017215356
15032.0,256,8,13780.65,0,High-Value Loyal Customers,1.3122321488617252,1.6475900312163132
15033.0,5,10,2586.67,0,High-Value Loyal Customers,1.9527497431532856,-0.8520293190578724
15034.0,16,14,8313.4,0,High-Value Loyal Customers,2.3603416431732485,0.18533084025456326
15035.0,90,1,252.73000000000002,1,At-Risk / Low-Engagement Customers,-1.2373168624771556,-0.6714326943698947
15036.0,72,3,465.55,1,At-Risk / Low-Engagement Customers,-0.3723465243515959,-0.3569500633542704
15037.0,376,2,402.51,1,At-Risk / Low-Engagement Customers,-1.1859203875253472,0.3998392680585787
15038.0,59,9,1309.86,0,High-Value Loyal Customers,0.8394375289516296,0.17952249557502778
15039.0,10,93,40031.43,0,High-Value Loyal Customers,4.584740970822665,1.0874740645417296
15040.0,542,1,7.49,1,At-Risk / Low-Engagement Customers,-3.293252621032613,-0.703201759253785
15041.0,170,2,294.02,1,At-Risk / Low-Engagement Customers,-1.0664826231448599,-0.12995783426257143
15042.0,199,2,315.45,1,At-Risk / Low-Engagement Customers,-1.0866380190995497,-0.02256283095198425
15043.0,31,6,2873.7999999999997,0,High-Value Loyal Customers,1.112395198353647,-0.06267236135856723
15044.0,19,35,16204.33,0,High-Value Loyal Customers,3.2658716887857686,0.7951918558334929
15045.0,152,2,735.66,1,At-Risk / Low-Engagement Customers,-0.6323523353191263,0.08262166273961785
15046.0,9,25,7812.389999999999,0,High-Value Loyal Customers,2.924442208821713,0.07538877115777183
15047.0,270,1,343.62,1,At-Risk / Low-Engagement Customers,-1.457041333913594,0.02211520173948046
15048.0,65,4,482.75,1,At-Risk / Low-Engagement Customers,-0.15379868909073516,-0.32003436325127366
15049.0,274,1,121.17000000000002,1,At-Risk / Low-Engagement Customers,-1.9129964046371448,-0.28023442686303157
15050.0,25,5,4193.79,0,High-Value Loyal Customers,1.226388202940444,-0.12051154791018183
15051.0,23,9,3935.16,0,High-Value Loyal Customers,1.6141967248080062,0.0032704466048649335
15052.0,319,1,215.78,1,At-Risk / Low-Engagement Customers,-1.7124922345140714,-0.02497911550043979
15053.0,5,3,697.79,0,High-Value Loyal Customers,0.6115728381008723,-1.6142046065356157
15054.0,12,2,302.1,1,At-Risk / Low-Engagement Customers,-0.22135090556107512,-1.5430853998942449
15055.0,475,3,560.07,1,At-Risk / Low-Engagement Customers,-0.8984877543903328,0.7324280562792012
15056.0,520,1,133.45,1,At-Risk / Low-Engagement Customers,-2.0779847190799328,0.10087271953220452
15057.0,275,5,3255.96,0,High-Value Loyal Customers,0.35225566747505177,1.1066946566537632
15058.0,25,16,3410.03,0,High-Value Loyal Customers,1.930718922551461,0.19878367979211092
15059.0,41,19,3523.57,0,High-Value Loyal Customers,1.9138139830762912,0.5325871363911184
15060.0,8,4,303.09,0,High-Value Loyal Customers,0.2886092511765207,-1.5579518259755183
15061.0,4,127,137818.52,0,High-Value Loyal Customers,5.613123080869706,1.135668578735497
15062.0,71,8,2585.62,0,High-Value Loyal Customers,0.9958380015076581,0.444974959905764
15063.0,213,1,370.79999999999995,1,At-Risk / Low-Engagement Customers,-1.3476362883114434,-0.08540750184430358
15064.0,410,4,1254.41,1,At-Risk / Low-Engagement Customers,-0.33038692712414347,0.9742091416323084
15065.0,38,5,3326.86,0,High-Value Loyal Customers,0.9945176464888574,0.03382438938079868
15066.0,53,1,893.59,1,At-Risk / Low-Engagement Customers,-0.5202557740617466,-0.5820736592458333
15067.0,78,5,3877.88,0,High-Value Loyal Customers,0.8328814129580818,0.46902891219244064
15068.0,46,4,1176.85,0,High-Value Loyal Customers,0.3431966381965548,-0.2409113015899231
15069.0,179,1,1109.53,1,At-Risk / Low-Engagement Customers,-0.8155699536902143,0.14671803537550288
15070.0,373,3,843.25,1,At-Risk / Low-Engagement Customers,-0.6427046814177535,0.7217263937477868
15071.0,94,4,1455.56,1,At-Risk / Low-Engagement Customers,0.20800304495017005,0.21081582478607588
15072.0,479,1,187.51999999999998,1,At-Risk / Low-Engagement Customers,-1.9044049868847326,0.1568473080679714
15073.0,10,8,2788.02,0,High-Value Loyal Customers,1.636260637770126,-0.5687300395666697
15074.0,105,3,1566.33,1,At-Risk / Low-Engagement Customers,0.03426638119062616,0.21150862648695376
15075.0,78,1,773.03,1,At-Risk / Low-Engagement Customers,-0.7062910427666681,-0.41555646086515396
15076.0,173,3,1447.74,1,At-Risk / Low-Engagement Customers,-0.16026233407301832,0.46131893716503086
15077.0,495,2,2428.08,1,At-Risk / Low-Engagement Customers,-0.49360401703526663,1.0884969101790785
15078.0,7,53,17761.88,0,High-Value Loyal Customers,3.91140405077729,0.46568713705082376
15079.0,213,11,3767.35,0,High-Value Loyal Customers,1.0266675798422586,1.2637376854771443
15080.0,428,2,546.25,1,At-Risk / Low-Engagement Customers,-1.0951324171933003,0.562319761598323
15081.0,22,12,1965.72,0,High-Value Loyal Customers,1.526175972137031,-0.13186753610488872
15082.0,669,1,93.35000000000001,1,At-Risk / Low-Engagement Customers,-2.3134410827108285,0.1335826666061751
15083.0,257,1,88.2,1,At-Risk / Low-Engagement Customers,-2.0292126946921396,-0.40958467528141096
15084.0,380,2,965.2,1,At-Risk / Low-Engagement Customers,-0.8094136717534203,0.6670410623937604
15085.0,730,1,347.54,1,At-Risk / Low-Engagement Customers,-1.7730535141978014,0.5728123162379738
15086.0,565,2,218.53,1,At-Risk / Low-Engagement Customers,-1.582197652606066,0.4417494901754331
15087.0,282,1,306.94,1,At-Risk / Low-Engagement Customers,-1.5200202985968871,0.01232558140525985
15088.0,21,2,1160.07,1,At-Risk / Low-Engagement Customers,0.19285776817408437,-0.8508797480371062
15089.0,10,6,2420.84,0,High-Value Loyal Customers,1.3831610907307474,-0.702976577469006
15090.0,308,1,381.32,1,At-Risk / Low-Engagement Customers,-1.4543113808332686,0.12556929366076758
15091.0,68,3,1046.6100000000001,1,At-Risk / Low-Engagement Customers,-0.002163693712366736,-0.14589010398377603
15092.0,215,3,776.46,1,At-Risk / Low-Engagement Customers,-0.5010111299352792,0.39426061284274666
15093.0,18,23,14326.11,0,High-Value Loyal Customers,2.9196115394247273,0.581610412289463
15094.0,463,2,83.0,1,At-Risk / Low-Engagement Customers,-1.9359228729196416,0.04457489708035622
15095.0,104,10,3141.64,0,High-Value Loyal Customers,1.1115838706353915,0.7848145739232102
15096.0,43,1,219.39000000000001,1,At-Risk / Low-Engagement Customers,-1.0635872947400513,-1.1144052491677878
15097.0,4,3,908.35,0,High-Value Loyal Customers,0.7851380890951525,-1.6359242241300163
15098.0,182,3,39916.5,0,High-Value Loyal Customers,1.2662867817728118,1.4818047100829819
15099.0,84,1,410.48,1,At-Risk / Low-Engagement Customers,-1.0048879122887986,-0.5643226321073649
15100.0,334,7,2894.7,0,High-Value Loyal Customers,0.4578612223424985,1.2836568035365727
15101.0,9,6,1477.94,0,High-Value Loyal Customers,1.1993923372825523,-0.9031844096551733
15102.0,531,2,554.67,1,At-Risk / Low-Engagement Customers,-1.158085712222488,0.6855790270484189
15103.0,31,2,703.36,1,At-Risk / Low-Engagement Customers,-0.14579637174427035,-0.7938291725396733
15104.0,197,2,1027.44,1,At-Risk / Low-Engagement Customers,-0.5705586446191211,0.3247138357026184
15105.0,18,9,3094.91,0,High-Value Loyal Customers,1.5852747741050996,-0.19746273413122525
15106.0,18,5,1422.52,0,High-Value Loyal Customers,0.8576107998741666,-0.6170201670001361
15107.0,311,9,940.35,1,At-Risk / Low-Engagement Customers,0.16214564131254813,0.9897379634283093
15108.0,142,4,1300.25,1,At-Risk / Low-Engagement Customers,0.02667341356856887,0.40263460361662634
15109.0,246,3,983.1,1,At-Risk / Low-Engagement Customers,-0.4418335665561191,0.5387850967082323
15110.0,24,6,1505.8500000000001,0,High-Value Loyal Customers,0.9111750687833636,-0.3921973950117541
15111.0,29,5,2730.87,0,High-Value Loyal Customers,0.9935080528539857,-0.1699596060286844
15112.0,611,1,209.4,1,At-Risk / Low-Engagement Customers,-1.9352027273524468,0.3237172028323752
15113.0,10,3,3609.33,0,High-Value Loyal Customers,1.13006380208435,-0.788295004721198
15114.0,30,12,3400.12,0,High-Value Loyal Customers,1.6679589182191428,0.19673313746775295
15115.0,18,2,531.85,1,At-Risk / Low-Engagement Customers,-0.09861141168885826,-1.1648889875641475
15116.0,18,4,1352.75,0,High-Value Loyal Customers,0.6966872561729477,-0.6987997029104863
15117.0,15,8,2485.9700000000003,0,High-Value Loyal Customers,1.4652012260438738,-0.39637631662390427
15118.0,134,1,244.8,1,At-Risk / Low-Engagement Customers,-1.3786965283750665,-0.4633935111182576
15119.0,246,1,266.4,1,At-Risk / Low-Engagement Customers,-1.537434552050365,-0.10497463578780811
15120.0,134,1,358.82,1,At-Risk / Low-Engagement Customers,-1.2128843357983945,-0.34931672663260566
15121.0,50,2,457.72,1,At-Risk / Low-Engagement Customers,-0.4831362058129725,-0.6651268681303154
15122.0,114,11,4497.47,0,High-Value Loyal Customers,1.304586164138936,0.9742082650322287
15123.0,7,5,4656.17,0,High-Value Loyal Customers,1.6530919975894993,-0.7393109135020782
15124.0,23,4,450.82,1,At-Risk / Low-Engagement Customers,0.14366809356879368,-0.8984349747860628
15125.0,25,24,17024.87,0,High-Value Loyal Customers,2.9243923785370467,0.8212154591603515
15126.0,537,2,449.49,1,At-Risk / Low-Engagement Customers,-1.2530147689785756,0.6289502802463972
15127.0,66,2,711.5,1,At-Risk / Low-Engagement Customers,-0.37979440065562065,-0.382809661734379
15128.0,60,5,1783.68,0,High-Value Loyal Customers,0.5787358767155663,0.09402440265481626
15129.0,50,23,6860.18,0,High-Value Loyal Customers,2.279909071114741,0.9058133759622304
15130.0,170,1,330.11,1,At-Risk / Low-Engagement Customers,-1.3255188955101254,-0.24382548898628778
15131.0,395,1,80.28,1,At-Risk / Low-Engagement Customers,-2.2082423878674557,-0.2010992698451424
15132.0,18,5,977.9300000000001,0,High-Value Loyal Customers,0.6946954872239615,-0.7291039331080859
15133.0,128,5,1806.9,0,High-Value Loyal Customers,0.3421344984989032,0.5109795126820367
15134.0,15,10,1596.29,0,High-Value Loyal Customers,1.4256084298271305,-0.45546155572944913
15135.0,239,2,305.68,1,At-Risk / Low-Engagement Customers,-1.159250533772487,0.06861104911615792
15136.0,3,4,1286.7,0,High-Value Loyal Customers,1.1788668181949686,-1.5731855350064508
15137.0,521,2,823.4,1,At-Risk / Low-Engagement Customers,-0.9803077615120507,0.7931993528383917
15138.0,394,1,502.52,1,At-Risk / Low-Engagement Customers,-1.4139139343759968,0.34343190081959196
15139.0,240,2,178.96,1,At-Risk / Low-Engagement Customers,-1.3925367270797913,-0.08866842401642351
15140.0,52,8,3243.69,0,High-Value Loyal Customers,1.1935514990994147,0.34384308977987055
15141.0,458,7,1388.47,1,At-Risk / Low-Engagement Customers,0.03650877845070128,1.2375426114783916
15142.0,46,6,2619.92,0,High-Value Loyal Customers,0.9478378277994888,0.12167733347529176
15143.0,226,2,563.63,1,At-Risk / Low-Engagement Customers,-0.8756662764833127,0.22060624567585174
15144.0,8,29,12160.31,0,High-Value Loyal Customers,3.2601616759141905,0.20209314992626237
15145.0,4,4,1194.73,0,High-Value Loyal Customers,1.0744548704097618,-1.4722900279863258
15146.0,165,2,1327.16,1,At-Risk / Low-Engagement Customers,-0.4022667665500237,0.3040434009768075
15147.0,240,1,623.5,1,At-Risk / Low-Engagement Customers,-1.1604227704116246,0.13536934279041196
15148.0,11,1,301.29,1,At-Risk / Low-Engagement Customers,-0.5058779874341883,-1.736449418100079
15149.0,134,5,1554.6100000000001,1,At-Risk / Low-Engagement Customers,0.2620353461833901,0.491063514649216
15150.0,17,13,9001.08,0,High-Value Loyal Customers,2.323810221547896,0.21539149122285361
15151.0,423,2,2085.61,1,At-Risk / Low-Engagement Customers,-0.5090008137830372,0.9564963900147566
15152.0,10,14,5263.83,0,High-Value Loyal Customers,2.3023178593632805,-0.1915573079329894
15153.0,31,1,329.25,1,At-Risk / Low-Engagement Customers,-0.7846125592096932,-1.1689808188300936
15154.0,75,3,1388.41,1,At-Risk / Low-Engagement Customers,0.08944428495129653,-0.008068581647755646
15155.0,383,1,383.96999999999997,1,At-Risk / Low-Engagement Customers,-1.5215867110168284,0.2474919899482848
15156.0,1,3,961.49,0,High-Value Loyal Customers,1.1062011444276625,-2.1243137344064755
15157.0,4,5,2654.11,0,High-Value Loyal Customers,1.5606083396038053,-1.1667562340676336
15158.0,45,2,606.02,1,At-Risk / Low-Engagement Customers,-0.3278814904726006,-0.6381857551339407
15159.0,2,34,22116.73,0,High-Value Loyal Customers,3.9932974636149106,-0.1683889918136393
15160.0,357,4,589.27,1,At-Risk / Low-Engagement Customers,-0.6140810264491916,0.6721621699026343
15161.0,388,1,119.92,1,At-Risk / Low-Engagement Customers,-2.0296378394157233,-0.09202700995980294
15162.0,731,1,312.9,1,At-Risk / Low-Engagement Customers,-1.8190417807108448,0.5422311460817234
15163.0,18,2,304.47,1,At-Risk / Low-Engagement Customers,-0.34069862650872124,-1.331442065492764
15164.0,69,9,2068.92,0,High-Value Loyal Customers,0.9883486418509463,0.4012956051262296
15165.0,373,1,975.5,1,At-Risk / Low-Engagement Customers,-1.1080530167585463,0.5115728673202232
15166.0,468,1,167.16,1,At-Risk / Low-Engagement Customers,-1.9466342361773974,0.10984847317406848
15167.0,321,5,1659.67,1,At-Risk / Low-Engagement Customers,0.009324548338678221,0.9900862549724121
15168.0,26,1,106.56,1,At-Risk / Low-Engagement Customers,-1.21776382440404,-1.598498114597452
15169.0,382,2,569.22,1,At-Risk / Low-Engagement Customers,-1.0405588711226343,0.5120687125915748
15170.0,407,1,81.15,1,At-Risk / Low-Engagement Customers,-2.213265101147914,-0.18144642741629627
15171.0,331,1,1289.5,1,At-Risk / Low-Engagement Customers,-0.9482146255589597,0.5293313890596729
15172.0,9,5,1624.05,0,High-Value Loyal Customers,1.1228132167144382,-0.9314066406188168
15173.0,381,7,1494.6,1,At-Risk / Low-Engagement Customers,0.12792521338972715,1.158293077669931
15174.0,323,2,481.46,1,At-Risk / Low-Engagement Customers,-1.0591690696681915,0.36976910808189134
15175.0,72,1,224.14,1,At-Risk / Low-Engagement Customers,-1.2180498589348046,-0.8287832322879412
15176.0,668,1,988.04,1,At-Risk / Low-Engagement Customers,-1.2905821993268605,0.8361410184256671
15177.0,426,1,948.93,1,At-Risk / Low-Engagement Customers,-1.1629190309519226,0.5764123848272517
15178.0,260,1,40.5,1,At-Risk / Low-Engagement Customers,-2.3658885059899797,-0.6322646300783346
15179.0,18,13,7491.92,0,High-Value Loyal Customers,2.2264830483022346,0.19028361318480846
15180.0,367,3,904.4300000000001,1,At-Risk / Low-Engagement Customers,-0.607033468245658,0.7337487642631269
15181.0,66,5,1200.2,0,High-Value Loyal Customers,0.37612666615108054,0.02725439207805154
15182.0,154,11,2998.952,0,High-Value Loyal Customers,1.0317671037174354,1.0175677690125833
15183.0,548,3,639.93,1,At-Risk / Low-Engagement Customers,-0.8867329347261774,0.8509605910833439
15184.0,29,4,689.95,0,High-Value Loyal Customers,0.2563231033220613,-0.6482000244519458
15185.0,70,1,310.62,1,At-Risk / Low-Engagement Customers,-1.0676291959819464,-0.7467990779248277
15186.0,14,5,1403.2,0,High-Value Loyal Customers,0.9281193068783201,-0.7514936197735552
15187.0,2,16,4777.18,0,High-Value Loyal Customers,2.7758014769705355,-0.8914107714699918
15188.0,725,1,310.43,1,At-Risk / Low-Engagement Customers,-1.819817097301887,0.535326720632219
15189.0,1,46,17524.38,0,High-Value Loyal Customers,4.248018925844895,-0.3537876383158404
15190.0,434,1,834.4399999999999,1,At-Risk / Low-Engagement Customers,-1.224802860543956,0.5482054370554649
15191.0,463,3,588.05,1,At-Risk / Low-Engagement Customers,-0.8690550875666343,0.7329127050985756
15192.0,120,5,1981.39,0,High-Value Loyal Customers,0.40293015390509407,0.5032485199471918
15193.0,61,1,499.32,1,At-Risk / Low-Engagement Customers,-0.8177841523804192,-0.6798309753528043
15194.0,3,28,12427.69,0,High-Value Loyal Customers,3.5060429766081898,-0.25108356169322177
15195.0,3,1,3861.0,0,High-Value Loyal Customers,0.9578939816605502,-1.5797994190623879
15196.0,433,2,316.25,1,At-Risk / Low-Engagement Customers,-1.3361060450803448,0.40550249192381904
15197.0,11,6,1877.51,0,High-Value Loyal Customers,1.2444816058829924,-0.7310331252393669
15198.0,92,5,571.35,1,At-Risk / Low-Engagement Customers,-0.05248110275945904,-0.013798322963778272
15199.0,59,10,3122.4,0,High-Value Loyal Customers,1.2899059413753386,0.4743138620328978
15200.0,495,1,549.05,1,At-Risk / Low-Engagement Customers,-1.4490977052470826,0.49547497074120755
15201.0,87,7,1842.95,0,High-Value Loyal Customers,0.6938444368212435,0.4112328804503191
15202.0,420,3,6001.49,1,At-Risk / Low-Engagement Customers,0.17245880558847806,1.3741816299628162
15203.0,26,15,4400.18,0,High-Value Loyal Customers,1.9831640679387674,0.273700076648909
15204.0,357,1,316.58,1,At-Risk / Low-Engagement Customers,-1.5826411444583708,0.15121727153617961
15205.0,85,2,653.24,1,At-Risk / Low-Engagement Customers,-0.49765600918740227,-0.27064578054983834
15206.0,10,4,420.29999999999995,0,High-Value Loyal Customers,0.3655606872150095,-1.3496761606788321
15207.0,416,3,683.9200000000001,1,At-Risk / Low-Engagement Customers,-0.7689039080262934,0.7191456743884931
15208.0,1,6,970.52,0,High-Value Loyal Customers,1.5370864779470292,-1.9166792810289983
15209.0,730,1,178.98000000000002,1,At-Risk / Low-Engagement Customers,-2.0606173888523527,0.3749718459742598
15210.0,225,3,1176.19,1,At-Risk / Low-Engagement Customers,-0.33514362836073225,0.5434074090173838
15211.0,60,2,1277.48,1,At-Risk / Low-Engagement Customers,-0.0950682370759071,-0.2595441799490967
15212.0,241,2,208.28,1,At-Risk / Low-Engagement Customers,-1.3282019265146925,-0.04120157802284132
15213.0,319,2,328.35,1,At-Risk / Low-Engagement Customers,-1.2212642853700317,0.24863360657715294
15214.0,2,8,1661.44,0,High-Value Loyal Customers,1.8313571509298496,-1.4402474283312212
15215.0,47,7,2422.43,0,High-Value Loyal Customers,1.0087870327634698,0.15871549498206106
15216.0,88,2,486.09,1,At-Risk / Low-Engagement Customers,-0.6371128952813228,-0.3400481457063052
15217.0,563,1,426.24,1,At-Risk / Low-Engagement Customers,-1.6005858662852273,0.4907047028416721
15218.0,11,22,11516.57,0,High-Value Loyal Customers,2.940800998462716,0.247230476276766
15219.0,176,2,685.45,1,At-Risk / Low-Engagement Customers,-0.7101946427696899,0.14185884916736496
15220.0,52,6,1778.96,0,High-Value Loyal Customers,0.7406230481318569,0.07211668110821143
15221.0,366,4,2465.4500000000003,1,At-Risk / Low-Engagement Customers,6.889933753503676e-05,1.1139092773575092
15222.0,319,11,3550.91,0,High-Value Loyal Customers,0.8708017040662451,1.467948714419344
15223.0,226,5,1417.95,1,At-Risk / Low-Engagement Customers,0.053950931635782816,0.7501711454186621
15224.0,358,5,871.36,1,At-Risk / Low-Engagement Customers,-0.3059639370371529,0.8573682904594748
15225.0,234,1,409.40000000000003,1,At-Risk / Low-Engagement Customers,-1.3349339977755859,-0.004207781663908081
15226.0,311,1,154.41,1,At-Risk / Low-Engagement Customers,-1.8491137205826642,-0.13857090857848406
15227.0,37,9,2488.4900000000002,0,High-Value Loyal Customers,1.266238651188231,0.11959161597672462
15228.0,66,6,5580.2699999999995,0,High-Value Loyal Customers,1.1620606138308498,0.5435041708280562
15229.0,586,1,160.5,1,At-Risk / Low-Engagement Customers,-2.036800988350128,0.22153415652053624
15230.0,239,2,429.6,1,At-Risk / Low-Engagement Customers,-1.0115869869821343,0.17020178464545777
15231.0,621,1,250.26,1,At-Risk / Low-Engagement Customers,-1.863223328146456,0.38578420721997503
15232.0,113,2,612.06,1,At-Risk / Low-Engagement Customers,-0.6171006758337345,-0.13464856348609147
15233.0,401,1,59.400000000000006,1,At-Risk / Low-Engagement Customers,-2.3422933486287616,-0.2816842778712217
15234.0,277,1,197.0,1,At-Risk / Low-Engagement Customers,-1.7064137327202562,-0.12970932790843154
15235.0,218,16,2937.81,0,High-Value Loyal Customers,1.1766722190025256,1.3295415703724893
15236.0,299,1,321.05,1,At-Risk / Low-Engagement Customers,-1.5193940194271698,0.05791251880462953
15237.0,2,4,1412.32,0,High-Value Loyal Customers,1.312411795941282,-1.7039954734038971
15238.0,29,3,1071.99,0,High-Value Loyal Customers,0.27763587738020734,-0.5981248407697456
15239.0,10,2,780.59,0,High-Value Loyal Customers,0.24483923715576345,-1.3516644724284068
15240.0,45,12,4459.98,0,High-Value Loyal Customers,1.6583457579871597,0.4956110259575865
15241.0,67,11,3050.16,0,High-Value Loyal Customers,1.3056074807586326,0.5681934303576053
15242.0,422,1,302.04,1,At-Risk / Low-Engagement Customers,-1.6569923702232032,0.2292104408001172
15243.0,74,2,927.2800000000001,1,At-Risk / Low-Engagement Customers,-0.301166874095954,-0.24140279226213687
15244.0,65,3,912.08,1,At-Risk / Low-Engagement Customers,-0.047589023043595205,-0.2115511439449631
15245.0,134,8,4610.84,0,High-Value Loyal Customers,1.0441400093651283,0.9647959004471321
15246.0,238,3,780.4,1,At-Risk / Low-Engagement Customers,-0.5315375477239632,0.4515836155709033
15247.0,122,3,976.06,1,At-Risk / Low-Engagement Customers,-0.21946376236763096,0.15208522288628168
15248.0,411,3,1893.93,1,At-Risk / Low-Engagement Customers,-0.32222461133522795,1.0171180736455794
15249.0,32,18,9266.0,0,High-Value Loyal Customers,2.373306555544048,0.6701752487395669
15250.0,641,1,60.0,1,At-Risk / Low-Engagement Customers,-2.4893996815295822,-0.020519492476365673
15251.0,9,21,20324.54,0,High-Value Loyal Customers,3.2130062914680924,0.3004283848651569
15252.0,36,5,2103.41,0,High-Value Loyal Customers,0.8121379574337824,-0.13240078814214704
15253.0,16,8,2055.09,0,High-Value Loyal Customers,1.362811089528841,-0.4198915376418107
15254.0,127,3,1088.35,1,At-Risk / Low-Engagement Customers,-0.18501660067976605,0.20662814343879413
15255.0,67,9,3729.42,0,High-Value Loyal Customers,1.2540053652730796,0.5616257158002327
15256.0,149,2,170.4,1,At-Risk / Low-Engagement Customers,-1.2603853659887994,-0.3647861747619223
15257.0,283,2,685.9,1,At-Risk / Low-Engagement Customers,-0.8628330563127423,0.40284671465528327
15258.0,169,2,623.16,1,At-Risk / Low-Engagement Customers,-0.738534052680436,0.09112678100156821
15259.0,513,4,1182.3799999999999,1,At-Risk / Low-Engagement Customers,-0.42842384532962363,1.0798671787761949
15260.0,100,25,9188.23,0,High-Value Loyal Customers,2.247080076707862,1.3994458108054806
15261.0,135,4,1508.0,1,At-Risk / Low-Engagement Customers,0.10735457392292005,0.41929168066593325
15262.0,324,3,418.82,1,At-Risk / Low-Engagement Customers,-0.9012598237119067,0.4351398652218417
15263.0,107,1,156.51,1,At-Risk / Low-Engagement Customers,-1.5001605191403635,-0.7196889339232565
15264.0,64,2,848.4,1,At-Risk / Low-Engagement Customers,-0.2935230863032148,-0.34691462919376304
15265.0,151,4,3345.64,0,High-Value Loyal Customers,0.41794647957285425,0.719072052058355
15266.0,338,5,852.21,1,At-Risk / Low-Engagement Customers,-0.29708223503861275,0.8191070954038688
15267.0,22,5,1717.36,0,High-Value Loyal Customers,0.8777217440285819,-0.4552931516112992
15268.0,479,3,961.9000000000001,1,At-Risk / Low-Engagement Customers,-0.666192506588923,0.8987220253841537
15269.0,24,3,1225.3600000000001,0,High-Value Loyal Customers,0.39473388885517924,-0.6586932366900541
15270.0,16,21,8524.86,0,High-Value Loyal Customers,2.663379714987481,0.33303758008249085
15271.0,7,24,4709.54,0,High-Value Loyal Customers,2.7465198599167713,-0.21352510304809846
15272.0,57,6,2085.48,0,High-Value Loyal Customers,0.7805985959151892,0.1694030128019428
15273.0,600,1,228.96,1,At-Risk / Low-Engagement Customers,-1.8906580536850557,0.340323746887532
15274.0,4,2,716.57,0,High-Value Loyal Customers,0.46266257170660874,-1.8121291485178508
15275.0,38,1,615.14,1,At-Risk / Low-Engagement Customers,-0.5772526048794989,-0.8731878731024543
15276.0,66,4,649.53,1,At-Risk / Low-Engagement Customers,-0.029775962890674447,-0.22306779372797478
15277.0,47,2,476.34,1,At-Risk / Low-Engagement Customers,-0.44621625891741484,-0.6866543462975249
15278.0,562,4,496.15999999999997,1,At-Risk / Low-Engagement Customers,-0.8352045073670374,0.8704913804230573
15279.0,355,5,1580.54,1,At-Risk / Low-Engagement Customers,-0.044383367805865645,1.0308367949848318
15280.0,172,3,406.21999999999997,1,At-Risk / Low-Engagement Customers,-0.7105878317291867,0.07824011091756768
15281.0,59,16,8543.57,0,High-Value Loyal Customers,2.0598036038110177,0.9349103977330318
15282.0,570,1,348.59,1,At-Risk / Low-Engagement Customers,-1.6918507352323016,0.43746374885797
15283.0,390,3,148.33,1,At-Risk / Low-Engagement Customers,-1.4108090991274613,0.22768880006993886
15284.0,500,1,24.75,1,At-Risk / Low-Engagement Customers,-2.784447274459322,-0.4154652946765979
15285.0,408,1,94.92,1,At-Risk / Low-Engagement Customers,-2.1466296773525513,-0.13370714178138027
15286.0,50,1,240.55,1,At-Risk / Low-Engagement Customers,-1.0714471187221528,-1.0055314959330748
15287.0,22,5,856.03,0,High-Value Loyal Customers,0.5750399663912787,-0.6635345564120853
15288.0,43,10,3883.13,0,High-Value Loyal Customers,1.4850607518587804,0.36849508610655096
15289.0,29,5,1593.09,0,High-Value Loyal Customers,0.7591243970599666,-0.3312127284527783
15290.0,5,26,10496.28,0,High-Value Loyal Customers,3.2469175901706913,-0.10415828183665786
15291.0,26,40,13846.56,0,High-Value Loyal Customers,3.1995904451039627,0.9612553175738583
15292.0,201,1,180.94,1,At-Risk / Low-Engagement Customers,-1.639932199380296,-0.3311740755593919
15293.0,666,1,247.5,1,At-Risk / Low-Engagement Customers,-1.8906205033099177,0.4210043282059294
15294.0,411,1,233.35,1,At-Risk / Low-Engagement Customers,-1.7603137556573598,0.13773062718978074
15295.0,654,1,217.23999999999998,1,At-Risk / Low-Engagement Customers,-1.9412460208760607,0.3721214138015264
15296.0,51,12,10342.83,0,High-Value Loyal Customers,1.9846255577260181,0.8149908787129668
15297.0,10,3,641.94,0,High-Value Loyal Customers,0.37928927161635023,-1.304818807817955
15298.0,2,23,9459.37,0,High-Value Loyal Customers,3.336012394713442,-0.5607176440987469
15299.0,67,10,7991.54,0,High-Value Loyal Customers,1.6582434817368026,0.8246111973772509
15300.0,64,1,496.44,1,At-Risk / Low-Engagement Customers,-0.8355787819153342,-0.6554962265369628
15301.0,51,17,7603.4400000000005,0,High-Value Loyal Customers,2.0989637192658988,0.842010534137449
15302.0,730,1,308.0,1,At-Risk / Low-Engagement Customers,-1.8254452243508432,0.5367674528591866
15303.0,290,3,1224.18,1,At-Risk / Low-Engagement Customers,-0.39951611690324623,0.6947967902483925
15304.0,61,9,919.5500000000001,0,High-Value Loyal Customers,0.6750371372077864,0.09179876875224631
15305.0,555,1,93.6,1,At-Risk / Low-Engagement Customers,-2.2519677854386613,0.031503424193043174
15306.0,64,9,3484.73,0,High-Value Loyal Customers,1.2390795131198236,0.5164303452302482
15307.0,96,1,205.3,1,At-Risk / Low-Engagement Customers,-1.348008325938365,-0.6981613065444551
15308.0,274,1,310.47,1,At-Risk / Low-Engagement Customers,-1.5057864580256688,-7.890513605673377e-05
15309.0,611,4,797.96,1,At-Risk / Low-Engagement Customers,-0.6557819967348063,1.0585304456103268
15310.0,479,1,1634.64,1,At-Risk / Low-Engagement Customers,-0.9643240967222375,0.8036115986768058
15311.0,1,208,116771.16,0,High-Value Loyal Customers,6.211327002683508,0.7601387739745645
15312.0,75,12,2930.19,0,High-Value Loyal Customers,1.3132297922408709,0.6468318305284394
15313.0,110,1,52.0,1,At-Risk / Low-Engagement Customers,-1.9829368247544135,-1.0306243584207817
15314.0,199,3,820.4499999999999,1,At-Risk / Low-Engagement Customers,-0.4521722838882701,0.36828759258235316
15315.0,64,2,570.5,1,At-Risk / Low-Engagement Customers,-0.46594017963666784,-0.46553550557321227
15316.0,327,1,165.0,1,At-Risk / Low-Engagement Customers,-1.8366058314819493,-0.09125385592795796
15317.0,677,1,129.75,1,At-Risk / Low-Engagement Customers,-2.1753158517183113,0.23779908830674767
15318.0,4,1,312.62,1,At-Risk / Low-Engagement Customers,-0.20671919888489412,-2.208309546583203
15319.0,284,1,204.5,1,At-Risk / Low-Engagement Customers,-1.6982799422201011,-0.10486364969612201
15320.0,44,1,267.13,1,At-Risk / Low-Engagement Customers,-0.9855432015435197,-1.0433161984546693
15321.0,71,12,6709.7300000000005,0,High-Value Loyal Customers,1.691113434742948,0.8649591686078223
15322.0,86,2,1390.86,1,At-Risk / Low-Engagement Customers,-0.17292494430927385,-0.03828579830494683
15323.0,563,3,434.6,1,At-Risk / Low-Engagement Customers,-1.0634867752213628,0.750221882026669
15324.0,701,1,140.22000000000003,1,At-Risk / Low-Engagement Customers,-2.153049648225129,0.2800450020564705
15325.0,104,8,1602.01,0,High-Value Loyal Customers,0.6656273111607017,0.5098477246653115
15326.0,334,5,1700.52,1,At-Risk / Low-Engagement Customers,0.007097098385597133,1.0191908683265334
15327.0,53,1,208.75,1,At-Risk / Low-Engagement Customers,-1.1513530595664436,-1.0162609642276983
15328.0,408,1,107.24,1,At-Risk / Low-Engagement Customers,-2.0940531569861607,-0.09753513120942642
15329.0,39,11,2984.33,0,High-Value Loyal Customers,1.4677359339960687,0.2689902096534788
15330.0,32,2,714.96,1,At-Risk / Low-Engagement Customers,-0.14864140438631207,-0.7719669736569117
15331.0,500,3,767.91,1,At-Risk / Low-Engagement Customers,-0.7779295525061821,0.8549941431583264
15332.0,366,6,6553.74,0,High-Value Loyal Customers,0.6819733420990343,1.5296540967917018
15333.0,208,1,1028.56,1,At-Risk / Low-Engagement Customers,-0.8968224039616401,0.2064465233085426
15334.0,157,3,351.67,1,At-Risk / Low-Engagement Customers,-0.7438313530160693,-0.014836897886258494
15335.0,54,1,173.97,1,At-Risk / Low-Engagement Customers,-1.236172916979267,-1.0604124062246052
15336.0,402,1,240.5,1,At-Risk / Low-Engagement Customers,-1.7400937950291364,0.13454490351277665
15337.0,411,1,373.02,1,At-Risk / Low-Engagement Customers,-1.556905104406231,0.27767332085244645
15338.0,677,1,283.43,1,At-Risk / Low-Engagement Customers,-1.837152427291806,0.4704514372671209
15339.0,66,7,1827.84,0,High-Value Loyal Customers,0.7784444549263,0.2583898342057749
15340.0,562,1,105.5,1,At-Risk / Low-Engagement Customers,-2.2044597961551,0.07387304736483379
15341.0,81,2,2402.7200000000003,1,At-Risk / Low-Engagement Customers,0.08394927276834177,0.09262398040191068
15342.0,130,1,406.09,1,At-Risk / Low-Engagement Customers,-1.149451373069133,-0.3289577969195936
15343.0,87,1,364.5,1,At-Risk / Low-Engagement Customers,-1.0676634687238542,-0.5806622608016149
15344.0,1,3,563.94,0,High-Value Loyal Customers,0.8743755433655446,-2.2838069460916857
15345.0,46,1,393.54,1,At-Risk / Low-Engagement Customers,-0.8315488130089059,-0.903709217238315
15346.0,333,3,596.12,1,At-Risk / Low-Engagement Customers,-0.7568105207937386,0.5556637039909373
15347.0,366,4,1363.6,1,At-Risk / Low-Engagement Customers,-0.25747764721660926,0.9367203660372783
15348.0,72,1,158.04,1,At-Risk / Low-Engagement Customers,-1.3692777669987137,-0.9328262052945574
15349.0,158,2,473.81,1,At-Risk / Low-Engagement Customers,-0.8358964151400415,-0.027638448720693112
15350.0,373,2,663.25,1,At-Risk / Low-Engagement Customers,-0.9664552818617249,0.544644227628479
15351.0,12,10,3738.29,0,High-Value Loyal Customers,1.8628588744093444,-0.3153668089070014
15352.0,549,1,114.95,1,At-Risk / Low-Engagement Customers,-2.1599141102037307,0.08643652275831139
15353.0,255,7,3175.95,0,High-Value Loyal Customers,0.5851794561012402,1.1630605646283039
15354.0,603,3,284.4,1,At-Risk / Low-Engagement Customers,-1.2696243797105102,0.6614412239961168
15355.0,29,2,277.05,1,At-Risk / Low-Engagement Customers,-0.5293478582652084,-1.1076655635492387
15356.0,31,13,3464.95,0,High-Value Loyal Customers,1.7224287988863416,0.2470228788540903
15358.0,5,42,17050.41,0,High-Value Loyal Customers,3.8129294513795147,0.21139920164248077
15359.0,663,8,181.35,1,At-Risk / Low-Engagement Customers,-0.8766652786153045,0.8764109778297138
15360.0,40,1,427.93,1,At-Risk / Low-Engagement Customers,-0.7510136912028178,-0.9540216242957716
15361.0,362,4,689.07,1,At-Risk / Low-Engagement Customers,-0.5505978837035256,0.7265740961941323
15362.0,449,2,613.08,1,At-Risk / Low-Engagement Customers,-1.0604566029811255,0.6231698223903764
15363.0,373,2,1004.11,1,At-Risk / Low-Engagement Customers,-0.7862376536706747,0.6686317777126467
15364.0,96,2,913.19,1,At-Risk / Low-Engagement Customers,-0.39101425453255306,-0.10410712160275445
15365.0,26,13,4557.13,0,High-Value Loyal Customers,1.8965648578839707,0.23531192245277205
15366.0,75,7,2389.08,0,High-Value Loyal Customers,0.8541332417496915,0.4080276745101921
15367.0,57,11,5081.33,0,High-Value Loyal Customers,1.579064378955619,0.6332005956390315
15368.0,21,2,722.74,1,At-Risk / Low-Engagement Customers,-0.012801032952968767,-0.9923705176190837
15369.0,492,11,6251.26,0,High-Value Loyal Customers,0.9770542160284952,1.8755948752671754
15370.0,41,8,3739.01,0,High-Value Loyal Customers,1.3306021686045018,0.2580653777214315
15371.0,662,1,59.400000000000006,1,At-Risk / Low-Engagement Customers,-2.504110585509565,-0.005725533133340294
15372.0,137,8,6017.06,0,High-Value Loyal Customers,1.1528293861376235,1.0565861826030174
15373.0,8,17,3421.39,0,High-Value Loyal Customers,2.3188737887554853,-0.3644349531771343
15374.0,129,2,307.32,1,At-Risk / Low-Engagement Customers,-0.9586362849803071,-0.2679571245193498
15375.0,690,1,60.959999999999994,1,At-Risk / Low-Engagement Customers,-2.506393900233602,0.02472302424813711
15376.0,40,3,1233.3600000000001,1,At-Risk / Low-Engagement Customers,0.23756558915926068,-0.38389153146572813
15377.0,383,4,1211.75,1,At-Risk / Low-Engagement Customers,-0.3234522551050081,0.9263812581550086
15378.0,463,2,246.5,1,At-Risk / Low-Engagement Customers,-1.4657514125110838,0.36804717934651093
15379.0,169,8,4877.84,0,High-Value Loyal Customers,0.9940707006806542,1.1087912370091202
15380.0,9,11,3479.0600000000004,0,High-Value Loyal Customers,1.982817654194831,-0.4497344857350938
15381.0,214,5,1890.5700000000002,1,At-Risk / Low-Engagement Customers,0.19660508150429687,0.8062739668936132
15382.0,15,12,13733.550000000001,0,High-Value Loyal Customers,2.489195546324781,0.24976251346720807
15384.0,170,4,2027.79,1,At-Risk / Low-Engagement Customers,0.16207498757563504,0.6342083667078308
15385.0,40,3,942.08,1,At-Risk / Low-Engagement Customers,0.12045420189688227,-0.46446275049335484
15386.0,186,1,394.14,1,At-Risk / Low-Engagement Customers,-1.27752577759434,-0.14156969068842276
15387.0,492,1,468.65,1,At-Risk / Low-Engagement Customers,-1.5158914401574233,0.44482557168488496
15388.0,270,1,140.54,1,At-Risk / Low-Engagement Customers,-1.8442236232886695,-0.24426153386322944
15389.0,172,5,2733.8,0,High-Value Loyal Customers,0.4273023337398374,0.7967486222635412
15390.0,396,2,1216.66,1,At-Risk / Low-Engagement Customers,-0.7220719720893845,0.7589741132658536
15391.0,584,1,289.87,1,At-Risk / Low-Engagement Customers,-1.7796940178436398,0.3957787508128135
15392.0,5,7,2911.62,0,High-Value Loyal Customers,1.761333996563863,-0.9331833296172355
15393.0,16,5,891.34,0,High-Value Loyal Customers,0.6903723896790082,-0.8181750660908299
15394.0,10,11,5286.8,0,High-Value Loyal Customers,2.1340191577139316,-0.2719325278921766
15395.0,326,1,107.45,1,At-Risk / Low-Engagement Customers,-2.020841722440924,-0.22036950940073716
15396.0,113,2,796.38,1,At-Risk / Low-Engagement Customers,-0.5027253309658304,-0.05595970855803922
15397.0,290,1,94.0,1,At-Risk / Low-Engagement Customers,-2.0407315985422017,-0.3243391212953182
15398.0,16,2,1345.53,0,High-Value Loyal Customers,0.34072400260537905,-0.9487284264608148
15399.0,1,3,815.77,0,High-Value Loyal Customers,1.0347716817242139,-2.1734563414495573
15400.0,92,8,1302.3,0,High-Value Loyal Customers,0.6148189764028266,0.3809498965576069
15401.0,452,2,216.95000000000002,1,At-Risk / Low-Engagement Customers,-1.513312995531276,0.31675346660642223
15402.0,149,6,1830.54,0,High-Value Loyal Customers,0.41657867212027766,0.6544810331244416
15403.0,492,2,170.88,1,At-Risk / Low-Engagement Customers,-1.6440042515694928,0.2923393358558137
15404.0,376,1,257.06,1,At-Risk / Low-Engagement Customers,-1.6896668016314198,0.11761399338534603
15405.0,189,2,659.84,1,At-Risk / Low-Engagement Customers,-0.7496606124758016,0.16956873645881898
15406.0,31,4,975.87,0,High-Value Loyal Customers,0.38612042021878834,-0.5089434352695067
15407.0,34,4,1056.44,0,High-Value Loyal Customers,0.3916207294997852,-0.43579282923252294
15408.0,264,1,267.18,1,At-Risk / Low-Engagement Customers,-1.558917447232425,-0.06530507617972528
15409.0,721,1,131.25,1,At-Risk / Low-Engagement Customers,-2.1906889330917587,0.27589471607045857
15410.0,84,10,4685.72,0,High-Value Loyal Customers,1.3538248456414173,0.7879045201219405
15411.0,26,4,1358.88,0,High-Value Loyal Customers,0.5850019597785463,-0.5036298001180985
15412.0,171,1,190.53,1,At-Risk / Low-Engagement Customers,-1.5655837849008891,-0.4044736665074738
15413.0,692,5,6798.72,0,High-Value Loyal Customers,0.3747756474910111,1.8348233874347017
15414.0,10,3,774.9000000000001,0,High-Value Loyal Customers,0.4610768807271708,-1.2485499212352174
15415.0,313,1,572.8100000000001,1,At-Risk / Low-Engagement Customers,-1.2828328282063621,0.2559696791310202
15416.0,65,7,4572.82,0,High-Value Loyal Customers,1.1821541693624864,0.524496805662948
15417.0,85,1,508.8,1,At-Risk / Low-Engagement Customers,-0.9154460100116484,-0.49373408175487227
15418.0,425,2,452.32,1,At-Risk / Low-Engagement Customers,-1.1747962193980017,0.5020799065819948
15419.0,25,1,135.86,1,At-Risk / Low-Engagement Customers,-1.100736698603855,-1.547198680493904
15420.0,434,6,743.0,1,At-Risk / Low-Engagement Customers,-0.31974943839885783,0.9720613005249557
15421.0,59,10,3805.34,0,High-Value Loyal Customers,1.3759461365053207,0.5335084764000398
15422.0,323,7,1619.97,1,At-Risk / Low-Engagement Customers,0.21621074476700092,1.0915601679468039
15423.0,38,3,266.89,1,At-Risk / Low-Engagement Customers,-0.4109829310882111,-0.868796851154553
15424.0,254,3,597.78,1,At-Risk / Low-Engagement Customers,-0.6683173265313442,0.407640783558653
15425.0,400,4,1944.57,1,At-Risk / Low-Engagement Customers,-0.13180413772946148,1.0917648697875617
15426.0,19,9,2615.39,0,High-Value Loyal Customers,1.495463010129464,-0.21954732664548346
15427.0,33,3,1483.14,0,High-Value Loyal Customers,0.37829693958355076,-0.43198568725874886
15428.0,15,4,762.75,0,High-Value Loyal Customers,0.5032170055484348,-0.9649297465950704
15429.0,27,2,397.35,1,At-Risk / Low-Engagement Customers,-0.35060056840972353,-1.0380951900253523
15430.0,468,2,954.75,1,At-Risk / Low-Engagement Customers,-0.8813541472803058,0.7784021294043488
15431.0,503,1,153.24,1,At-Risk / Low-Engagement Customers,-2.0075080008171513,0.12368088770940931
15432.0,23,2,320.76,1,At-Risk / Low-Engagement Customers,-0.39365006699316046,-1.1870367883712982
15433.0,214,2,533.3,1,At-Risk / Low-Engagement Customers,-0.8821238997985184,0.17412196936613877
15434.0,8,11,2567.06,0,High-Value Loyal Customers,1.8846661455233902,-0.5988183939350493
15435.0,22,1,149.29,1,At-Risk / Low-Engagement Customers,-1.0203545742751503,-1.5868000444091181
15436.0,12,3,1122.53,0,High-Value Loyal Customers,0.5681261914233967,-1.0455890329281472
15437.0,262,2,393.45,1,At-Risk / Low-Engagement Customers,-1.0793384293766775,0.19442909545594114
15438.0,131,1,156.57999999999998,1,At-Risk / Low-Engagement Customers,-1.5648692354790221,-0.6088737413566442
15439.0,405,4,1269.05,1,At-Risk / Low-Engagement Customers,-0.32138355085559217,0.970928645033447
15440.0,55,3,383.68,1,At-Risk / Low-Engagement Customers,-0.3705588153685539,-0.5609332100497286
15441.0,396,3,1254.21,1,At-Risk / Low-Engagement Customers,-0.4894402066258391,0.8733676221813839
15442.0,249,1,594.0,1,At-Risk / Low-Engagement Customers,-1.1933355262833554,0.14110640877491992
15443.0,2,14,5175.93,0,High-Value Loyal Customers,2.71521354235408,-0.9132315001757605
15444.0,9,2,1418.26,0,High-Value Loyal Customers,0.535231317236233,-1.225655381857372
15445.0,264,2,284.5,1,At-Risk / Low-Engagement Customers,-1.2224363941209615,0.10184365169931663
15446.0,377,3,406.95,1,At-Risk / Low-Engagement Customers,-0.9625988364043635,0.5098779909014902
15447.0,331,5,492.88,1,At-Risk / Low-Engagement Customers,-0.5282113827907076,0.6439418698886428
15448.0,313,2,788.81,1,At-Risk / Low-Engagement Customers,-0.8345688258585056,0.5000237250753431
15449.0,26,3,974.52,0,High-Value Loyal Customers,0.27027550659875016,-0.6847455434035992
15450.0,30,1,429.84,1,At-Risk / Low-Engagement Customers,-0.6586555934617222,-1.106899796847772
15451.0,434,2,233.21,1,At-Risk / Low-Engagement Customers,-1.4688924907492322,0.3159285515931562
15452.0,30,6,1799.1100000000001,0,High-Value Loyal Customers,0.9189756453984049,-0.22031852425764273
15453.0,2,7,1388.37,0,High-Value Loyal Customers,1.6634498884749995,-1.5370737597568558
15454.0,362,2,307.69,1,At-Risk / Low-Engagement Customers,-1.2902299775514625,0.29878274167548435
15455.0,598,1,38.25,1,At-Risk / Low-Engagement Customers,-2.6588250779635407,-0.19074613145562863
15456.0,283,10,2119.27,0,High-Value Loyal Customers,0.6185485904410267,1.2158268357737028
15457.0,262,1,237.07,1,At-Risk / Low-Engagement Customers,-1.608285450790956,-0.10513389247065479
15458.0,25,2,370.43999999999994,1,At-Risk / Low-Engagement Customers,-0.3570649749098587,-1.09990769256283
15459.0,417,2,202.82999999999998,1,At-Risk / Low-Engagement Customers,-1.5164491569707024,0.25235198290338906
15460.0,354,1,216.76,1,At-Risk / Low-Engagement Customers,-1.7441002247279056,0.03362138890832542
15461.0,461,2,429.7,1,At-Risk / Low-Engagement Customers,-1.2233057795770783,0.5315031063765056
15462.0,94,4,737.05,1,At-Risk / Low-Engagement Customers,-0.08779036982765441,0.007313530379818724
15463.0,29,1,126.14,1,At-Risk / Low-Engagement Customers,-1.1790731943334807,-1.4903225722303872
15464.0,338,1,1048.85,1,At-Risk / Low-Engagement Customers,-1.0447609217539076,0.479059869426605
15465.0,20,32,12655.65,0,High-Value Loyal Customers,3.0761882459840515,0.7162676071317763
15466.0,85,4,1571.01,0,High-Value Loyal Customers,0.27338219300808736,0.17875259693752263
15467.0,9,3,524.88,0,High-Value Loyal Customers,0.32266839126523594,-1.417550440023245
15468.0,51,3,1430.48,1,At-Risk / Low-Engagement Customers,0.22515997886186073,-0.20845094847416262
15469.0,50,3,874.25,1,At-Risk / Low-Engagement Customers,0.017388517216964716,-0.36642624216490977
15470.0,576,1,63.419999999999995,1,At-Risk / Low-Engagement Customers,-2.4311401954891902,-0.06306702315910728
15471.0,2,3,1316.56,0,High-Value Loyal Customers,1.1116919491320092,-1.8066760493909682
15472.0,113,1,371.56,1,At-Risk / Low-Engagement Customers,-1.143061604105749,-0.4321571554207482
15473.0,14,8,2046.0,0,High-Value Loyal Customers,1.4013641864742554,-0.4902530322015781
15474.0,596,1,163.1,1,At-Risk / Low-Engagement Customers,-2.0353153939528466,0.23563211607783383
15475.0,77,1,454.10999999999996,1,At-Risk / Low-Engagement Customers,-0.9332426276741217,-0.5815573594853564
15476.0,380,4,2209.98,1,At-Risk / Low-Engagement Customers,-0.05961545244877955,1.1018265883587708
15477.0,650,1,368.4,1,At-Risk / Low-Engagement Customers,-1.710275890672113,0.5262844080661006
15478.0,40,3,2024.98,0,High-Value Loyal Customers,0.45316037916935253,-0.2355649216186379
15479.0,733,1,147.4,1,At-Risk / Low-Engagement Customers,-2.145888670912296,0.3194765086841279
15480.0,116,5,6279.0,0,High-Value Loyal Customers,0.9155074359619293,0.829873743999305
15481.0,401,1,1993.34,1,At-Risk / Low-Engagement Customers,-0.8206976044361433,0.7651552041185188
15482.0,16,19,14592.56,0,High-Value Loyal Customers,2.8245446185229084,0.4590425428007863
15483.0,161,10,862.2,0,High-Value Loyal Customers,0.4091047147733357,0.6371838315488194
15484.0,1,6,4656.0,0,High-Value Loyal Customers,2.2190108352363387,-1.4475235649555975
15485.0,30,7,5771.51,0,High-Value Loyal Customers,1.527830614893852,0.1773752804475956
15486.0,527,1,102.0,1,At-Risk / Low-Engagement Customers,-2.1982407173197758,0.028469027672967644
15487.0,680,1,231.32,1,At-Risk / Low-Engagement Customers,-1.9266331294831722,0.41230734729619756
15488.0,93,5,431.92,1,At-Risk / Low-Engagement Customers,-0.17742048841143251,-0.09147616294553886
15489.0,23,8,2419.61,0,High-Value Loyal Customers,1.3222957915586482,-0.18083345065303477
15490.0,430,1,217.6,1,At-Risk / Low-Engagement Customers,-1.8051664857557626,0.141771425443184
15491.0,95,6,3100.09,0,High-Value Loyal Customers,0.7900439816794664,0.5659613220514074
15492.0,28,2,659.4599999999999,1,At-Risk / Low-Engagement Customers,-0.14195863784055482,-0.8673887782566043
15493.0,33,9,4314.9800000000005,0,High-Value Loyal Customers,1.5416267401087451,0.2229583986912384
15494.0,21,5,3780.05,0,High-Value Loyal Customers,1.2352358308424995,-0.2437367431926905
15495.0,379,1,246.5,1,At-Risk / Low-Engagement Customers,-1.710409636933566,0.10947853600212602
15496.0,631,1,146.14000000000001,1,At-Risk / Low-Engagement Customers,-2.1012079082175608,0.23439963508486825
15497.0,18,9,8657.39,0,High-Value Loyal Customers,2.032756882545053,0.11039954820416598
15498.0,3,44,26039.58,0,High-Value Loyal Customers,4.162975100205207,0.1311515489989633
15499.0,724,1,161.6,1,At-Risk / Low-Engagement Customers,-2.1021377665429766,0.34002655943728854
15500.0,8,4,1131.56,0,High-Value Loyal Customers,0.8607337295490348,-1.1643370995549143
15501.0,405,2,402.5,1,At-Risk / Low-Engagement Customers,-1.209899586347824,0.440706938075686
15502.0,16,14,13993.47,0,High-Value Loyal Customers,2.586889056092871,0.34119272228994807
15503.0,363,2,267.15,1,At-Risk / Low-Engagement Customers,-1.352378566527879,0.2581547675346168
15504.0,81,4,423.85,1,At-Risk / Low-Engagement Customers,-0.28049345884038657,-0.23917480113903405
15505.0,53,5,3610.96,0,High-Value Loyal Customers,0.9249119704069059,0.2378376086090388
15506.0,23,6,2040.03,0,High-Value Loyal Customers,1.0564031673480914,-0.32388147103193854
15507.0,172,1,492.36,1,At-Risk / Low-Engagement Customers,-1.1557649471304907,-0.11803585998110587
15508.0,189,6,1000.27,1,At-Risk / Low-Engagement Customers,0.07736998904416406,0.6040920122722021
15509.0,380,1,166.51,1,At-Risk / Low-Engagement Customers,-1.8811103960871904,-0.005927161465462652
15510.0,331,1,250.0,1,At-Risk / Low-Engagement Customers,-1.660625549287333,0.039201283737010796
15511.0,12,5,909.23,0,High-Value Loyal Customers,0.7857726991944464,-0.9601970360083218
15512.0,156,4,331.58,1,At-Risk / Low-Engagement Customers,-0.597104864700465,0.04578212670787099
15513.0,33,35,27750.55,0,High-Value Loyal Customers,3.3283181625675313,1.2488999121129882
15514.0,12,18,6598.55,0,High-Value Loyal Customers,2.526896447766691,0.05474807010389955
15515.0,387,1,171.81,1,At-Risk / Low-Engagement Customers,-1.873445300794005,0.01343909879385216
15516.0,45,3,62.43,1,At-Risk / Low-Engagement Customers,-1.0912030075961356,-1.2089960675413085
15517.0,233,1,267.03,1,At-Risk / Low-Engagement Customers,-1.5189239181883236,-0.13409158426855225
15518.0,64,15,4218.94,0,High-Value Loyal Customers,1.6807214456981159,0.7456864057894332
15519.0,383,2,344.61,1,At-Risk / Low-Engagement Customers,-1.259264067289886,0.363620628449732
15520.0,2,1,343.5,1,At-Risk / Low-Engagement Customers,-0.0006435454322795274,-2.4619489218738266
15521.0,40,16,7106.69,0,High-Value Loyal Customers,2.1028442634148106,0.6697756878587174
15522.0,33,2,398.84,1,At-Risk / Low-Engagement Customers,-0.4117711524638496,-0.9298886516853715
15523.0,84,16,17359.99,0,High-Value Loyal Customers,2.2556109807133,1.3392387309909553
15524.0,25,2,591.4,1,At-Risk / Low-Engagement Customers,-0.15396037869959456,-0.9601741850934682
15525.0,2,4,1295.7,0,High-Value Loyal Customers,1.2749410247847082,-1.7297749110876675
15526.0,33,2,148.44,1,At-Risk / Low-Engagement Customers,-0.8399879484856374,-1.22449663191774
15527.0,19,23,5575.64,0,High-Value Loyal Customers,2.492471470553025,0.32744802295851405
15528.0,254,1,229.33,1,At-Risk / Low-Engagement Customers,-1.6126756205914405,-0.13206580515071775
15529.0,23,12,5111.95,0,High-Value Loyal Customers,1.9281142280544739,0.17760542547004113
15530.0,22,5,1813.72,0,High-Value Loyal Customers,0.9014614225280406,-0.43896053972156046
15531.0,8,2,2007.44,0,High-Value Loyal Customers,0.720385839609589,-1.1798281647368027
15532.0,25,10,3771.9,0,High-Value Loyal Customers,1.6425707250993182,0.06962495357388776
15533.0,19,3,807.57,0,High-Value Loyal Customers,0.2856663767027689,-0.9064600320332976
15534.0,726,1,162.25,1,At-Risk / Low-Engagement Customers,-2.1012928655233636,0.34274027827874803
15535.0,173,6,1087.82,1,At-Risk / Low-Engagement Customers,0.14229414704335283,0.5806646910724844
15536.0,409,1,259.09,1,At-Risk / Low-Engagement Customers,-1.7133967715106522,0.1662421533998529
15537.0,163,1,110.92,1,At-Risk / Low-Engagement Customers,-1.783944072628755,-0.5915705491096428
15538.0,538,6,3358.3999999999996,1,At-Risk / Low-Engagement Customers,0.2668281678352117,1.5415575335100395
15539.0,7,1,538.46,1,At-Risk / Low-Engagement Customers,-0.12273544446695275,-1.786712056942379
15540.0,11,2,460.68,1,At-Risk / Low-Engagement Customers,-0.01236696191900956,-1.4612659670724166
15541.0,114,1,85.13000000000001,1,At-Risk / Low-Engagement Customers,-1.7831147106053706,-0.8657454407032935
15542.0,512,3,918.45,1,At-Risk / Low-Engagement Customers,-0.707787472984438,0.9215731842648089
15543.0,288,2,242.84,1,At-Risk / Low-Engagement Customers,-1.3191053414645206,0.10244638815208029
15544.0,9,20,8162.43,0,High-Value Loyal Customers,2.780616668341677,0.010332145393267237
15545.0,54,2,428.05,1,At-Risk / Low-Engagement Customers,-0.536651229045722,-0.6434961092991397
15546.0,607,2,1079.1000000000001,1,At-Risk / Low-Engagement Customers,-0.9120876527819717,0.9581859242540821
15547.0,7,26,10154.39,0,High-Value Loyal Customers,3.1394668384108124,0.04460416866449276
15548.0,596,1,158.09,1,At-Risk / Low-Engagement Customers,-2.048806215485979,0.22635059391318402
15549.0,77,8,2345.96,0,High-Value Loyal Customers,0.9276444161635105,0.4600175919998358
15550.0,4,12,2218.8,0,High-Value Loyal Customers,2.0724110472160366,-0.9373452130915702
15551.0,37,7,1710.08,0,High-Value Loyal Customers,0.9329018801332328,-0.07432780108250803
15552.0,217,2,252.52,1,At-Risk / Low-Engagement Customers,-1.2109826154896641,-0.04140247947056892
15553.0,60,1,437.23,1,At-Risk / Low-Engagement Customers,-0.870178203060644,-0.7284642986134258
15554.0,278,1,217.2,1,At-Risk / Low-Engagement Customers,-1.6653067796806091,-0.09864879748806718
15555.0,12,36,12112.35,0,High-Value Loyal Customers,3.2994658522607665,0.4804981546871632
15556.0,24,1,279.77,1,At-Risk / Low-Engagement Customers,-0.7753953273931175,-1.3537274911962627
15557.0,29,1,473.65000000000003,1,At-Risk / Low-Engagement Customers,-0.6059145925737157,-1.0959963814177758
15558.0,639,1,214.13,1,At-Risk / Low-Engagement Customers,-1.9399982057930012,0.3550468727004808
15559.0,568,1,1109.4,1,At-Risk / Low-Engagement Customers,-1.1878590461959002,0.7814878870700027
15560.0,398,2,153.52,1,At-Risk / Low-Engagement Customers,-1.6219112048581183,0.14378542485108278
15561.0,12,8,1934.3899999999999,0,High-Value Loyal Customers,1.4232518859951515,-0.5859652300162299
15562.0,352,3,673.3800000000001,1,At-Risk / Low-Engagement Customers,-0.7217630588302505,0.6226031868112424
15563.0,22,7,2867.0,0,High-Value Loyal Customers,1.3200185848812014,-0.19665260484137448
15564.0,463,2,70.74000000000001,1,At-Risk / Low-Engagement Customers,-2.004568617273158,-0.0026525453820080754
15565.0,50,2,173.16,1,At-Risk / Low-Engagement Customers,-0.9045201575317885,-0.955033934064034
15566.0,393,2,227.87,1,At-Risk / Low-Engagement Customers,-1.4469101855422168,0.2544225425462658
15567.0,19,1,186.01,1,At-Risk / Low-Engagement Customers,-0.880040122542555,-1.5984515106944437
15568.0,3,3,758.29,0,High-Value Loyal Customers,0.7788389118571816,-1.8129876471108035
15569.0,104,10,3586.35,0,High-Value Loyal Customers,1.1691702234427876,0.8244332886657125
15570.0,7,25,9311.04,0,High-Value Loyal Customers,3.0729600499419383,0.0048375856880632255
15571.0,12,14,4051.63,0,High-Value Loyal Customers,2.13442886699541,-0.17775064922812991
15572.0,5,10,4068.67,0,High-Value Loyal Customers,2.149766928172582,-0.7164838769154105
15573.0,32,5,1207.18,0,High-Value Loyal Customers,0.6076928598710652,-0.36161864499232277
15574.0,178,6,1518.7,0,High-Value Loyal Customers,0.27820325949235813,0.6960984319903586
15575.0,620,1,30.1,1,At-Risk / Low-Engagement Customers,-2.7717587234436354,-0.24052265792702815
15576.0,38,1,940.6700000000001,1,At-Risk / Low-Engagement Customers,-0.3926895850683538,-0.746210746102089
15577.0,151,5,397.98,1,At-Risk / Low-Engagement Customers,-0.3683768947614391,0.14915715679188846
15578.0,162,1,127.1,1,At-Risk / Low-Engagement Customers,-1.7232150954078174,-0.5545241602661298
15579.0,69,5,1302.5,0,High-Value Loyal Customers,0.3975217110881566,0.07588040435011924
15580.0,377,8,1381.19,1,At-Risk / Low-Engagement Customers,0.1868519336011046,1.1719938884972734
15581.0,121,38,7794.59,0,High-Value Loyal Customers,2.423672032589474,1.6028157965448575
15582.0,25,3,682.9100000000001,1,At-Risk / Low-Engagement Customers,0.12795671816724574,-0.8118729638352654
15583.0,376,1,107.86,1,At-Risk / Low-Engagement Customers,-2.065218508915796,-0.1407610423062439
15584.0,24,6,1277.5,0,High-Value Loyal Customers,0.8396726283917881,-0.4413902098222586
15585.0,177,1,455.3,1,At-Risk / Low-Engagement Customers,-1.1989567125530654,-0.12569638478960812
15586.0,593,3,1139.1,1,At-Risk / Low-Engagement Customers,-0.6616136820809092,1.0668221608292334
15587.0,50,7,1522.0800000000002,0,High-Value Loyal Customers,0.787095396701039,0.0531222841541434
15588.0,678,1,579.6,1,At-Risk / Low-Engagement Customers,-1.5271493057445507,0.684870699410359
15589.0,256,3,478.53000000000003,1,At-Risk / Low-Engagement Customers,-0.7674755504969388,0.3454686093160473
15590.0,382,5,1496.6,1,At-Risk / Low-Engagement Customers,-0.09175569260452103,1.0548333280871622
15591.0,583,3,217.9,1,At-Risk / Low-Engagement Customers,-1.3741567454744175,0.5634586528043353
15592.0,47,1,388.58,1,At-Risk / Low-Engagement Customers,-0.8438626622085336,-0.8958840958554011
15593.0,71,1,199.8,1,At-Risk / Low-Engagement Customers,-1.2633704009966877,-0.8706402722279306
15594.0,16,5,1771.78,0,High-Value Loyal Customers,0.9890530688265119,-0.612686368693727
15595.0,488,1,357.6,1,At-Risk / Low-Engagement Customers,-1.6306392226346171,0.35957434587249065
15596.0,101,9,3130.04,0,High-Value Loyal Customers,1.0466565340826963,0.7328323037012104
15597.0,35,2,563.37,1,At-Risk / Low-Engagement Customers,-0.2803007191517984,-0.7951937292564871
15598.0,53,2,548.02,1,At-Risk / Low-Engagement Customers,-0.42343661405732685,-0.5798094172694401
15599.0,27,3,1250.06,0,High-Value Loyal Customers,0.366756809064015,-0.5902163184433008
15600.0,428,4,1199.31,1,At-Risk / Low-Engagement Customers,-0.36377867165326433,0.9844157125332996
15601.0,11,30,14960.12,0,High-Value Loyal Customers,3.2822785438378577,0.4347929043430204
15602.0,8,16,3230.51,0,High-Value Loyal Customers,2.250308237289179,-0.40253634471331373
15603.0,79,2,88.48,1,At-Risk / Low-Engagement Customers,-1.339888717969799,-0.9060732629606568
15604.0,52,1,216.39,1,At-Risk / Low-Engagement Customers,-1.129740964352146,-1.0158612017651847
15605.0,36,9,1936.8,0,High-Value Loyal Customers,1.1658594248969374,0.029888719541786957
15606.0,61,17,5230.99,0,High-Value Loyal Customers,1.8793728591568444,0.8270871026618832
15607.0,337,9,1708.97,0,High-Value Loyal Customers,0.3959787912715959,1.2125713391141462
15608.0,28,5,1785.98,0,High-Value Loyal Customers,0.8197884305601356,-0.31571892296173
15609.0,184,1,298.48,1,At-Risk / Low-Engagement Customers,-1.3946558136605414,-0.2304771985213213
15610.0,52,1,112.46000000000001,1,At-Risk / Low-Engagement Customers,-1.4126646019919418,-1.2105092450446773
15611.0,10,26,2997.28,0,High-Value Loyal Customers,2.5056578609864846,-0.14494193156759555
15612.0,36,2,195.15,1,At-Risk / Low-Engagement Customers,-0.7489941456331399,-1.0964403031164658
15613.0,610,1,433.71999999999997,1,At-Risk / Low-Engagement Customers,-1.6189219499623138,0.5400486935046345
15614.0,438,4,3147.36,1,At-Risk / Low-Engagement Customers,0.048341075978100806,1.2857857181628667
15615.0,10,47,21373.97,0,High-Value Loyal Customers,3.7991162631111264,0.6536331480794767
15616.0,438,1,317.11,1,At-Risk / Low-Engagement Customers,-1.6478835809547518,0.26421641157466286
15617.0,396,3,828.5500000000001,1,At-Risk / Low-Engagement Customers,-0.6696496115793111,0.7493857295852839
15618.0,33,4,776.851,0,High-Value Loyal Customers,0.2673879188059226,-0.5437020058232075
15619.0,11,1,336.40000000000003,1,At-Risk / Low-Engagement Customers,-0.4580676584120862,-1.70355648956878
15620.0,57,4,1942.36,0,High-Value Loyal Customers,0.4930507025851596,0.02497073318111168
15621.0,4,4,1293.03,0,High-Value Loyal Customers,1.1088301025808927,-1.4486402837118384
15622.0,43,17,7852.61,0,High-Value Loyal Customers,2.167021503993769,0.7595212111368098
15623.0,141,8,2437.05,0,High-Value Loyal Customers,0.7504420124469048,0.8018664430739193
15624.0,117,4,588.13,1,At-Risk / Low-Engagement Customers,-0.25596878787838656,0.05943408296445597
15625.0,104,9,3236.4,0,High-Value Loyal Customers,1.05181603534597,0.7588204825243423
15626.0,75,3,1067.52,1,At-Risk / Low-Engagement Customers,-0.02481625339382088,-0.08667845107568294
15627.0,457,2,566.9,1,At-Risk / Low-Engagement Customers,-1.1001723090856914,0.6094863234994244
15628.0,5,17,5652.26,0,High-Value Loyal Customers,2.66838770314129,-0.4378336820476632
15629.0,450,4,2240.9,1,At-Risk / Low-Engagement Customers,-0.10812431534104147,1.1990145959557634
15630.0,45,3,1481.4,0,High-Value Loyal Customers,0.28002115151157486,-0.26561041869815577
15631.0,642,1,596.67,1,At-Risk / Low-Engagement Customers,-1.4969223383954924,0.6634977094978404
15632.0,16,8,3285.31,0,High-Value Loyal Customers,1.566857467806126,-0.27951009549272204
15633.0,509,13,4352.46,0,High-Value Loyal Customers,0.9261654583514157,1.8423630629468397
15634.0,17,2,554.65,1,At-Risk / Low-Engagement Customers,-0.06289439132900211,-1.1821681500908796
15635.0,396,1,100.35,1,At-Risk / Low-Engagement Customers,-2.1130392273447893,-0.13364837716200953
15636.0,90,4,1444.58,1,At-Risk / Low-Engagement Customers,0.21862358953453345,0.1848239833088099
15637.0,53,5,797.59,0,High-Value Loyal Customers,0.2682701215256857,-0.21392404724413655
15638.0,379,6,2265.2,1,At-Risk / Low-Engagement Customers,0.20859730908972468,1.2309221692517816
15639.0,134,3,1065.08,1,At-Risk / Low-Engagement Customers,-0.21163237721506745,0.2295320156515961
15640.0,4,29,23957.58,0,High-Value Loyal Customers,3.7452970472924005,0.08086993177695201
15641.0,105,12,5345.55,0,High-Value Loyal Customers,1.4671408856552375,1.0102597416687702
15642.0,730,1,105.78000000000002,1,At-Risk / Low-Engagement Customers,-2.2877747273298503,0.2186903425266209
15643.0,192,3,664.0,1,At-Risk / Low-Engagement Customers,-0.5325802224073078,0.28538982378672556
15644.0,166,4,813.0,1,At-Risk / Low-Engagement Customers,-0.22762224333736195,0.34777924358953555
15645.0,19,3,1055.17,0,High-Value Loyal Customers,0.401899026181124,-0.8264933739806491
15646.0,158,5,974.61,1,At-Risk / Low-Engagement Customers,0.006110890869531709,0.4416518972245389
15647.0,415,1,169.0,1,At-Risk / Low-Engagement Customers,-1.9031148034191034,0.0469642681489916
15648.0,204,2,657.35,1,At-Risk / Low-Engagement Customers,-0.7758789417065284,0.21034957270719126
15649.0,336,4,2170.35,1,At-Risk / Low-Engagement Customers,-0.02779544781160709,1.0287267335944663
15650.0,522,2,553.88,1,At-Risk / Low-Engagement Customers,-1.1531864480171878,0.6757423881035172
15651.0,37,5,1259.06,0,High-Value Loyal Customers,0.5803580780851941,-0.2712193419106165
15652.0,91,5,1420.34,0,High-Value Loyal Customers,0.3467887160121297,0.2525260355776988
15653.0,93,2,877.4399999999999,1,At-Risk / Low-Engagement Customers,-0.3982101366345218,-0.13337626837379987
15654.0,9,2,922.53,0,High-Value Loyal Customers,0.3482722107382189,-1.354280987539186
15655.0,243,1,560.67,1,At-Risk / Low-Engagement Customers,-1.2105610933298316,0.11045108035564644
15656.0,45,4,748.5,1,At-Risk / Low-Engagement Customers,0.15346768466996205,-0.3880899270757721
15657.0,23,1,30.0,1,At-Risk / Low-Engagement Customers,-1.7209668664392406,-2.0358685344821152
15658.0,190,8,2423.4700000000003,0,High-Value Loyal Customers,0.6521333468242473,0.9637027552728672
15659.0,44,3,532.49,1,At-Risk / Low-Engagement Customers,-0.15753748006498303,-0.5836587734435604
15660.0,25,15,2812.99,0,High-Value Loyal Customers,1.8007612786753975,0.11899534810038027
15661.0,317,8,1215.95,1,At-Risk / Low-Engagement Customers,0.18735555200200285,1.0385472104123137
15662.0,661,2,283.73,1,At-Risk / Low-Engagement Customers,-1.5197191636753336,0.6060092836753292
15663.0,106,1,138.14,1,At-Risk / Low-Engagement Customers,-1.5511084964914401,-0.761941268708248
15664.0,51,4,1254.03,0,High-Value Loyal Customers,0.33811511152262314,-0.16615143509643465
15665.0,168,5,4015.12,0,High-Value Loyal Customers,0.6020606417937999,0.8988724016157009
15666.0,472,2,632.9399999999999,1,At-Risk / Low-Engagement Customers,-1.0627296679287785,0.6601918813412271
15667.0,40,1,301.32,1,At-Risk / Low-Engagement Customers,-0.9032166639036097,-1.0587354299879266
15668.0,218,1,76.32000000000001,1,At-Risk / Low-Engagement Customers,-2.038395981783005,-0.5427640255564358
15669.0,40,4,684.34,1,At-Risk / Low-Engagement Customers,0.1517459856356646,-0.47834663419025164
15670.0,297,2,325.2,1,At-Risk / Low-Engagement Customers,-1.2024089828905915,0.20647044978133364
15671.0,19,7,2657.13,0,High-Value Loyal Customers,1.3321566735534696,-0.29648785977195535
15672.0,725,1,45.300000000000004,1,At-Risk / Low-Engagement Customers,-2.6491409010312386,-0.035238033121386826
15673.0,88,9,6414.79,0,High-Value Loyal Customers,1.4028940207505816,0.8723848660531619
15674.0,73,13,6948.2300000000005,0,High-Value Loyal Customers,1.7539697068319038,0.9176516367264513
15675.0,81,4,542.04,1,At-Risk / Low-Engagement Customers,-0.17369838930586928,-0.16570108402510136
15676.0,19,3,3435.76,0,High-Value Loyal Customers,0.9152703929342927,-0.47330007826371495
15677.0,49,3,1305.63,1,At-Risk / Low-Engagement Customers,0.19813836160732165,-0.2574012365795575
15678.0,53,3,1893.89,0,High-Value Loyal Customers,0.3349797438162353,-0.10368246341137974
15679.0,24,4,781.28,0,High-Value Loyal Customers,0.3693067567582859,-0.7115990489767579
15680.0,9,10,4507.58,0,High-Value Loyal Customers,2.029116412786349,-0.4040730390838187
15681.0,25,14,2989.7,0,High-Value Loyal Customers,1.7780370176353313,0.11360341256841282
15682.0,599,2,318.24,1,At-Risk / Low-Engagement Customers,-1.4381380482940551,0.5860168217367207
15683.0,117,2,524.54,1,At-Risk / Low-Engagement Customers,-0.6952763992708006,-0.16173765734818807
15684.0,547,3,173.95,1,At-Risk / Low-Engagement Customers,-1.4510919684362853,0.46127713983508795
15685.0,450,1,55.980000000000004,1,At-Risk / Low-Engagement Customers,-2.4048539474432302,-0.23569487584241314
15686.0,420,1,90.0,1,At-Risk / Low-Engagement Customers,-2.1788928358249784,-0.13351937679610232
15687.0,9,9,2993.1,0,High-Value Loyal Customers,1.778317636450465,-0.5614941091216173
15688.0,419,1,190.57,1,At-Risk / Low-Engagement Customers,-1.854234443628913,0.08800083002197763
15689.0,120,3,521.03,1,At-Risk / Low-Engagement Customers,-0.4868952355475088,-0.04459442361177143
15690.0,4,2,239.76,1,At-Risk / Low-Engagement Customers,-0.012502208827724242,-2.1390367746812435
15691.0,252,4,571.3,1,At-Risk / Low-Engagement Customers,-0.515257946127067,0.4714364307793254
15692.0,28,1,191.04,1,At-Risk / Low-Engagement Customers,-0.9886649181806312,-1.3855662958839463
15693.0,659,1,37.5,1,At-Risk / Low-Engagement Customers,-2.698584886606371,-0.14303204846079148
15694.0,1,24,10810.81,0,High-Value Loyal Customers,3.5563838399357164,-0.729443166420447
15695.0,267,4,1131.04,1,At-Risk / Low-Engagement Customers,-0.2370957456787003,0.7073933949866662
15696.0,33,13,3906.57,0,High-Value Loyal Customers,1.7550028888912004,0.31636141450346317
15697.0,690,1,246.75,1,At-Risk / Low-Engagement Customers,-1.9033687055905582,0.439597069996634
15698.0,624,1,46.2,1,At-Risk / Low-Engagement Customers,-2.592315667897833,-0.11209800859860479
15699.0,18,1,309.65,1,At-Risk / Low-Engagement Customers,-0.6426328280328134,-1.4748229770131385
15700.0,172,2,696.68,1,At-Risk / Low-Engagement Customers,-0.6957412235876156,0.1341087320173328
15701.0,2,4,1542.14,0,High-Value Loyal Customers,1.3506478223429212,-1.677689549360401
15702.0,476,2,140.39000000000001,1,At-Risk / Low-Engagement Customers,-1.7182984433666235,0.21568704511850986
15703.0,265,1,211.5,1,At-Risk / Low-Engagement Customers,-1.6613916330276808,-0.13289054035998038
15704.0,140,6,3817.96,0,High-Value Loyal Customers,0.7563148469734713,0.8403192619580038
15705.0,201,1,143.1,1,At-Risk / Low-Engagement Customers,-1.7413853327882947,-0.40097260518095007
15706.0,64,4,1060.56,1,At-Risk / Low-Engagement Customers,0.19309956130235095,-0.09319071581626627
15707.0,35,4,945.58,0,High-Value Loyal Customers,0.3343214012849292,-0.4534077255735045
15708.0,41,9,4378.72,0,High-Value Loyal Customers,1.4796627702006424,0.343896853170975
15709.0,284,2,327.85,1,At-Risk / Low-Engagement Customers,-1.1844623629945132,0.1842904648591786
15710.0,417,1,898.87,1,At-Risk / Low-Engagement Customers,-1.1795849258005575,0.5484566725551747
15711.0,557,2,420.25,1,At-Risk / Low-Engagement Customers,-1.2940195495802962,0.6289935062940181
15712.0,9,12,3472.4100000000003,0,High-Value Loyal Customers,2.0430344661984052,-0.42100859898380966
15713.0,143,4,1010.79,1,At-Risk / Low-Engagement Customers,-0.08505465282355913,0.33116131138595434
15714.0,12,5,784.8100000000001,0,High-Value Loyal Customers,0.7218200139097404,-1.0041957105516832
15715.0,556,5,658.02,1,At-Risk / Low-Engagement Customers,-0.5700507019803243,1.015686345199695
15716.0,146,11,3056.81,0,High-Value Loyal Customers,1.0572179132743467,0.9940574682035946
15717.0,234,5,607.0,1,At-Risk / Low-Engagement Customers,-0.32600126658004197,0.5155790693979061
15718.0,540,1,293.79,1,At-Risk / Low-Engagement Customers,-1.748579876401586,0.35665805453924376
15719.0,33,31,10223.06,0,High-Value Loyal Customers,2.8040114282581854,0.9068750514974956
15720.0,24,2,741.92,1,At-Risk / Low-Engagement Customers,-0.04276495159335489,-0.9140328171706282
15721.0,12,1,507.08,1,At-Risk / Low-Engagement Customers,-0.3058368092098738,-1.5368645105577767
15722.0,36,11,5258.1,0,High-Value Loyal Customers,1.7393285758655166,0.39549464722353544
15723.0,365,4,947.65,1,At-Risk / Low-Engagement Customers,-0.4147891169695255,0.8263799033269487
15724.0,201,3,310.85,1,At-Risk / Low-Engagement Customers,-0.8768106207690765,0.08384384334912069
15725.0,15,1,415.25,1,At-Risk / Low-Engagement Customers,-0.45973207370308816,-1.482014318111304
15726.0,390,1,321.91,1,At-Risk / Low-Engagement Customers,-1.6039172233820205,0.20483324857297106
15727.0,17,15,9445.51,0,High-Value Loyal Customers,2.446622964738991,0.2786941185397973
15728.0,380,2,544.6,1,At-Risk / Low-Engagement Customers,-1.0580693845862816,0.49596893721910523
15729.0,213,3,192.55,1,At-Risk / Low-Engagement Customers,-1.1030140157711645,-0.027110838927048537
15730.0,66,5,1726.58,0,High-Value Loyal Customers,0.5342439528673384,0.13603717433241422
15731.0,554,1,125.3,1,At-Risk / Low-Engagement Customers,-2.1256391846145997,0.11702250147462841
15732.0,212,10,1682.07,0,High-Value Loyal Customers,0.611116244651147,0.988026202636086
15733.0,283,1,162.3,1,At-Risk / Low-Engagement Customers,-1.7971550013984487,-0.17560932139363172
15734.0,115,4,2263.3,0,High-Value Loyal Customers,0.3353737071731006,0.4530382128250416
15735.0,421,1,327.68,1,At-Risk / Low-Engagement Customers,-1.6208877367311405,0.25221786315096273
15736.0,435,2,1815.72,1,At-Risk / Low-Engagement Customers,-0.5782927426851286,0.9304278531279329
15737.0,15,8,1205.1200000000001,0,High-Value Loyal Customers,1.15033486123097,-0.6130005701385138
15738.0,19,41,13372.970000000001,0,High-Value Loyal Customers,3.299890192083844,0.7941328965032108
15739.0,66,1,449.12,1,At-Risk / Low-Engagement Customers,-0.8888736948475444,-0.6687038934534585
15740.0,49,1,154.88,1,At-Risk / Low-Engagement Customers,-1.2556139649193572,-1.147564763086776
15741.0,458,2,208.62,1,At-Risk / Low-Engagement Customers,-1.5345243882944308,0.31234561849233083
15742.0,619,1,156.87,1,At-Risk / Low-Engagement Customers,-2.064381978379676,0.2448964923281472
15743.0,16,4,784.46,0,High-Value Loyal Customers,0.49580501089440776,-0.9231011539189653
15744.0,78,1,34.8,1,At-Risk / Low-Engagement Customers,-2.043656222328366,-1.3356475410004687
15745.0,19,4,1094.59,0,High-Value Loyal Customers,0.588035845779318,-0.7338457444642511
15746.0,134,1,196.88,1,At-Risk / Low-Engagement Customers,-1.4730522123626368,-0.528309081318375
15747.0,13,9,2562.61,0,High-Value Loyal Customers,1.6019537839027245,-0.42237583195505773
15748.0,40,3,614.7600000000001,1,At-Risk / Low-Engagement Customers,-0.06502826083320232,-0.5920724431095581
15749.0,235,3,44534.3,0,High-Value Loyal Customers,1.2316546287565033,1.654860613703093
15750.0,3,18,6797.191,0,High-Value Loyal Customers,2.9210067189454336,-0.5864752457100629
15751.0,461,11,1380.44,0,High-Value Loyal Customers,0.3411305393199532,1.3878153778228821
15752.0,40,9,4207.54,0,High-Value Loyal Customers,1.470109344597866,0.31867091894443483
15753.0,305,1,79.2,1,At-Risk / Low-Engagement Customers,-2.1306740171773195,-0.34731202890238866
15754.0,51,9,3037.61,0,High-Value Loyal Customers,1.251519841705398,0.35225947577028727
15755.0,10,17,5993.12,0,High-Value Loyal Customers,2.497821774915332,-0.0859868941278363
15756.0,61,4,532.96,1,At-Risk / Low-Engagement Customers,-0.09061024483936289,-0.32495687239331134
15757.0,66,6,2940.36,0,High-Value Loyal Customers,0.8833567671058244,0.35175929269750855
15758.0,25,1,205.25,1,At-Risk / Low-Engagement Customers,-0.9222869717915243,-1.4244274251914293
15759.0,218,7,830.9300000000001,1,At-Risk / Low-Engagement Customers,0.05265877965756085,0.6758553696464138
15760.0,631,2,13916.34,1,At-Risk / Low-Engagement Customers,0.18755440045548333,1.744694271507967
15761.0,443,1,143.05,1,At-Risk / Low-Engagement Customers,-1.996252387318709,0.033309389071681794
15762.0,65,2,583.75,1,At-Risk / Low-Engagement Customers,-0.46090550459058355,-0.45025355376940035
15763.0,32,2,1086.92,1,At-Risk / Low-Engagement Customers,0.03340580141423539,-0.6467206962896953
15764.0,88,8,4503.08,0,High-Value Loyal Customers,1.1686042457182524,0.7279167493597936
15765.0,667,1,370.63,1,At-Risk / Low-Engagement Customers,-1.7159945769170526,0.5423045169686835
15766.0,64,3,831.06,1,At-Risk / Low-Engagement Customers,-0.08308060420967829,-0.2477870790569944
15768.0,116,34,15601.09,0,High-Value Loyal Customers,2.6565672960795297,1.747825345964276
15769.0,7,46,88704.32,0,High-Value Loyal Customers,4.505252003584124,0.896280303853048
15770.0,613,1,321.45,1,At-Risk / Low-Engagement Customers,-1.75049538162933,0.4533191541138719
15771.0,604,3,1006.54,1,At-Risk / Low-Engagement Customers,-0.7213290615357013,1.039942296254589
15772.0,418,1,280.88,1,At-Risk / Low-Engagement Customers,-1.6854137623341912,0.20230218700723462
15773.0,6,2,774.52,0,High-Value Loyal Customers,0.3876304901228369,-1.6032958376244384
15774.0,69,6,1329.94,0,High-Value Loyal Customers,0.5241576612408552,0.138541129080831
15775.0,245,2,150.5,1,At-Risk / Low-Engagement Customers,-1.4740809773925267,-0.12887457680315967
15776.0,133,1,241.62,1,At-Risk / Low-Engagement Customers,-1.3819576969103977,-0.4713923806542934
15777.0,241,7,1762.61,0,High-Value Loyal Customers,0.3472841184572556,0.9558577327651913
15778.0,431,1,307.95,1,At-Risk / Low-Engagement Customers,-1.6553976900453635,0.24660446229616448
15779.0,463,2,124.08000000000001,1,At-Risk / Low-Engagement Customers,-1.7626916990372117,0.16375585103851945
15780.0,184,3,475.28000000000003,1,At-Risk / Low-Engagement Customers,-0.6641179492560852,0.16212351881989237
15781.0,25,3,345.46,1,At-Risk / Low-Engagement Customers,-0.16794014752516542,-1.01544643122045
15782.0,10,4,4014.1,0,High-Value Loyal Customers,1.3464922640929526,-0.6748070913314002
15783.0,11,1,246.3,1,At-Risk / Low-Engagement Customers,-0.5932403359624067,-1.796553658025654
15784.0,468,2,848.3299999999999,1,At-Risk / Low-Engagement Customers,-0.9327176374723714,0.7430646689316411
15785.0,33,16,5969.93,0,High-Value Loyal Customers,2.087565566728259,0.5143485051917503
15786.0,46,5,8514.82,0,High-Value Loyal Customers,1.3429936974099903,0.41800307436277323
15787.0,26,3,948.05,0,High-Value Loyal Customers,0.2583061333257614,-0.6929803275535023
15788.0,509,1,221.82999999999998,1,At-Risk / Low-Engagement Customers,-1.8512608359874623,0.24033779700145075
15789.0,358,6,1962.01,1,At-Risk / Low-Engagement Customers,0.16449159271657568,1.156572730550309
15790.0,10,1,220.85,1,At-Risk / Low-Engagement Customers,-0.61235130498986,-1.8770550354651174
15791.0,44,5,3608.34,0,High-Value Loyal Customers,0.9835637045829879,0.13705888028913246
15792.0,400,2,933.84,1,At-Risk / Low-Engagement Customers,-0.8403172701467917,0.685382984629227
15793.0,15,8,2399.57,0,High-Value Loyal Customers,1.449816404701433,-0.4069608877664657
15794.0,736,2,777.0,1,At-Risk / Low-Engagement Customers,-1.1170691423630406,0.966103083101679
15795.0,150,8,1979.8700000000001,0,High-Value Loyal Customers,0.6402117199893511,0.7735983447955079
15796.0,1,17,5175.83,0,High-Value Loyal Customers,2.9854006573239196,-1.0701400255335545
15797.0,113,6,2821.08,0,High-Value Loyal Customers,0.6934417695928974,0.6325250172081944
15798.0,493,3,1535.37,1,At-Risk / Low-Engagement Customers,-0.4721976031281122,1.054442353328986
15799.0,76,4,1424.29,0,High-Value Loyal Customers,0.2665028118866504,0.08845205327187233
15800.0,107,7,1242.58,0,High-Value Loyal Customers,0.456214100973936,0.40627215179207254
15801.0,46,3,1063.95,1,At-Risk / Low-Engagement Customers,0.12916133041608435,-0.35275275379444127
15802.0,143,1,451.42,1,At-Risk / Low-Engagement Customers,-1.1341156985416723,-0.2451672523095788
15803.0,51,4,1929.66,0,High-Value Loyal Customers,0.5255157766152281,-0.03722204243822205
15804.0,1,13,4206.39,0,High-Value Loyal Customers,2.703502529708604,-1.2241996388123275
15805.0,23,30,10189.23,0,High-Value Loyal Customers,2.8910057242638683,0.702149280203996
15806.0,46,3,784.58,1,At-Risk / Low-Engagement Customers,-0.003223994316341963,-0.4438322572005662
15807.0,50,5,1817.52,0,High-Value Loyal Customers,0.6448176037002167,0.0008912162743437252
15808.0,306,21,18409.93,0,High-Value Loyal Customers,2.062465546363937,2.159503620408285
15809.0,36,7,1274.44,0,High-Value Loyal Customers,0.8136787156252326,-0.17699509926259568
15810.0,79,8,2999.04,0,High-Value Loyal Customers,1.0262762646705628,0.5474729735785151
15811.0,22,7,3890.52,0,High-Value Loyal Customers,1.4528059785143363,-0.10529648289096909
15812.0,107,12,5201.47,0,High-Value Loyal Customers,1.4492091889538428,1.0123920489018166
15813.0,208,2,1303.9099999999999,1,At-Risk / Low-Engagement Customers,-0.48445085725656817,0.42580699356705193
15814.0,17,6,2634.44,0,High-Value Loyal Customers,1.2606577550031528,-0.40604405240891256
15815.0,64,5,2100.6,0,High-Value Loyal Customers,0.6293161602316609,0.1779871148975861
15816.0,542,2,144.14999999999998,1,At-Risk / Low-Engagement Customers,-1.7487924713956708,0.29502198739258534
15817.0,421,3,2766.4,1,At-Risk / Low-Engagement Customers,-0.16519536737109627,1.1437161156801674
15818.0,588,1,340.5,1,At-Risk / Low-Engagement Customers,-1.7120761509682554,0.4475738279814882
15819.0,49,10,3934.79,0,High-Value Loyal Customers,1.4494650326500362,0.44295817582994995
15820.0,320,1,206.98,1,At-Risk / Low-Engagement Customers,-1.7315325790076734,-0.03566343232975238
15821.0,44,2,570.96,1,At-Risk / Low-Engagement Customers,-0.34665849567988644,-0.668117412334394
15822.0,3,6,1840.06,0,High-Value Loyal Customers,1.5910390642967698,-1.3430132068892742
15823.0,372,3,3897.17,1,At-Risk / Low-Engagement Customers,0.02379047712178852,1.178194518512314
15824.0,453,2,890.94,1,At-Risk / Low-Engagement Customers,-0.9009056652024858,0.7397891980828228
15825.0,172,1,532.94,1,At-Risk / Low-Engagement Customers,-1.1213723802949094,-0.09437418966698352
15826.0,56,4,2598.28,0,High-Value Loyal Customers,0.6252110747688387,0.10243297268820122
15827.0,73,28,3794.07,0,High-Value Loyal Customers,2.046194454158652,1.003129333415513
15828.0,375,1,1108.82,1,At-Risk / Low-Engagement Customers,-1.0540939645486758,0.5528244485913864
15829.0,99,2,636.14,1,At-Risk / Low-Engagement Customers,-0.5579596746484983,-0.1953858663814922
15830.0,38,1,576.0,1,At-Risk / Low-Engagement Customers,-0.6058093737669719,-0.8928345849597652
15831.0,58,3,801.76,1,At-Risk / Low-Engagement Customers,-0.06735485707842112,-0.31193690632006704
15832.0,254,1,836.79,1,At-Risk / Low-Engagement Customers,-1.0508447265102423,0.25446705968577926
15833.0,738,1,80.4,1,At-Risk / Low-Engagement Customers,-2.409380448516691,0.14345245663329476
15834.0,70,7,3772.9900000000002,0,High-Value Loyal Customers,1.0749019052361426,0.5072354169016237
15835.0,44,4,954.09,0,High-Value Loyal Customers,0.266045288833427,-0.3276512005817015
15836.0,50,1,137.37,1,At-Risk / Low-Engagement Customers,-1.3138636424524088,-1.1723111344120123
15837.0,65,2,777.01,1,At-Risk / Low-Engagement Customers,-0.33665918710132436,-0.36477358897848683
15838.0,11,34,74163.0,0,High-Value Loyal Customers,4.071367277003815,0.9584167898504542
15839.0,33,3,1048.49,1,At-Risk / Low-Engagement Customers,0.22751959986029957,-0.535718674692564
15840.0,59,2,355.56,1,At-Risk / Low-Engagement Customers,-0.6453181738448374,-0.6509043922477659
15841.0,73,9,2742.41,0,High-Value Loyal Customers,1.092941324342644,0.5162692944513767
15842.0,393,2,548.8,1,At-Risk / Low-Engagement Customers,-1.0655842226272203,0.5167701963240361
15843.0,304,1,118.95000000000002,1,At-Risk / Low-Engagement Customers,-1.9544632915445186,-0.22861497603692305
15844.0,46,1,130.73999999999998,1,At-Risk / Low-Engagement Customers,-1.3088109414356421,-1.2320597934031225
15845.0,18,11,4426.28,0,High-Value Loyal Customers,1.8799709852934858,-0.023649219766920637
15846.0,385,1,107.01,1,At-Risk / Low-Engagement Customers,-2.0762595399102883,-0.13009503885169907
15847.0,38,5,822.57,0,High-Value Loyal Customers,0.3869216649461749,-0.38419430251209313
15848.0,622,1,139.94,1,At-Risk / Low-Engagement Customers,-2.1153004207766166,0.21360170704804166
15850.0,19,6,1058.72,0,High-Value Loyal Customers,0.8301812962060569,-0.620649796826702
15851.0,527,1,109.73,1,At-Risk / Low-Engagement Customers,-2.166754008235867,0.050131502974152246
15852.0,187,3,257.26,1,At-Risk / Low-Engagement Customers,-0.9356217165360994,-0.01221592751887435
15853.0,52,1,110.8,1,At-Risk / Low-Engagement Customers,-1.419077519667857,-1.2149212548991475
15854.0,4,21,5583.81,0,High-Value Loyal Customers,2.8751074533879706,-0.4685892786890632
15855.0,137,6,1052.72,1,At-Risk / Low-Engagement Customers,0.20300730792813518,0.44300296384810295
15856.0,4,52,34220.340000000004,0,High-Value Loyal Customers,4.334473595691,0.3959025779308228
15857.0,19,2,570.48,1,At-Risk / Low-Engagement Customers,-0.08474820198497189,-1.1156464512032136
15858.0,16,13,3960.37,0,High-Value Loyal Customers,1.9851341558050526,-0.06185840202996882
15859.0,432,1,438.46,1,At-Risk / Low-Engagement Customers,-1.502828840433218,0.35335975460685004
15860.0,41,17,2505.21,0,High-Value Loyal Customers,1.6850899352019133,0.39194817271501053
15861.0,12,12,4401.79,0,High-Value Loyal Customers,2.0613431763142422,-0.20532302051264184
15862.0,8,13,2928.29,0,High-Value Loyal Customers,2.0595016124259073,-0.5029969842200948
15863.0,26,5,358.7,1,At-Risk / Low-Engagement Customers,0.1454220064074681,-0.8349894125048224
15864.0,22,7,2180.76,0,High-Value Loyal Customers,1.201024825473774,-0.27851887315443447
15865.0,41,5,2248.92,0,High-Value Loyal Customers,0.8002341022413665,-0.04247527195522049
15866.0,101,1,230.53,1,At-Risk / Low-Engagement Customers,-1.3140627622305359,-0.6359007796104343
15867.0,5,31,9063.95,0,High-Value Loyal Customers,3.3126703514100333,-0.085883675111612
15868.0,583,1,94.53,1,At-Risk / Low-Engagement Customers,-2.263601987109029,0.06153158048423543
15869.0,277,3,323.65999999999997,1,At-Risk / Low-Engagement Customers,-0.9625820392768222,0.272037383142306
15870.0,33,4,862.61,0,High-Value Loyal Customers,0.3128939072246199,-0.5123944357767775
15871.0,437,1,33.099999999999994,1,At-Risk / Low-Engagement Customers,-2.61877830346052,-0.4055127015641725
15872.0,15,4,795.68,0,High-Value Loyal Customers,0.5215838994278869,-0.9522935455883907
15873.0,500,4,313.91999999999996,1,At-Risk / Low-Engagement Customers,-0.9961351892788989,0.6694590495767554
15874.0,64,21,11284.76,0,High-Value Loyal Customers,2.3516295634725135,1.1567253725765456
15875.0,646,1,111.72,1,At-Risk / Low-Engagement Customers,-2.224740153561572,0.16756832459199136
15876.0,409,2,1449.1399999999999,1,At-Risk / Low-Engagement Customers,-0.6564675640237148,0.8290505041487471
15877.0,2,2,493.28,0,High-Value Loyal Customers,0.4656833895121752,-2.20546779661175
15878.0,562,2,330.77,1,At-Risk / Low-Engagement Customers,-1.4008009958063559,0.5624344190302262
15879.0,404,4,1157.3,1,At-Risk / Low-Engagement Customers,-0.3606603415485958,0.9419977491696264
15880.0,369,1,686.5600000000001,1,At-Risk / Low-Engagement Customers,-1.257221187205554,0.40062351024640325
15881.0,312,5,501.39000000000004,1,At-Risk / Low-Engagement Customers,-0.5017179476743096,0.616551464057835
15882.0,199,8,1495.98,0,High-Value Loyal Customers,0.42745007249170175,0.8447648027515302
15883.0,2,2,396.48,0,High-Value Loyal Customers,0.3708490341553712,-2.2707126869286753
15884.0,432,2,249.70000000000002,1,At-Risk / Low-Engagement Customers,-1.4377980196788298,0.3337540033732696
15885.0,93,15,1951.82,0,High-Value Loyal Customers,1.2261389190921943,0.7185009077711692
15886.0,60,4,1052.8700000000001,1,At-Risk / Low-Engagement Customers,0.2104780281984019,-0.13039862912532224
15887.0,407,3,1027.15,1,At-Risk / Low-Engagement Customers,-0.585101305418669,0.8287100819642832
15888.0,81,3,429.16,1,At-Risk / Low-Engagement Customers,-0.4452818908754685,-0.31713499802874406
15889.0,157,8,1806.28,0,High-Value Loyal Customers,0.5856507831717942,0.7711384037829018
15890.0,395,5,535.65,1,At-Risk / Low-Engagement Customers,-0.5490876155569806,0.7660324869164735
15891.0,227,1,524.52,1,At-Risk / Low-Engagement Customers,-1.217571410545425,0.05312834507706432
15892.0,669,1,128.2,1,At-Risk / Low-Engagement Customers,-2.1766657735079407,0.2276824262706003
15893.0,482,1,305.28000000000003,1,At-Risk / Low-Engagement Customers,-1.6952656916517215,0.3055555233211413
15894.0,253,2,420.29,1,At-Risk / Low-Engagement Customers,-1.0394342981111888,0.19492957374939418
15895.0,150,1,179.17,1,At-Risk / Low-Engagement Customers,-1.550072907522798,-0.49459816315669003
15897.0,194,2,222.05,1,At-Risk / Low-Engagement Customers,-1.2306358621867046,-0.14122946850810672
15898.0,1,25,5596.31,0,High-Value Loyal Customers,3.299845237894309,-0.912162840741106
15899.0,369,1,112.5,1,At-Risk / Low-Engagement Customers,-2.04099545620798,-0.13860371412701206
15900.0,24,4,900.4,0,High-Value Loyal Customers,0.43097692426755413,-0.669170719076375
15901.0,17,7,703.22,0,High-Value Loyal Customers,0.7882888649184785,-0.752219195417108
15902.0,380,1,145.01,1,At-Risk / Low-Engagement Customers,-1.940879835118066,-0.047047813144926405
15903.0,10,12,8939.84,0,High-Value Loyal Customers,2.42359706501712,-0.0854089796342541
15904.0,8,1,164.68,1,At-Risk / Low-Engagement Customers,-0.6744751560626628,-2.0751295015116877
15905.0,543,1,114.69,1,At-Risk / Low-Engagement Customers,-2.157343195386834,0.07971443693641003
15906.0,20,10,2555.64,0,High-Value Loyal Customers,1.5423250365676293,-0.1646650686332696
15907.0,4,3,967.45,0,High-Value Loyal Customers,0.8125352398377016,-1.6170753155412614
15908.0,491,2,764.57,1,At-Risk / Low-Engagement Customers,-0.9933776279584091,0.7383908646264765
15909.0,174,1,191.94,1,At-Risk / Low-Engagement Customers,-1.5679848893107575,-0.3927406955910915
15910.0,1,15,2681.8,0,High-Value Loyal Customers,2.6095586400996087,-1.3100229551399547
15911.0,624,8,1702.34,1,At-Risk / Low-Engagement Customers,0.11511783353932997,1.511890674349784
15912.0,178,9,1074.7,0,High-Value Loyal Customers,0.39989466662158546,0.7232173409327075
15913.0,534,1,6.300000000000001,1,At-Risk / Low-Engagement Customers,-3.3541593415153024,-0.7565940996242526
15914.0,378,2,205.99,1,At-Risk / Low-Engagement Customers,-1.4780774376037795,0.20293438884005682
15915.0,402,1,429.21,1,At-Risk / Low-Engagement Customers,-1.4888625916523233,0.3073889350542774
15916.0,16,13,3427.17,0,High-Value Loyal Customers,1.9222339662119095,-0.10513297225800357
15917.0,248,5,560.63,1,At-Risk / Low-Engagement Customers,-0.3792346188241991,0.5237488139020348
15918.0,191,3,582.88,1,At-Risk / Low-Engagement Customers,-0.5875035373037589,0.24358207324169648
15919.0,20,2,910.61,1,At-Risk / Low-Engagement Customers,0.10265822356790309,-0.9489458882946247
15920.0,154,9,571.64,1,At-Risk / Low-Engagement Customers,0.1721349184668141,0.4550851323128429
15921.0,173,4,802.11,1,At-Risk / Low-Engagement Customers,-0.24676286371190306,0.3663953655028656
15922.0,373,1,739.0,1,At-Risk / Low-Engagement Customers,-1.2287182448489884,0.4285566487546292
15923.0,373,1,254.16,1,At-Risk / Low-Engagement Customers,-1.6920000845986956,0.10982434223376937
15924.0,731,1,102.82,1,At-Risk / Low-Engagement Customers,-2.3004485371960848,0.21102911590466317
15925.0,194,1,207.15,1,At-Risk / Low-Engagement Customers,-1.5699683113201928,-0.31033992238831304
15926.0,542,1,134.44,1,At-Risk / Low-Engagement Customers,-2.088169285857295,0.12588101070282087
15927.0,647,1,123.39,1,At-Risk / Low-Engagement Customers,-2.182375343950114,0.19791028320541862
15928.0,656,1,293.53,1,At-Risk / Low-Engagement Customers,-1.8117939918951087,0.46354282931668483
15929.0,644,1,594.0,1,At-Risk / Low-Engagement Customers,-1.4998748855652153,0.6638703517934764
15930.0,67,1,426.63,1,At-Risk / Low-Engagement Customers,-0.915966947675291,-0.6758757483255086
15931.0,428,1,239.9,1,At-Risk / Low-Engagement Customers,-1.761396829898202,0.16828406808254717
15932.0,4,8,2495.87,0,High-Value Loyal Customers,1.8431225836446288,-1.036736018586032
15933.0,21,3,1107.46,0,High-Value Loyal Customers,0.39209862495784287,-0.7594587807305578
15934.0,418,2,2190.66,1,At-Risk / Low-Engagement Customers,-0.4837924712168902,0.9646569425444769
15935.0,239,2,416.86,1,At-Risk / Low-Engagement Customers,-1.0246545466700356,0.1612114615147821
15936.0,379,2,282.79,1,At-Risk / Low-Engagement Customers,-1.341626272546338,0.298850863632977
15937.0,64,1,145.35,1,At-Risk / Low-Engagement Customers,-1.3679180706408864,-1.0217392233244846
15938.0,112,9,734.81,0,High-Value Loyal Customers,0.3834366171736419,0.35582182957696
15939.0,90,16,9060.39,0,High-Value Loyal Customers,1.9506441996376767,1.1822235177706213
15940.0,311,1,35.8,1,At-Risk / Low-Engagement Customers,-2.4759120727893444,-0.5698005994082459
15941.0,637,1,405.0,1,At-Risk / Low-Engagement Customers,-1.6626462681342424,0.543438884316808
15942.0,134,1,337.44,1,At-Risk / Low-Engagement Customers,-1.2395375817438965,-0.3676538377118296
15943.0,650,2,271.28999999999996,1,At-Risk / Low-Engagement Customers,-1.533737604864943,0.58339444510898
15944.0,277,4,2164.24,1,At-Risk / Low-Engagement Customers,0.033225556891035915,0.9217287212530423
15945.0,365,4,827.27,1,At-Risk / Low-Engagement Customers,-0.4738331470805698,0.7857583242170324
15946.0,503,3,2304.18,1,At-Risk / Low-Engagement Customers,-0.3021415256188587,1.186951907492672
15947.0,83,1,1708.24,1,At-Risk / Low-Engagement Customers,-0.3814522081434507,-0.14456715079615157
15948.0,8,3,1509.0900000000001,0,High-Value Loyal Customers,0.815715542782525,-1.1598968152437092
15949.0,17,2,364.72,1,At-Risk / Low-Engagement Customers,-0.24488589959697593,-1.307376108228846
15950.0,32,10,7180.71,0,High-Value Loyal Customers,1.8455366134520248,0.3938108531078456
15951.0,9,3,1013.17,0,High-Value Loyal Customers,0.6084246257362532,-1.2209536043586533
15952.0,34,4,806.57,0,High-Value Loyal Customers,0.2743267498326372,-0.5164896696278182
15953.0,15,18,3669.5499999999997,0,High-Value Loyal Customers,2.2044820446023046,-0.006340868132130079
15954.0,589,1,190.75,1,At-Risk / Low-Engagement Customers,-1.9637477662458713,0.2757399016525077
15955.0,24,22,8658.36,0,High-Value Loyal Customers,2.579310401215407,0.5666759137554855
15956.0,551,2,617.6,1,At-Risk / Low-Engagement Customers,-1.123341699244953,0.7380493533151833
15957.0,32,3,930.1,1,At-Risk / Low-Engagement Customers,0.18509585405242668,-0.588014107536009
15958.0,74,4,492.99,1,At-Risk / Low-Engagement Customers,-0.18602912294677573,-0.24325599787807242
15959.0,682,3,579.49,1,At-Risk / Low-Engagement Customers,-1.0004640383586043,0.9417699981538095
15960.0,374,4,410.95,1,At-Risk / Low-Engagement Customers,-0.7855833537634773,0.5900822963135548
15961.0,379,1,451.28999999999996,1,At-Risk / Low-Engagement Customers,-1.4480793486437693,0.2899586038201563
15962.0,449,1,295.83,1,At-Risk / Low-Engagement Customers,-1.6860134015758053,0.2571404753899787
15963.0,20,2,470.76,1,At-Risk / Low-Engagement Customers,-0.18396348302434803,-1.1461381583185246
15964.0,663,1,272.96000000000004,1,At-Risk / Low-Engagement Customers,-1.8467227392354437,0.44771601302676944
15965.0,17,13,3013.09,0,High-Value Loyal Customers,1.8477370362592755,-0.11214110643250363
15966.0,451,1,426.53000000000003,1,At-Risk / Low-Engagement Customers,-1.5286932319962432,0.36880755785007385
15967.0,23,12,3041.6,0,High-Value Loyal Customers,1.702266975337702,0.0222252451920774
15968.0,388,1,418.05,1,At-Risk / Low-Engagement Customers,-1.4888631138443147,0.2800194654269306
15969.0,3,5,1127.05,0,High-Value Loyal Customers,1.2603309448528466,-1.546073117674955
15970.0,304,2,1017.32,1,At-Risk / Low-Engagement Customers,-0.7145956763361596,0.5600527882296777
15971.0,18,18,5902.83,0,High-Value Loyal Customers,2.355689046292532,0.2307125710795316
15972.0,456,5,1810.27,1,At-Risk / Low-Engagement Customers,-0.0661468667934378,1.2091908603445307
15973.0,367,3,988.44,1,At-Risk / Low-Engagement Customers,-0.568426992591943,0.7603095529147994
15974.0,39,7,3442.15,0,High-Value Loyal Customers,1.2205645152942945,0.16328543085155597
15975.0,84,1,371.01,1,At-Risk / Low-Engagement Customers,-1.0487637337564335,-0.594508666993671
15976.0,165,6,1746.6399999999999,0,High-Value Loyal Customers,0.36339625582955637,0.6963465240305143
15977.0,17,2,1054.73,1,At-Risk / Low-Engagement Customers,0.21637720635858776,-0.9900326661599288
15978.0,77,3,3279.42,0,High-Value Loyal Customers,0.45483825151124346,0.26342500495652266
15979.0,603,1,329.22,1,At-Risk / Low-Engagement Customers,-1.7348242125426947,0.4513898654996738
15980.0,89,7,6593.68,0,High-Value Loyal Customers,1.241053261253317,0.8051015959258916
15981.0,25,21,9362.77,0,High-Value Loyal Customers,2.5667501073082843,0.5954486948121235
15982.0,605,1,324.51,1,At-Risk / Low-Engagement Customers,-1.7421440669323784,0.4489128194411661
15983.0,22,8,3958.8199999999997,0,High-Value Loyal Customers,1.5502100667158525,-0.05697548324986499
15984.0,3,30,8759.32,0,High-Value Loyal Customers,3.4047200915511384,-0.3313762152026623
15985.0,123,7,2715.28,0,High-Value Loyal Customers,0.7514665687959329,0.7163408934772189
15986.0,30,2,354.42,1,At-Risk / Low-Engagement Customers,-0.43313504944947434,-1.016090558159649
15987.0,12,8,1682.13,0,High-Value Loyal Customers,1.3624879007469373,-0.6277701174731316
15988.0,19,3,770.09,0,High-Value Loyal Customers,0.2650153679151056,-0.9206676764910009
15989.0,376,2,372.51,1,At-Risk / Low-Engagement Customers,-1.219535052448965,0.3767127848581603
15990.0,44,7,2010.05,0,High-Value Loyal Customers,0.948501699558504,0.06728231045732463
15991.0,534,1,150.55,1,At-Risk / Low-Engagement Customers,-2.034468761462478,0.15133706966426647
15992.0,4,3,896.6,0,High-Value Loyal Customers,0.7794793242421175,-1.6398173859570402
15993.0,9,7,2797.57,0,High-Value Loyal Customers,1.5787398926558176,-0.6633889320380892
15994.0,55,3,1202.18,1,At-Risk / Low-Engagement Customers,0.12559611050670846,-0.21958461757879194
15995.0,414,1,696.19,1,At-Risk / Low-Engagement Customers,-1.2882907114743345,0.46809281728435037
15996.0,88,7,1686.9,0,High-Value Loyal Customers,0.6517157982439373,0.3909955804293454
15998.0,37,16,8308.34,0,High-Value Loyal Customers,2.195384665360635,0.674623636069386
15999.0,736,1,20.4,1,At-Risk / Low-Engagement Customers,-2.989797058905663,-0.25796491972970914
16000.0,3,3,12393.7,0,High-Value Loyal Customers,1.9939299677808853,-0.9770196862326781
16001.0,381,1,583.39,1,At-Risk / Low-Engagement Customers,-1.338283714096812,0.3695600643371643
16002.0,625,1,169.21,1,At-Risk / Low-Engagement Customers,-2.0347504133216274,0.272737676767926
16003.0,30,10,5613.83,0,High-Value Loyal Customers,1.7586666232465151,0.28564995466656157
16004.0,475,5,2146.39,1,At-Risk / Low-Engagement Customers,-0.005255779373635716,1.2826146895342485
16005.0,12,10,2436.22,0,High-Value Loyal Customers,1.6766176452134847,-0.4434985236812022
16006.0,211,2,347.17,1,At-Risk / Low-Engagement Customers,-1.0639200295188453,0.03817132954293734
16007.0,48,7,3075.14,0,High-Value Loyal Customers,1.1058870806925245,0.24148001257801874
16008.0,24,15,5384.13,0,High-Value Loyal Customers,2.095845781967845,0.2916501779549149
16009.0,22,4,992.71,0,High-Value Loyal Customers,0.5003657737501493,-0.6859755812032392
16010.0,246,11,1724.06,0,High-Value Loyal Customers,0.6403042316094393,1.1089361490885623
16011.0,8,29,5880.46,0,High-Value Loyal Customers,2.9440778600569093,-0.01536869519275874
16012.0,35,5,2989.79,0,High-Value Loyal Customers,0.9739398524939241,-0.04229187880716739
16013.0,4,84,57446.44,0,High-Value Loyal Customers,4.920138232283185,0.7238706730683757
16014.0,38,5,1130.27,0,High-Value Loyal Customers,0.5250446265539376,-0.2891673742808486
16015.0,4,3,705.39,0,High-Value Loyal Customers,0.6752469235202302,-1.7115280179003134
16016.0,3,11,2533.94,0,High-Value Loyal Customers,2.1412937413638176,-1.0499818650810402
16017.0,47,5,1553.83,0,High-Value Loyal Customers,0.5962630585185774,-0.07944167939678205
16018.0,39,4,698.13,1,At-Risk / Low-Engagement Customers,0.16840020822529383,-0.48600264458036097
16019.0,47,27,17465.85,0,High-Value Loyal Customers,2.8236611438069694,1.2085169963156535
16020.0,17,3,851.01,0,High-Value Loyal Customers,0.3425121342067986,-0.9489076944023662
16021.0,395,2,532.25,1,At-Risk / Low-Engagement Customers,-1.080520459943384,0.5104136169632806
16022.0,260,1,628.28,1,At-Risk / Low-Engagement Customers,-1.1828897186889922,0.18162423785470236
16023.0,46,3,719.81,1,At-Risk / Low-Engagement Customers,-0.04066332819916737,-0.4695900664199487
16024.0,12,3,484.2,1,At-Risk / Low-Engagement Customers,0.20278197421042907,-1.2969414388183909
16025.0,30,1,439.65999999999997,1,At-Risk / Low-Engagement Customers,-0.6488497202778056,-1.1001534746110762
16026.0,43,1,236.09,1,At-Risk / Low-Engagement Customers,-1.0318067619566245,-1.0925406267124893
16027.0,92,15,2048.36,0,High-Value Loyal Customers,1.2505931871008686,0.7270462012780408
16028.0,596,1,82.2,1,At-Risk / Low-Engagement Customers,-2.3308509887558784,0.03230719869822043
16029.0,39,107,122209.14,0,High-Value Loyal Customers,4.758694565166066,2.1844366252857497
16030.0,310,1,331.24,1,At-Risk / Low-Engagement Customers,-1.5174868626446705,0.08709937010995654
16031.0,92,2,548.94,1,At-Risk / Low-Engagement Customers,-0.598527268008536,-0.27947098105381213
16032.0,456,6,1970.45,1,At-Risk / Low-Engagement Customers,0.08829599575644136,1.2909824047300023
16033.0,6,27,10836.13,0,High-Value Loyal Customers,3.2386624466772287,0.0037149001922196145
16034.0,196,6,928.72,1,At-Risk / Low-Engagement Customers,0.03340945902365096,0.6018534375177887
16035.0,560,1,217.73,1,At-Risk / Low-Engagement Customers,-1.8901669428905001,0.28734801651559283
16036.0,87,4,2556.84,0,High-Value Loyal Customers,0.47775929715895143,0.3371571673366659
16037.0,270,5,1509.34,1,At-Risk / Low-Engagement Customers,0.0238082098218345,0.8665751162394664
16038.0,8,3,471.78000000000003,0,High-Value Loyal Customers,0.31043087721505747,-1.5075265582807975
16039.0,424,2,456.4,1,At-Risk / Low-Engagement Customers,-1.1701375719169949,0.5034657881047154
16040.0,65,7,2416.9,0,High-Value Loyal Customers,0.904796946750208,0.33367838864666355
16041.0,31,3,3166.4,0,High-Value Loyal Customers,0.7277467619281293,-0.23849638835487702
16042.0,22,8,2265.12,0,High-Value Loyal Customers,1.3073653053391492,-0.22404974405387562
16043.0,38,8,1856.5900000000001,0,High-Value Loyal Customers,1.0500806707560757,0.007704908591887447
16044.0,435,1,340.84000000000003,1,At-Risk / Low-Engagement Customers,-1.6143619451801388,0.2819709336993461
16045.0,120,8,3434.9300000000003,0,High-Value Loyal Customers,0.951481602932167,0.816299117132167
16046.0,562,1,235.78,1,At-Risk / Low-Engagement Customers,-1.856817014780287,0.313047079338081
16047.0,682,1,107.14,1,At-Risk / Low-Engagement Customers,-2.2603014098284877,0.18501761706842149
16048.0,373,4,1075.23,1,At-Risk / Low-Engagement Customers,-0.366881056583896,0.8760774613110854
16049.0,40,6,1899.68,0,High-Value Loyal Customers,0.8522047506586703,-0.049836665287786526
16050.0,174,3,300.7,1,At-Risk / Low-Engagement Customers,-0.8448022060788394,-0.005200254001822529
16051.0,682,1,188.44,1,At-Risk / Low-Engagement Customers,-2.01636183097795,0.3528450990624601
16052.0,54,1,362.06,1,At-Risk / Low-Engagement Customers,-0.9185666659417461,-0.8419031441017395
16053.0,33,6,3634.84,0,High-Value Loyal Customers,1.194975061688746,0.04106954197195125
16054.0,145,4,2111.88,1,At-Risk / Low-Engagement Customers,0.23086528980491486,0.5591874684498706
16055.0,221,1,134.8,1,At-Risk / Low-Engagement Customers,-1.7977321199977156,-0.36665841313091696
16056.0,45,1,664.85,1,At-Risk / Low-Engagement Customers,-0.5968837561899941,-0.7589098928348691
16057.0,16,10,3854.85,0,High-Value Loyal Customers,1.7894512859367095,-0.15821411271621166
16058.0,406,1,62.7,1,At-Risk / Low-Engagement Customers,-2.3231456488968396,-0.2589424857841171
16059.0,66,12,3217.77,0,High-Value Loyal Customers,1.3947163944072036,0.6053287582263109
16060.0,401,3,541.95,1,At-Risk / Low-Engagement Customers,-0.8581237089660548,0.6294059924497653
16061.0,431,1,89.65,1,At-Risk / Low-Engagement Customers,-2.188911579276527,-0.12044664544298961
16062.0,10,8,2863.45,0,High-Value Loyal Customers,1.647871877264006,-0.5607416471283865
16063.0,260,1,335.32,1,At-Risk / Low-Engagement Customers,-1.4554885811565836,-0.005920484891605045
16064.0,725,1,111.0,1,At-Risk / Low-Engagement Customers,-2.2647881359103357,0.22919202399209868
16065.0,365,8,2382.62,0,High-Value Loyal Customers,0.43439673932858786,1.3173294220120229
16066.0,17,5,1521.87,0,High-Value Loyal Customers,0.9044514439250461,-0.626646410867623
16067.0,563,3,3395.29,1,At-Risk / Low-Engagement Customers,-0.16990587274595312,1.364994743105903
16068.0,594,1,122.93,1,At-Risk / Low-Engagement Customers,-2.1563896864823766,0.14973689926699027
16069.0,418,1,457.7,1,At-Risk / Low-Engagement Customers,-1.4735547657517778,0.3480586161269025
16070.0,22,2,852.15,1,At-Risk / Low-Engagement Customers,0.04439823538907652,-0.9186091499183487
16071.0,45,4,1076.8,0,High-Value Loyal Customers,0.3115285643228181,-0.2793459521992937
16072.0,288,4,4328.89,0,High-Value Loyal Customers,0.3222071693637681,1.1505829718385845
16073.0,297,1,122.39999999999999,1,At-Risk / Low-Engagement Customers,-1.934616019299235,-0.23293297185969314
16074.0,390,1,265.25,1,At-Risk / Low-Engagement Customers,-1.6878654281025445,0.14707789832372822
16075.0,503,2,736.9300000000001,1,At-Risk / Low-Engagement Customers,-1.0171709271341474,0.7406746552341038
16076.0,3,10,2234.73,0,High-Value Loyal Customers,2.020279554939536,-1.1194297024554338
16077.0,626,1,2300.4,1,At-Risk / Low-Engagement Customers,-0.9021495520270008,1.0531889343666976
16078.0,284,2,362.99,1,At-Risk / Low-Engagement Customers,-1.1402884972471534,0.21468155060777064
16079.0,17,3,1352.0,0,High-Value Loyal Customers,0.5437399608537782,-0.8104653817098967
16080.0,82,4,602.5600000000001,1,At-Risk / Low-Engagement Customers,-0.13164450618917958,-0.12738568829052782
16081.0,56,8,4460.18,0,High-Value Loyal Customers,1.308553773178589,0.47928440312742726
16082.0,670,1,106.75,1,At-Risk / Low-Engagement Customers,-2.256140471058948,0.1741592681756202
16083.0,101,4,2351.42,0,High-Value Loyal Customers,0.3935836910455161,0.39352658481799546
16084.0,299,1,436.18,1,At-Risk / Low-Engagement Customers,-1.386409396070077,0.1494043324213985
16085.0,23,12,2343.53,0,High-Value Loyal Customers,1.5888667371472625,-0.05579274812702405
16086.0,59,10,2864.9900000000002,0,High-Value Loyal Customers,1.252483318533851,0.4485675498079859
16087.0,389,5,1739.92,1,At-Risk / Low-Engagement Customers,-0.03210853116695105,1.1098896925434552
16088.0,576,2,1437.43,1,At-Risk / Low-Engagement Customers,-0.770505045507136,1.0150837196329876
16089.0,386,2,271.44,1,At-Risk / Low-Engagement Customers,-1.365289189881583,0.2967005796360958
16090.0,624,1,205.91,1,At-Risk / Low-Engagement Customers,-1.949278736252666,0.3303036286252729
16091.0,155,2,315.06,1,At-Risk / Low-Engagement Customers,-1.0068158171944008,-0.15997364781668774
16092.0,115,6,1587.94,0,High-Value Loyal Customers,0.437889602756847,0.47017071429420254
16093.0,107,1,17.0,1,At-Risk / Low-Engagement Customers,-2.4439536568617197,-1.3690072059863427
16094.0,12,11,3695.56,0,High-Value Loyal Customers,1.9242222620775633,-0.28695800013688705
16095.0,456,1,447.05,1,At-Risk / Low-Engagement Customers,-1.5118534339967888,0.388908888960401
16096.0,264,4,1584.97,1,At-Risk / Low-Engagement Customers,-0.08674850485759023,0.8021166067311973
16097.0,240,1,185.04999999999998,1,At-Risk / Low-Engagement Customers,-1.6873066906904561,-0.22712042643937994
16098.0,88,14,4448.1,0,High-Value Loyal Customers,1.552870069070227,0.9112204047359772
16099.0,50,7,1573.2,0,High-Value Loyal Customers,0.8014593376673799,0.06300450193631407
16100.0,463,1,582.64,1,At-Risk / Low-Engagement Customers,-1.4017371000913939,0.4764344225636468
16101.0,71,4,3229.16,0,High-Value Loyal Customers,0.6442010834489069,0.2963330973500856
16102.0,42,3,1842.14,0,High-Value Loyal Customers,0.3966027840667031,-0.23760821974477414
16103.0,7,22,6191.71,0,High-Value Loyal Customers,2.80195592220765,-0.16215333584515532
16104.0,62,9,2778.61,0,High-Value Loyal Customers,1.1506940950373616,0.4314304583167226
16105.0,249,5,2386.19,1,At-Risk / Low-Engagement Customers,0.24907821757701246,0.9591229574961591
16106.0,66,1,108.38,1,At-Risk / Low-Engagement Customers,-1.5044103251070056,-1.0921856556927687
16107.0,18,7,3204.1600000000003,0,High-Value Loyal Customers,1.4301713636029267,-0.26875975325951873
16108.0,85,4,2235.92,0,High-Value Loyal Customers,0.4268631500703769,0.2843456404246616
16109.0,219,3,939.48,1,At-Risk / Low-Engagement Customers,-0.4241199644804828,0.4613644001384241
16110.0,45,4,1819.27,0,High-Value Loyal Customers,0.5395508147115355,-0.1224693998100656
16111.0,428,1,562.48,1,At-Risk / Low-Engagement Customers,-1.3916666203069084,0.4226539837199503
16112.0,143,4,195.73999999999998,1,At-Risk / Low-Engagement Customers,-0.7975792164735038,-0.15904697682929636
16113.0,183,1,161.38,1,At-Risk / Low-Engagement Customers,-1.6592340687744456,-0.4166993747163437
16114.0,171,1,135.75000000000003,1,At-Risk / Low-Engagement Customers,-1.7121662212269046,-0.5053206111036169
16115.0,10,12,2575.14,0,High-Value Loyal Customers,1.8821799876932974,-0.4578973852631814
16116.0,212,1,612.78,1,At-Risk / Low-Engagement Customers,-1.1280119052557491,0.062065772423743365
16117.0,190,3,654.4,1,At-Risk / Low-Engagement Customers,-0.5355381654720316,0.27529144891711377
16118.0,653,1,4376.25,1,At-Risk / Low-Engagement Customers,-0.6360552876380908,1.2688941680092858
16119.0,8,8,1720.81,0,High-Value Loyal Customers,1.4913054844009852,-0.8237914404935317
16120.0,59,6,3056.91,0,High-Value Loyal Customers,0.9359541569992211,0.3025280775707814
16121.0,57,5,1477.09,0,High-Value Loyal Customers,0.5130343067134977,0.009785294066227712
16122.0,73,6,1001.34,0,High-Value Loyal Customers,0.382811790098992,0.08431206592084019
16123.0,52,1,307.78,1,At-Risk / Low-Engagement Customers,-0.9770470206397869,-0.9108096139509498
16124.0,317,4,1772.49,1,At-Risk / Low-Engagement Customers,-0.09709164140467755,0.9361310663618674
16125.0,367,14,4587.65,0,High-Value Loyal Customers,1.1072224940109274,1.703377221037869
16126.0,29,15,14646.800000000001,0,High-Value Loyal Customers,2.4722653001744916,0.6917526696405183
16127.0,39,2,801.31,1,At-Risk / Low-Engagement Customers,-0.16131369117919359,-0.6317752355955352
16128.0,18,11,3801.05,0,High-Value Loyal Customers,1.813728464303897,-0.06922327360027408
16129.0,407,3,1396.05,1,At-Risk / Low-Engagement Customers,-0.45169741374764133,0.9204903471137601
16130.0,422,4,987.48,1,At-Risk / Low-Engagement Customers,-0.44370616598934287,0.9185239287282886
16131.0,52,12,9957.42,0,High-Value Loyal Customers,1.9619431819119808,0.8141303945076885
16132.0,544,2,664.1999999999999,1,At-Risk / Low-Engagement Customers,-1.0876128883977658,0.7527514136967588
16133.0,4,56,22992.260000000002,0,High-Value Loyal Customers,4.216948929916882,0.30350032381233083
16134.0,22,5,2145.34,0,High-Value Loyal Customers,0.9744863016048557,-0.38872030549581377
16135.0,263,2,819.45,1,At-Risk / Low-Engagement Customers,-0.761912303747709,0.4157520999851105
16136.0,60,4,946.8,1,At-Risk / Low-Engagement Customers,0.16432173947190612,-0.1621535979239844
16137.0,680,1,422.7,1,At-Risk / Low-Engagement Customers,-1.6651743816344233,0.5921878058242297
16138.0,379,3,910.35,1,At-Risk / Low-Engagement Customers,-0.6145760525355852,0.7533982937327444
16139.0,19,5,1111.15,0,High-Value Loyal Customers,0.733621029733183,-0.6626188146805776
16140.0,66,3,1557.6000000000001,1,At-Risk / Low-Engagement Customers,0.18020643690603566,-0.0431901877998077
16141.0,88,2,955.94,1,At-Risk / Low-Engagement Customers,-0.3432902501896202,-0.13790171702536627
16142.0,250,1,535.34,1,At-Risk / Low-Engagement Customers,-1.239787523856104,0.11223811652033887
16143.0,3,12,4910.83,0,High-Value Loyal Customers,2.4901543840727487,-0.8226725113554423
16144.0,247,1,175.2,1,At-Risk / Low-Engagement Customers,-1.720234796044999,-0.22761141756571124
16145.0,9,19,6805.4400000000005,0,High-Value Loyal Customers,2.6643041727640018,-0.06194658426048484
16146.0,157,4,946.38,1,At-Risk / Low-Engagement Customers,-0.1436821061983715,0.36264627780061837
16147.0,134,5,2398.91,0,High-Value Loyal Customers,0.45068086690598963,0.6208493529355328
16148.0,296,2,386.62,1,At-Risk / Low-Engagement Customers,-1.1262598376216935,0.2562582088654283
16149.0,5,3,422.22,0,High-Value Loyal Customers,0.3933860367736101,-1.7643144888418556
16150.0,43,10,4395.59,0,High-Value Loyal Customers,1.5389833760725187,0.4055931998564613
16152.0,269,1,1829.04,1,At-Risk / Low-Engagement Customers,-0.7293727475295598,0.5198807491749255
16153.0,50,11,5133.49,0,High-Value Loyal Customers,1.6251052568902853,0.5653167698226975
16155.0,382,5,796.9,1,At-Risk / Low-Engagement Customers,-0.3657132167461394,0.8663538625299172
16156.0,9,20,6218.18,0,High-Value Loyal Customers,2.662256714534216,-0.07109807232719388
16157.0,16,3,656.69,0,High-Value Loyal Customers,0.2483654321223637,-1.0579243408414778
16158.0,522,9,628.32,1,At-Risk / Low-Engagement Customers,-0.1801348574913881,1.15412303114289
16159.0,282,4,1232.79,1,At-Risk / Low-Engagement Customers,-0.21726026693914569,0.7631959812198765
16160.0,65,2,1025.44,1,At-Risk / Low-Engagement Customers,-0.21608626995091687,-0.281820879223966
16161.0,2,43,12831.8,0,High-Value Loyal Customers,3.930976072451253,-0.24758186832642765
16162.0,252,1,37.4,1,At-Risk / Low-Engagement Customers,-2.389599746143827,-0.6726753175258071
16163.0,232,6,2849.58,0,High-Value Loyal Customers,0.4666162631807333,1.0298110127926896
16164.0,17,3,822.48,0,High-Value Loyal Customers,0.3276929019099543,-0.9591031471172696
16165.0,505,1,79.9,1,At-Risk / Low-Engagement Customers,-2.2895602372857238,-0.06730199770713557
16166.0,428,2,435.83,1,At-Risk / Low-Engagement Customers,-1.1931883284562204,0.4948584797537327
16167.0,414,5,1386.1200000000001,1,At-Risk / Low-Engagement Customers,-0.1510523952193487,1.0761523601650327
16168.0,11,66,10636.47,0,High-Value Loyal Customers,3.7216979804692665,0.6147993886241037
16169.0,8,4,1822.97,0,High-Value Loyal Customers,1.0680763103298925,-1.0216879099212894
16170.0,51,20,6869.0,0,High-Value Loyal Customers,2.172342552596988,0.8680310061607092
16171.0,59,1,73.2,1,At-Risk / Low-Engagement Customers,-1.6375693777120623,-1.2692150582050161
16172.0,95,8,1884.55,0,High-Value Loyal Customers,0.7652435313449507,0.5090160204614465
16173.0,16,6,1418.32,0,High-Value Loyal Customers,1.00987000213738,-0.6228278486209576
16174.0,126,7,2246.75,0,High-Value Loyal Customers,0.6613549755247873,0.6728498532409461
16175.0,94,7,1836.44,0,High-Value Loyal Customers,0.6675505763187898,0.45239072090583765
16176.0,421,4,2052.69,1,At-Risk / Low-Engagement Customers,-0.12478118971650096,1.1361083287440454
16177.0,50,8,2247.31,0,High-Value Loyal Customers,1.0463782308198515,0.21281390451890755
16178.0,138,2,612.6,1,At-Risk / Low-Engagement Customers,-0.680844960900304,-0.025023924678387103
16179.0,61,1,215.83,1,At-Risk / Low-Engagement Customers,-1.1815901181305357,-0.9301250828279222
16180.0,100,13,16249.87,0,High-Value Loyal Customers,2.0229946624987294,1.3435175318863775
16181.0,73,1,305.54,1,At-Risk / Low-Engagement Customers,-1.0881657220502992,-0.7288927317097788
16182.0,72,9,9971.65,0,High-Value Loyal Customers,1.6589073359445692,0.8951152859830434
16183.0,67,4,1077.81,1,At-Risk / Low-Engagement Customers,0.18551993529838232,-0.06347884221711592
16184.0,64,6,1158.79,0,High-Value Loyal Customers,0.48823543217076976,0.05646200064263719
16185.0,17,3,644.72,0,High-Value Loyal Customers,0.22188705477748707,-1.0318962911743397
16186.0,23,26,9026.11,0,High-Value Loyal Customers,2.7329041988926814,0.6153014109375635
16187.0,32,15,6911.4400000000005,0,High-Value Loyal Customers,2.114690054908567,0.5195223733980052
16188.0,45,5,1087.66,0,High-Value Loyal Customers,0.45494849650786884,-0.20960868946331926
16189.0,16,2,215.48,1,At-Risk / Low-Engagement Customers,-0.4545552037219435,-1.4958709086650215
16190.0,40,8,2723.55,0,High-Value Loyal Customers,1.2005612799785692,0.14994552514712053
16191.0,3,24,15688.02,0,High-Value Loyal Customers,3.494201376835988,-0.23567660269309168
16192.0,736,1,351.3,1,At-Risk / Low-Engagement Customers,-1.7710286246574904,0.5805330329908356
16193.0,237,2,630.43,1,At-Risk / Low-Engagement Customers,-0.8423191273840761,0.28017838013734886
16194.0,375,1,308.59999999999997,1,At-Risk / Low-Engagement Customers,-1.6095799736034084,0.17065678796878145
16195.0,723,1,323.25,1,At-Risk / Low-Engagement Customers,-1.8013726638027003,0.5458808895123365
16196.0,489,1,93.3,1,At-Risk / Low-Engagement Customers,-2.2124808043305197,-0.03914427275615869
16197.0,469,9,2016.71,0,High-Value Loyal Customers,0.36135397916824863,1.4439519310446465
16198.0,75,2,1030.0410000000002,1,At-Risk / Low-Engagement Customers,-0.2597687094653748,-0.20266856708164324
16199.0,392,7,942.75,1,At-Risk / Low-Engagement Customers,-0.08158806209906577,1.0361256712003988
16200.0,4,12,5643.45,0,High-Value Loyal Customers,2.4784749940216577,-0.6579781253804636
16201.0,3,5,2112.12,0,High-Value Loyal Customers,1.5334353246004542,-1.3581806051496812
16202.0,361,9,2501.9900000000002,0,High-Value Loyal Customers,0.5395716734436616,1.3644616931838753
16203.0,59,6,1114.54,0,High-Value Loyal Customers,0.4971975621479325,0.0006688431277848227
16204.0,23,3,944.24,0,High-Value Loyal Customers,0.2946499215350091,-0.7591490491960309
16205.0,31,7,1830.61,0,High-Value Loyal Customers,1.0181004979843638,-0.1487370312493716
16206.0,55,13,2602.32,0,High-Value Loyal Customers,1.4169080951610575,0.47001246857388973
16207.0,25,1,394.38,1,At-Risk / Low-Engagement Customers,-0.6391389597901477,-1.2296250150629586
16208.0,45,10,3440.45,0,High-Value Loyal Customers,1.4180335764153222,0.35679016188436274
16209.0,89,9,4146.78,0,High-Value Loyal Customers,1.209492443270452,0.7479758818814016
16210.0,2,35,38489.51,0,High-Value Loyal Customers,4.255845570810333,0.007770293997207315
16211.0,89,3,1090.59,1,At-Risk / Low-Engagement Customers,-0.0702056671902466,0.012971805123840366
16212.0,19,4,1293.71,0,High-Value Loyal Customers,0.660695594017671,-0.6838567158423929
16213.0,79,1,159.0,1,At-Risk / Low-Engagement Customers,-1.3962744502146718,-0.8805197953171187
16214.0,171,4,2038.25,1,At-Risk / Low-Engagement Customers,0.16242666078222545,0.6389638785776874
16215.0,81,1,242.35,1,At-Risk / Low-Engagement Customers,-1.2218095488770928,-0.7413761375319039
16216.0,267,1,914.9300000000001,1,At-Risk / Low-Engagement Customers,-1.0281271955941957,0.30858607465617793
16217.0,235,2,304.25,1,At-Risk / Low-Engagement Customers,-1.1558482502067406,0.05794182248425083
16218.0,30,13,4439.97,0,High-Value Loyal Customers,1.840553534829427,0.3037154213910243
16219.0,501,1,40.8,1,At-Risk / Low-Engagement Customers,-2.574300611179464,-0.2693434118230352
16221.0,37,9,2235.5099999999998,0,High-Value Loyal Customers,1.21961228281593,0.08751323806313352
16222.0,318,2,1345.22,1,At-Risk / Low-Engagement Customers,-0.6076528583148838,0.6683680828641025
16223.0,375,2,1102.3500000000001,1,At-Risk / Low-Engagement Customers,-0.7473873304599553,0.6994887360365779
16224.0,57,5,1616.54,0,High-Value Loyal Customers,0.552261505072173,0.03677313243685476
16225.0,45,15,2867.4100000000003,0,High-Value Loyal Customers,1.6245666608310922,0.43941963336046114
16226.0,203,5,672.1700000000001,1,At-Risk / Low-Engagement Customers,-0.23594401979564258,0.4680325578038955
16227.0,225,3,1027.22,1,At-Risk / Low-Engagement Customers,-0.39401377216060035,0.5029054615879659
16228.0,385,3,890.8100000000001,1,At-Risk / Low-Engagement Customers,-0.6290732970047836,0.7555511014818754
16229.0,87,6,2867.86,0,High-Value Loyal Customers,0.7843176051717741,0.4946683824992791
16230.0,190,2,542.03,1,At-Risk / Low-Engagement Customers,-0.8367899768789215,0.11368817773482633
16231.0,379,4,1078.22,1,At-Risk / Low-Engagement Customers,-0.37082138326071734,0.8856863074570366
16232.0,44,7,2712.97,0,High-Value Loyal Customers,1.0789267485442664,0.15701316784164857
16233.0,71,9,1965.71,0,High-Value Loyal Customers,0.9569827819699082,0.40152262156686913
16234.0,476,3,333.18,1,At-Risk / Low-Engagement Customers,-1.1246229405831747,0.5784742817334799
16235.0,41,9,2053.71,0,High-Value Loyal Customers,1.1503537260566314,0.11733621083086795
16236.0,78,1,432.2,1,At-Risk / Low-Engagement Customers,-0.9588306621477016,-0.589300666804035
16237.0,437,1,136.65,1,At-Risk / Low-Engagement Customers,-2.011625840440193,0.012200854945705927
16238.0,423,1,63.66,1,At-Risk / Low-Engagement Customers,-2.329871924169379,-0.23189475692276343
16239.0,57,6,1492.2,0,High-Value Loyal Customers,0.6350312787077499,0.06925445789064467
16240.0,24,2,3718.8,0,High-Value Loyal Customers,0.6581177571697105,-0.4318339844140264
16241.0,10,16,4329.31,0,High-Value Loyal Customers,2.312756829640527,-0.20423846059192952
16242.0,8,14,7474.4,0,High-Value Loyal Customers,2.5197540298506143,-0.19729785791018933
16243.0,34,2,409.1,1,At-Risk / Low-Engagement Customers,-0.41012240482819323,-0.9063158289270525
16244.0,212,2,2579.38,1,At-Risk / Low-Engagement Customers,-0.19392679859402473,0.6403588664993893
16245.0,24,3,1413.66,0,High-Value Loyal Customers,0.4568837200540349,-0.6159349039684532
16246.0,460,2,827.25,1,At-Risk / Low-Engagement Customers,-0.9380885723141061,0.7260517966463877
16247.0,170,1,114.56,1,At-Risk / Low-Engagement Customers,-1.7835365702905666,-0.5589361136310201
16248.0,62,1,152.94,1,At-Risk / Low-Engagement Customers,-1.335810475000814,-1.0238413730761526
16249.0,53,5,1800.07,0,High-Value Loyal Customers,0.6221358073269494,0.02953126776445029
16250.0,261,3,791.38,1,At-Risk / Low-Engagement Customers,-0.555182795728755,0.5064386446752767
16251.0,512,1,128.31,1,At-Risk / Low-Engagement Customers,-2.0899402456123526,0.08066928548732633
16252.0,383,1,295.09000000000003,1,At-Risk / Low-Engagement Customers,-1.6358025483730114,0.16891287426048793
16253.0,67,7,7310.15,0,High-Value Loyal Customers,1.3765856275702157,0.6813717074714216
16254.0,378,3,985.14,1,At-Risk / Low-Engagement Customers,-0.5794065285732124,0.775554778776837
16255.0,17,15,4906.8,0,High-Value Loyal Customers,2.1617078695998417,0.0826759765695159
16256.0,267,3,1629.37,1,At-Risk / Low-Engagement Customers,-0.24856867503175298,0.7349124109701587
16257.0,177,1,46.95,1,At-Risk / Low-Engagement Customers,-2.1792440398370214,-0.8001222182027811
16258.0,45,15,11942.52,0,High-Value Loyal Customers,2.2452135293530975,0.866417177762033
16259.0,410,3,361.94,1,At-Risk / Low-Engagement Customers,-1.040536067865338,0.5210473683854068
16260.0,51,1,1035.45,1,At-Risk / Low-Engagement Customers,-0.44400600840566157,-0.5588285560860207
16261.0,17,6,1059.45,0,High-Value Loyal Customers,0.8645572082511191,-0.6785564413008606
16262.0,378,1,755.15,1,At-Risk / Low-Engagement Customers,-1.2236197391624823,0.4423443799402165
16263.0,423,1,351.01,1,At-Risk / Low-Engagement Customers,-1.592579653390723,0.27535341445439215
16264.0,438,2,837.53,1,At-Risk / Low-Engagement Customers,-0.9169063483978449,0.7027737430291111
16265.0,9,12,6935.17,0,High-Value Loyal Customers,2.3439585190276007,-0.21397648760712978
16266.0,74,14,1757.95,0,High-Value Loyal Customers,1.2044532315058951,0.5390323825737378
16267.0,591,1,186.66,1,At-Risk / Low-Engagement Customers,-1.9742234001522305,0.27115233506130804
16268.0,71,2,667.65,1,At-Risk / Low-Engagement Customers,-0.43070995894997477,-0.36212612158834157
16269.0,438,1,717.57,1,At-Risk / Low-Engagement Customers,-1.2933315818591908,0.50814390183494
16270.0,353,1,1141.24,1,At-Risk / Low-Engagement Customers,-1.022065766213964,0.5281888022659671
16271.0,3,10,3463.02,0,High-Value Loyal Customers,2.2107953657983246,-0.9883571271597562
16272.0,117,1,411.7,1,At-Risk / Low-Engagement Customers,-1.1096941661651039,-0.3825059023662595
16273.0,648,2,336.03999999999996,1,At-Risk / Low-Engagement Customers,-1.439919841918824,0.6455581634965295
16274.0,373,1,715.9,1,At-Risk / Low-Engagement Customers,-1.2425170800887053,0.4190632168825047
16275.0,197,3,2151.11,1,At-Risk / Low-Engagement Customers,-0.02985804496192068,0.6510549792217086
16276.0,177,3,2629.3900000000003,1,At-Risk / Low-Engagement Customers,0.09189972058893625,0.6523967358296421
16277.0,734,1,188.69,1,At-Risk / Low-Engagement Customers,-2.039519571538792,0.39371104273492535
16278.0,100,3,1117.84,1,At-Risk / Low-Engagement Customers,-0.09677173309599432,0.08395382371142053
16279.0,21,9,5705.08,0,High-Value Loyal Customers,1.8039044092857044,0.06643377899351702
16280.0,725,1,238.05,1,At-Risk / Low-Engagement Customers,-1.9349031057268276,0.45614893776600934
16281.0,72,3,3424.02,0,High-Value Loyal Customers,0.4950336103991938,0.23979698619305237
16282.0,340,3,1307.58,1,At-Risk / Low-Engagement Customers,-0.42214448724974224,0.8019653380912753
16283.0,6,8,4403.82,0,High-Value Loyal Customers,1.9812910252949198,-0.6812233244503153
16284.0,31,3,1029.77,0,High-Value Loyal Customers,0.23929603724734042,-0.5745445835170352
16285.0,646,1,176.9,1,At-Risk / Low-Engagement Customers,-2.0261954599124024,0.3041646742103283
16286.0,477,2,328.95,1,At-Risk / Low-Engagement Customers,-1.3502597213845695,0.4705143361101546
16287.0,170,5,1006.98,1,At-Risk / Low-Engagement Customers,-0.003219228502874371,0.49155402655942004
16288.0,470,1,129.85,1,At-Risk / Low-Engagement Customers,-2.0571627500750798,0.0371001291819775
16289.0,462,1,136.31,1,At-Risk / Low-Engagement Customers,-2.0306546477578378,0.04207668723113109
16290.0,465,4,2069.3,1,At-Risk / Low-Engagement Customers,-0.1533537241911342,1.1932236969287522
16291.0,682,1,117.72,1,At-Risk / Low-Engagement Customers,-2.2196882581939716,0.21295897454218793
16292.0,122,5,1253.76,1,At-Risk / Low-Engagement Customers,0.19862897166231464,0.3753818008780016
16293.0,22,15,4657.95,0,High-Value Loyal Customers,2.059788022239096,0.20229932311896193
16294.0,477,1,126.05000000000001,1,At-Risk / Low-Engagement Customers,-2.0747570672777504,0.03641508836440258
16295.0,10,4,1328.55,0,High-Value Loyal Customers,0.8656050743728672,-1.005651665853521
16296.0,626,4,1313.67,1,At-Risk / Low-Engagement Customers,-0.44691826674631374,1.2209697999111293
16297.0,269,1,301.9,1,At-Risk / Low-Engagement Customers,-1.511991432314029,-0.018551447222932897
16298.0,23,7,1085.7,0,High-Value Loyal Customers,0.8839979202472126,-0.46368525302957053
16299.0,477,1,193.65,1,At-Risk / Low-Engagement Customers,-1.889131660962962,0.1641231244392654
16300.0,430,3,1392.43,1,At-Risk / Low-Engagement Customers,-0.4705632654362506,0.9499618069166438
16301.0,737,1,107.33,1,At-Risk / Low-Engagement Customers,-2.2845865879212544,0.22826095342138703
16302.0,127,1,233.22,1,At-Risk / Low-Engagement Customers,-1.3824728911572455,-0.507206807861918
16303.0,26,7,7928.27,0,High-Value Loyal Customers,1.7106376987405256,0.1962057324800456
16304.0,695,1,381.66,1,At-Risk / Low-Engagement Customers,-1.7165489132071432,0.5737077776981815
16305.0,139,1,361.21999999999997,1,At-Risk / Low-Engagement Customers,-1.2217540497062942,-0.3272677276640644
16306.0,214,7,1192.82,1,At-Risk / Low-Engagement Customers,0.21576540702294633,0.7738017051440871
16307.0,429,3,1194.92,1,At-Risk / Low-Engagement Customers,-0.5363188613915523,0.9029246690562919
16308.0,38,7,5120.0,0,High-Value Loyal Customers,1.4014734117791825,0.2681507032963044
16309.0,106,2,706.57,1,At-Risk / Low-Engagement Customers,-0.534222722340827,-0.1266823161295827
16310.0,414,2,460.08,1,At-Risk / Low-Engagement Customers,-1.1589499815495503,0.49273150631007606
16311.0,18,2,616.26,1,At-Risk / Low-Engagement Customers,-0.03462910081199294,-1.1208699309714358
16312.0,432,1,171.15,1,At-Risk / Low-Engagement Customers,-1.9106005084176823,0.07281777536422702
16313.0,3,2,274.15000000000003,1,At-Risk / Low-Engagement Customers,0.11776149185214671,-2.2221465881542715
16314.0,390,3,1491.4,1,At-Risk / Low-Engagement Customers,-0.4092057596173253,0.916779792269279
16315.0,331,2,402.71,1,At-Risk / Low-Engagement Customers,-1.1445940817416707,0.329878526699456
16316.0,64,13,5744.91,0,High-Value Loyal Customers,1.7131789069765053,0.7892078025509244
16317.0,120,5,2192.51,0,High-Value Loyal Customers,0.44696267068922974,0.53354235931743
16318.0,35,1,328.15,1,At-Risk / Low-Engagement Customers,-0.8241582788432625,-1.1050149873089368
16319.0,218,1,404.40000000000003,1,At-Risk / Low-Engagement Customers,-1.317461574204347,-0.04676986635965156
16320.0,172,6,5628.99,0,High-Value Loyal Customers,0.8590410499266444,1.0693163625519613
16321.0,72,7,604.5500000000001,0,High-Value Loyal Customers,0.26978400401251557,-0.02517252471724961
16322.0,1,2,326.75,0,High-Value Loyal Customers,0.41805796051744626,-2.552093593899733
16323.0,196,2,353.66,1,At-Risk / Low-Engagement Customers,-1.03215040885925,0.0032249093127702075
16324.0,128,3,428.68,1,At-Risk / Low-Engagement Customers,-0.5923096078281712,-0.06756056882449825
16325.0,47,12,3597.5,0,High-Value Loyal Customers,1.551098038067129,0.4547701901809222
16326.0,6,24,4826.99,0,High-Value Loyal Customers,2.8004229515858277,-0.2798036328973864
16327.0,14,16,10731.34,0,High-Value Loyal Customers,2.607355613665018,0.23852486919115842
16328.0,563,1,310.83,1,At-Risk / Low-Engagement Customers,-1.7375950134589022,0.39644406547951244
16329.0,428,4,1703.07,1,At-Risk / Low-Engagement Customers,-0.2113007239919406,1.0893186976749514
16330.0,18,7,634.33,0,High-Value Loyal Customers,0.7260097377891562,-0.7532144413179956
16331.0,432,6,2037.7,1,At-Risk / Low-Engagement Customers,0.12033813835251488,1.271269065920585
16332.0,28,11,2010.41,0,High-Value Loyal Customers,1.3999326276791795,-0.026587231054165234
16333.0,8,22,26626.8,0,High-Value Loyal Customers,3.398498222419351,0.33943336556613724
16334.0,492,1,277.48,1,At-Risk / Low-Engagement Customers,-1.7432952229967316,0.288374517494848
16335.0,552,7,2774.0,1,At-Risk / Low-Engagement Customers,0.2772263493023033,1.54736944487553
16336.0,421,4,3517.69,1,At-Risk / Low-Engagement Customers,0.10950120427490768,1.2972917842717941
16337.0,37,1,151.05,1,At-Risk / Low-Engagement Customers,-1.1776781913045555,-1.3063803735804393
16338.0,157,1,214.79999999999998,1,At-Risk / Low-Engagement Customers,-1.4862138311832223,-0.41558656634213875
16339.0,284,1,109.95,1,At-Risk / Low-Engagement Customers,-1.9664638682143007,-0.28937094950768294
16340.0,107,3,1526.06,1,At-Risk / Low-Engagement Customers,0.016895431696683855,0.21402672102153347
16341.0,25,7,3850.79,0,High-Value Loyal Customers,1.4086882683111221,-0.04074564034933192
16342.0,75,4,322.41,1,At-Risk / Low-Engagement Customers,-0.3746208957473568,-0.3627520699905308
16343.0,16,3,687.0699999999999,0,High-Value Loyal Customers,0.2680134045027386,-1.0444067733092852
16344.0,158,4,842.42,1,At-Risk / Low-Engagement Customers,-0.1962971487439943,0.3313315295083739
16345.0,44,2,1198.74,1,At-Risk / Low-Engagement Customers,-0.02433679389884003,-0.4463639770909471
16346.0,385,1,224.51,1,At-Risk / Low-Engagement Customers,-1.7559612484190585,0.09026631456730233
16347.0,11,11,3509.41,0,High-Value Loyal Customers,1.9276283414009523,-0.3465736533510762
16348.0,32,8,1798.22,0,High-Value Loyal Customers,1.0902187762730653,-0.09399281626843634
16349.0,291,1,53.5,1,At-Risk / Low-Engagement Customers,-2.2836184570061273,-0.488786855688167
16350.0,21,9,2253.89,0,High-Value Loyal Customers,1.3999396591700386,-0.21148908676580344
16351.0,333,13,3330.0299999999997,0,High-Value Loyal Customers,0.9465888197648014,1.528771910515585
16352.0,18,2,494.44,1,At-Risk / Low-Engagement Customers,-0.13028429536499647,-1.186679548734679
16353.0,4,38,9999.460000000001,0,High-Value Loyal Customers,3.565254810005565,-0.08463342084456262
16354.0,63,5,1129.51,0,High-Value Loyal Customers,0.36455258478516683,-0.016168415809718284
16355.0,375,1,416.35,1,At-Risk / Low-Engagement Customers,-1.4796385336167877,0.26005492820659704
16356.0,198,6,415.87,1,At-Risk / Low-Engagement Customers,-0.3188589282693763,0.36731604233676435
16357.0,33,4,868.37,0,High-Value Loyal Customers,0.31578628041139956,-0.5104045179815118
16358.0,1,5,2919.65,0,High-Value Loyal Customers,1.898434453290131,-1.6436129627950864
16359.0,7,16,2697.75,0,High-Value Loyal Customers,2.2100134639569764,-0.5214314704422716
16360.0,5,6,3512.53,0,High-Value Loyal Customers,1.741100633752326,-0.9259125830080157
16361.0,10,4,896.66,0,High-Value Loyal Customers,0.6946940064116489,-1.123236414978704
16362.0,32,6,946.94,0,High-Value Loyal Customers,0.6197171478875356,-0.3778093586141384
16363.0,53,1,109.36000000000001,1,At-Risk / Low-Engagement Customers,-1.4307636496630718,-1.2084920732562043
16364.0,12,2,707.04,1,At-Risk / Low-Engagement Customers,0.14780839199891255,-1.2891082648343342
16365.0,18,15,3307.2,0,High-Value Loyal Customers,1.9726064697391286,-0.0055714601958620795
16366.0,19,4,1548.1299999999999,0,High-Value Loyal Customers,0.7387563190763806,-0.6301518804443658
16367.0,37,3,1362.4,0,High-Value Loyal Customers,0.3054033885361497,-0.3960386752666925
16368.0,2,3,640.21,0,High-Value Loyal Customers,0.7983383139488809,-2.0222595632031513
16369.0,18,7,2664.81,0,High-Value Loyal Customers,1.350001551693904,-0.3239156149201257
16370.0,82,4,1320.56,1,At-Risk / Low-Engagement Customers,0.2093569347793832,0.10721918175049673
16371.0,449,1,157.2,1,At-Risk / Low-Engagement Customers,-1.9598245998286998,0.0687616802756798
16372.0,33,5,1328.61,0,High-Value Loyal Customers,0.6397078751864637,-0.3164842929277244
16373.0,382,2,309.49,1,At-Risk / Low-Engagement Customers,-1.3050462222070365,0.3301046116411292
16374.0,66,5,1771.45,0,High-Value Loyal Customers,0.5454005536038511,0.14371278080039532
16375.0,470,2,104.0,1,At-Risk / Low-Engagement Customers,-1.8436748862878392,0.11963102930233682
16376.0,9,2,987.01,0,High-Value Loyal Customers,0.37763722624670687,-1.3340782117750898
16377.0,267,2,1308.48,1,At-Risk / Low-Engagement Customers,-0.563350373224409,0.5640007412015525
16378.0,247,3,362.95,1,At-Risk / Low-Engagement Customers,-0.8759438038666348,0.24325007686300495
16379.0,4,4,2157.4,0,High-Value Loyal Customers,1.3314322149169104,-1.2954927207950484
16380.0,61,1,1780.59,1,At-Risk / Low-Engagement Customers,-0.2651952306975566,-0.29965647582783156
16381.0,396,2,258.7,1,At-Risk / Low-Engagement Customers,-1.394378016087727,0.29643568048964897
16382.0,408,2,353.1,1,At-Risk / Low-Engagement Customers,-1.269104072164256,0.4056736988590017
16383.0,75,7,2974.84,0,High-Value Loyal Customers,0.9495079858727055,0.4736443457671281
16384.0,90,4,1358.95,1,At-Risk / Low-Engagement Customers,0.1920549242943572,0.16654506273260716
16385.0,60,5,1030.61,0,High-Value Loyal Customers,0.3402469543661057,-0.07005309354314648
16386.0,29,3,1102.59,0,High-Value Loyal Customers,0.2898707429526872,-0.5897074011265341
16387.0,323,5,918.55,1,At-Risk / Low-Engagement Customers,-0.24986501282180257,0.8165600138545069
16388.0,654,1,186.05,1,At-Risk / Low-Engagement Customers,-2.008347616469129,0.3259563270237595
16389.0,53,4,1382.07,0,High-Value Loyal Customers,0.3681776890823442,-0.11625493101535486
16390.0,537,3,467.5,1,At-Risk / Low-Engagement Customers,-1.0165417609260048,0.7459865176378974
16391.0,401,4,1103.61,1,At-Risk / Low-Engagement Customers,-0.3789062199144398,0.9236895803754863
16392.0,270,3,763.05,1,At-Risk / Low-Engagement Customers,-0.5819474990196212,0.5141686796732038
16393.0,2,23,5561.66,0,High-Value Loyal Customers,3.104956521083318,-0.7196812926136754
16394.0,57,5,1555.34,0,High-Value Loyal Customers,0.5354797048006085,0.025227456674951552
16395.0,61,14,3537.85,0,High-Value Loyal Customers,1.5701935899139203,0.6433094193983784
16396.0,476,1,137.8,1,At-Risk / Low-Engagement Customers,-2.0355932705191417,0.061738208814386394
16397.0,628,1,127.88,1,At-Risk / Low-Engagement Customers,-2.1573215884368038,0.19211094986392843
16398.0,154,2,1705.8,1,At-Risk / Low-Engagement Customers,-0.27095637569936853,0.3413107680657433
16399.0,19,3,641.82,1,At-Risk / Low-Engagement Customers,0.18585226159773305,-0.9751309368716019
16400.0,95,9,3159.44,0,High-Value Loyal Customers,1.070330595496091,0.7021918164121198
16401.0,1,23,6849.15,0,High-Value Loyal Customers,3.3266805721615533,-0.8809979029708003
16402.0,265,2,511.4,1,At-Risk / Low-Engagement Customers,-0.9691776812033726,0.27899812244367034
16403.0,312,1,177.5,1,At-Risk / Low-Engagement Customers,-1.7898771871089942,-0.09533984993934824
16404.0,70,1,443.05,1,At-Risk / Low-Engagement Customers,-0.9135356952084746,-0.6407846117676022
16405.0,302,2,167.25,1,At-Risk / Low-Engagement Customers,-1.4958558775480053,0.017462600345064555
16406.0,19,3,552.68,1,At-Risk / Low-Engagement Customers,0.12090076608364085,-1.019816780781155
16407.0,13,14,2821.65,0,High-Value Loyal Customers,1.9530874699950476,-0.2451462696769894
16408.0,591,1,231.93,1,At-Risk / Low-Engagement Customers,-1.8801945870187387,0.33584302206438243
16409.0,36,12,5709.04,0,High-Value Loyal Customers,1.836171996302682,0.4494191979077338
16410.0,734,1,130.32,1,At-Risk / Low-Engagement Customers,-2.199531104055408,0.28362504226378144
16411.0,19,4,910.1899999999999,0,High-Value Loyal Customers,0.5078474058747585,-0.7890144219606492
16412.0,54,5,647.23,1,At-Risk / Low-Engagement Customers,0.17157178056200686,-0.26624774236061255
16413.0,57,2,528.98,1,At-Risk / Low-Engagement Customers,-0.46190555531570615,-0.5509610437968853
16414.0,22,5,559.71,0,High-Value Loyal Customers,0.3904384825790627,-0.790538146180311
16415.0,44,3,719.44,1,At-Risk / Low-Engagement Customers,-0.026822531147033236,-0.4937284684096238
16416.0,27,9,2972.88,0,High-Value Loyal Customers,1.4423640026174216,0.004375674126021232
16417.0,493,1,35.7,1,At-Risk / Low-Engagement Customers,-2.6257205533672807,-0.3171549048607043
16418.0,45,5,1101.94,0,High-Value Loyal Customers,0.4606186766490973,-0.20570767405598336
16419.0,113,8,1487.42,0,High-Value Loyal Customers,0.6067585759083798,0.5330051361086187
16420.0,396,1,75.0,1,At-Risk / Low-Engagement Customers,-2.2382826136385017,-0.2198143132398077
16421.0,376,3,526.27,1,At-Risk / Low-Engagement Customers,-0.8501080723009329,0.585219748168878
16422.0,17,109,63651.47,0,High-Value Loyal Customers,4.7471268901405725,1.5554620447851781
16423.0,25,1,346.12,1,At-Risk / Low-Engagement Customers,-0.695779494530395,-1.2685930184064251
16424.0,191,2,443.06,1,At-Risk / Low-Engagement Customers,-0.9260240805506128,0.056338364983617974
16425.0,302,1,302.7,1,At-Risk / Low-Engagement Customers,-1.5481382568261481,0.04583912523656586
16426.0,2,10,1908.25,0,High-Value Loyal Customers,2.044638845269015,-1.325358074176826
16427.0,263,2,241.06,1,At-Risk / Low-Engagement Customers,-1.293030430920158,0.0503492475871584
16428.0,414,3,660.28,1,At-Risk / Low-Engagement Customers,-0.7826318938345589,0.7059794683408966
16429.0,106,1,284.55,1,At-Risk / Low-Engagement Customers,-1.2382958179571646,-0.5467299265324705
16430.0,57,7,1117.94,0,High-Value Loyal Customers,0.6113314869590118,0.0317582319203102
16431.0,213,3,642.81,1,At-Risk / Low-Engagement Customers,-0.5800756687664551,0.33266442357636816
16432.0,64,1,287.4,1,At-Risk / Low-Engagement Customers,-1.0727659153554823,-0.8186781076987467
16433.0,28,2,384.52,1,At-Risk / Low-Engagement Customers,-0.37619443361957833,-1.0285401747774183
16434.0,29,12,2741.74,0,High-Value Loyal Customers,1.5849523500106004,0.11424386600521234
16435.0,512,3,1011.5699999999999,1,At-Risk / Low-Engagement Customers,-0.6658123688365223,0.9504515486072286
16436.0,668,3,329.34,1,At-Risk / Low-Engagement Customers,-1.2390559881325383,0.7615899248969947
16437.0,381,2,301.25,1,At-Risk / Low-Engagement Customers,-1.315903765667819,0.3206110284223966
16438.0,6,5,798.35,0,High-Value Loyal Customers,0.9294664142439032,-1.3405197745454778
16439.0,722,1,310.70000000000005,1,At-Risk / Low-Engagement Customers,-1.8181008002657062,0.5333022314943786
16440.0,8,6,3856.9700000000003,0,High-Value Loyal Customers,1.650653790003528,-0.6742788406253089
16441.0,67,5,1034.43,0,High-Value Loyal Customers,0.3067201839072031,-0.00902845323436614
16442.0,2,5,899.47,0,High-Value Loyal Customers,1.2553330205465587,-1.7721988982542922
16443.0,521,1,162.24,1,At-Risk / Low-Engagement Customers,-1.994181912373859,0.16001236068392827
16444.0,46,17,3656.58,0,High-Value Loyal Customers,1.8131943469520488,0.5671487643659792
16445.0,34,4,602.73,1,At-Risk / Low-Engagement Customers,0.14775362784618098,-0.6035704477910311
16446.0,1,2,168472.5,0,High-Value Loyal Customers,3.1341046222759243,-0.6834863167652349
16447.0,136,3,775.14,1,At-Risk / Low-Engagement Customers,-0.35449563118195165,0.1426274727917933
16448.0,198,2,367.87,1,At-Risk / Low-Engagement Customers,-1.0183244058063834,0.020556030070845725
16449.0,198,2,707.69,1,At-Risk / Low-Engagement Customers,-0.7342123695218323,0.21602167725493737
16450.0,150,3,1505.73,1,At-Risk / Low-Engagement Customers,-0.09733173521634975,0.39486970146782513
16451.0,88,3,1013.15,1,At-Risk / Low-Engagement Customers,-0.09860891048812062,-0.01521824666534599
16452.0,631,2,332.17,1,At-Risk / Low-Engagement Customers,-1.4363599663522422,0.6274608137824856
16453.0,531,2,251.71,1,At-Risk / Low-Engagement Customers,-1.5009186509595807,0.44971410867813816
16454.0,45,4,30.950000000000003,1,At-Risk / Low-Engagement Customers,-1.219389595377007,-1.3325991433872257
16455.0,64,11,4384.37,0,High-Value Loyal Customers,1.4780357611527026,0.6518954386170741
16456.0,99,13,6862.91,0,High-Value Loyal Customers,1.651209495296329,1.080031535889345
16457.0,218,1,208.36,1,At-Risk / Low-Engagement Customers,-1.604987032666226,-0.24458390674710515
16458.0,3,30,5715.34,0,High-Value Loyal Customers,3.218972277564782,-0.45916846627614344
16459.0,730,1,71.78999999999999,1,At-Risk / Low-Engagement Customers,-2.4545034030326347,0.10398302872682372
16460.0,28,3,814.72,1,At-Risk / Low-Engagement Customers,0.1693238288499228,-0.6988845374697651
16461.0,178,3,1615.22,1,At-Risk / Low-Engagement Customers,-0.12182648267594744,0.5096922525415591
16462.0,74,3,136.0,1,At-Risk / Low-Engagement Customers,-0.914258774297576,-0.7088569439032292
16463.0,21,4,1422.4,0,High-Value Loyal Customers,0.6711010805281715,-0.6029207160399335
16464.0,20,3,1314.68,0,High-Value Loyal Customers,0.48171349730464036,-0.7338147753624885
16465.0,421,2,746.24,1,At-Risk / Low-Engagement Customers,-0.954284830464982,0.6464864361458479
16466.0,34,15,3838.59,0,High-Value Loyal Customers,1.8398366199436635,0.37597344479534445
16467.0,509,7,2869.16,0,High-Value Loyal Customers,0.31807721002754163,1.5128151458592929
16468.0,74,3,787.52,1,At-Risk / Low-Engagement Customers,-0.15274856024183944,-0.18494712024964197
16469.0,24,5,828.91,0,High-Value Loyal Customers,0.534081138378553,-0.6271701831193514
16470.0,52,11,2458.6,0,High-Value Loyal Customers,1.292435124924324,0.3662194951047923
16471.0,275,4,1189.98,1,At-Risk / Low-Engagement Customers,-0.22452512945955727,0.7388103565719583
16472.0,434,2,789.6,1,At-Risk / Low-Engagement Customers,-0.9395553946490459,0.6801060761389432
16473.0,165,4,470.83,1,At-Risk / Low-Engagement Customers,-0.46296045447894024,0.1812202903749111
16474.0,7,7,1871.5,0,High-Value Loyal Customers,1.4760702995447308,-0.9067540364061879
16475.0,88,4,544.3,1,At-Risk / Low-Engagement Customers,-0.1983854420741304,-0.11927554721329854
16476.0,432,1,350.35,1,At-Risk / Low-Engagement Customers,-1.6001895369373422,0.28637677211394197
16477.0,64,11,4320.02,0,High-Value Loyal Customers,1.4716038188912175,0.6474703400776629
16478.0,25,3,331.0,1,At-Risk / Low-Engagement Customers,-0.1864897074621397,-1.0282083042670018
16479.0,10,2,300.83,1,At-Risk / Low-Engagement Customers,-0.1691482719724645,-1.6364828752532479
16480.0,76,1,769.29,1,At-Risk / Low-Engagement Customers,-0.7001050822511153,-0.4311497386656388
16481.0,682,1,453.38,1,At-Risk / Low-Engagement Customers,-1.6357054586872257,0.6147320825834072
16482.0,16,1,220.62,1,At-Risk / Low-Engagement Customers,-0.7535956382889304,-1.6372609434929914
16483.0,192,1,139.35,1,At-Risk / Low-Engagement Customers,-1.7381173280362778,-0.4340046306734344
16484.0,174,2,404.3,1,At-Risk / Low-Engagement Customers,-0.9357785394876416,-0.02213653771204352
16485.0,77,5,2294.68,0,High-Value Loyal Customers,0.6087815602417485,0.3049899708536774
16486.0,538,1,134.36,1,At-Risk / Low-Engagement Customers,-2.086035036240745,0.12162603830934154
16487.0,577,2,209.4,1,At-Risk / Low-Engagement Customers,-1.6074656137640293,0.44060535273626916
16488.0,33,3,498.8,1,At-Risk / Low-Engagement Customers,-0.09526353296058525,-0.7577895689145615
16489.0,380,2,303.7,1,At-Risk / Low-Engagement Customers,-1.3115433057068593,0.32158194297539394
16490.0,436,1,205.41000000000003,1,At-Risk / Low-Engagement Customers,-1.8346037934543709,0.13222057056318406
16491.0,47,2,1533.16,1,At-Risk / Low-Engagement Customers,0.061772533372941446,-0.3371641967571802
16492.0,541,1,385.56,1,At-Risk / Low-Engagement Customers,-1.6312533931745807,0.4388067572982234
16493.0,80,7,2132.09,0,High-Value Loyal Customers,0.784030488609661,0.4091185954331811
16494.0,297,1,826.53,1,At-Risk / Low-Engagement Customers,-1.1066055286574814,0.33672823836235444
16495.0,3,3,684.41,0,High-Value Loyal Customers,0.7342987263217072,-1.8436307564462753
16496.0,9,6,2330.77,0,High-Value Loyal Customers,1.397496397679964,-0.76689121038855
16497.0,50,23,6695.28,0,High-Value Loyal Customers,2.269324152175551,0.8985310796614577
16498.0,161,2,100.97,1,At-Risk / Low-Engagement Customers,-1.5112357118496045,-0.4777946248612905
16499.0,360,8,2578.34,0,High-Value Loyal Customers,0.4731810910803191,1.3333649063665343
16500.0,5,9,843.9100000000001,0,High-Value Loyal Customers,1.3930507778192578,-1.2219699857569606
16501.0,383,1,1237.23,1,At-Risk / Low-Engagement Customers,-1.013265691639243,0.5972107077093447
16502.0,620,2,266.5,1,At-Risk / Low-Engagement Customers,-1.5262011363357093,0.5520597382374424
16503.0,107,11,3614.34,0,High-Value Loyal Customers,1.2298048215581907,0.8741470479824784
16504.0,25,1,484.38,1,At-Risk / Low-Engagement Customers,-0.5499056111025317,-1.1682335496406364
16505.0,32,1,777.6,1,At-Risk / Low-Engagement Customers,-0.4213984258190192,-0.895274337909977
16506.0,20,2,90.30000000000001,1,At-Risk / Low-Engagement Customers,-0.8985444976860754,-1.637761259975603
16507.0,572,1,152.76,1,At-Risk / Low-Engagement Customers,-2.050362733474814,0.19351838293697377
16508.0,630,1,248.8,1,At-Risk / Low-Engagement Customers,-1.870405229148019,0.3919633178470593
16509.0,297,1,363.7,1,At-Risk / Low-Engagement Customers,-1.4631174010770331,0.09145237894221185
16510.0,372,6,2100.0,1,At-Risk / Low-Engagement Customers,0.18167719648453248,1.1980092248128318
16511.0,22,6,1819.02,0,High-Value Loyal Customers,1.0203019490131884,-0.38166297225858903
16513.0,5,4,874.59,0,High-Value Loyal Customers,0.8799025949460599,-1.4650092295775907
16515.0,52,10,3216.3,0,High-Value Loyal Customers,1.3429156969324545,0.4147579788452763
16516.0,30,1,101.69999999999999,1,At-Risk / Low-Engagement Customers,-1.2825629940514143,-1.5361405479051033
16517.0,277,1,162.7,1,At-Risk / Low-Engagement Customers,-1.7891843772874005,-0.18665453100414794
16518.0,61,4,959.37,1,At-Risk / Low-Engagement Customers,0.16479522648162642,-0.1492409949564434
16519.0,25,4,556.26,1,At-Risk / Low-Engagement Customers,0.20904259865078836,-0.7914991107835024
16520.0,186,6,2482.62,0,High-Value Loyal Customers,0.4777874625272744,0.8672546513039362
16521.0,415,3,1148.01,1,At-Risk / Low-Engagement Customers,-0.5430242329240906,0.8726896385029373
16522.0,436,2,433.36,1,At-Risk / Low-Engagement Customers,-1.201631255795224,0.5033518564132707
16523.0,2,28,11916.33,0,High-Value Loyal Customers,3.580806292969543,-0.42233457268802843
16524.0,446,2,308.14,1,At-Risk / Low-Engagement Customers,-1.3569190580493156,0.4140294632225889
16525.0,2,48,24582.64,0,High-Value Loyal Customers,4.295918093771764,-0.013586851425135535
16526.0,172,2,717.21,1,At-Risk / Low-Engagement Customers,-0.6831225511154204,0.14279022616885606
16527.0,81,2,1272.44,1,At-Risk / Low-Engagement Customers,-0.19247086051306148,-0.09754973048039856
16528.0,4,1,244.41,1,At-Risk / Low-Engagement Customers,-0.31342940738384645,-2.281724880330298
16529.0,190,4,2012.0,1,At-Risk / Low-Engagement Customers,0.12290127159015377,0.6928775709966286
16530.0,668,1,48.349999999999994,1,At-Risk / Low-Engagement Customers,-2.5949378416351507,-0.06123989903275736
16531.0,22,11,2298.33,0,High-Value Loyal Customers,1.5331123013223835,-0.11439287333143638
16532.0,18,5,8756.64,0,High-Value Loyal Customers,1.6481063592067622,-0.07316877611311694
16533.0,19,3,1095.56,0,High-Value Loyal Customers,0.41822800602202614,-0.8152592332022514
16534.0,642,1,635.9,1,At-Risk / Low-Engagement Customers,-1.46926103622914,0.6825283510736362
16535.0,5,3,1001.59,0,High-Value Loyal Customers,0.7686420161200205,-1.5061429103974167
16536.0,110,1,548.97,1,At-Risk / Low-Engagement Customers,-0.9649780733616651,-0.33028104051780477
16537.0,641,1,23.35,1,At-Risk / Low-Engagement Customers,-2.888974630883089,-0.2954222283664777
16538.0,541,3,399.62,1,At-Risk / Low-Engagement Customers,-1.087041307121573,0.703217591068053
16539.0,3,10,3732.01,0,High-Value Loyal Customers,2.2433347223951148,-0.9659704430920127
16540.0,414,1,226.70000000000002,1,At-Risk / Low-Engagement Customers,-1.775185515180854,0.13311507694761995
16541.0,735,1,424.03,1,At-Risk / Low-Engagement Customers,-1.6889304804398861,0.6359645465735669
16542.0,54,2,257.32,1,At-Risk / Low-Engagement Customers,-0.7574121996850003,-0.7953769889806217
16543.0,592,1,292.21,1,At-Risk / Low-Engagement Customers,-1.7806006236493732,0.4056689198193986
16544.0,520,4,376.70000000000005,1,At-Risk / Low-Engagement Customers,-0.9297013126908389,0.7454650681673595
16545.0,165,2,689.82,1,At-Risk / Low-Engagement Customers,-0.686681892427609,0.10836923181585076
16546.0,291,5,5606.47,0,High-Value Loyal Customers,0.5704244280480926,1.300413481216648
16547.0,546,1,111.71,1,At-Risk / Low-Engagement Customers,-2.170476407895583,0.07493600951399651
16548.0,599,1,30.15,1,At-Risk / Low-Engagement Customers,-2.759933457648876,-0.25901627472286193
16549.0,10,34,13182.19,0,High-Value Loyal Customers,3.347936788663703,0.3933520955335808
16550.0,109,18,9435.13,0,High-Value Loyal Customers,1.9917803301891348,1.3396540978603821
16551.0,96,7,2237.12,0,High-Value Loyal Customers,0.7466423316673229,0.522932021759977
16552.0,243,2,475.02000000000004,1,At-Risk / Low-Engagement Customers,-0.9733005605736939,0.2093372894099952
16553.0,163,33,16644.01,0,High-Value Loyal Customers,2.5533936416465535,1.942842404260268
16554.0,42,8,2841.72,0,High-Value Loyal Customers,1.2036308534434483,0.1889249983411469
16555.0,35,6,1915.68,0,High-Value Loyal Customers,0.8979146606692833,-0.1190595703931555
16556.0,67,17,8012.58,0,High-Value Loyal Customers,2.0350020775272446,1.0056619275174514
16557.0,24,2,281.85,1,At-Risk / Low-Engagement Customers,-0.4629332469577334,-1.2031035262249234
16558.0,1,38,13873.51,0,High-Value Loyal Customers,4.004069662525801,-0.4920111178047549
16559.0,397,1,185.20000000000002,1,At-Risk / Low-Engagement Customers,-1.849204130261707,0.04981433841473695
16560.0,27,8,3048.38,0,High-Value Loyal Customers,1.3729133394029729,-0.02668512588308446
16561.0,6,2,511.12,0,High-Value Loyal Customers,0.20707299426986675,-1.7275172125523646
16562.0,477,1,223.85999999999999,1,At-Risk / Low-Engagement Customers,-1.8263569649978302,0.20731135656794522
16563.0,54,6,4422.76,0,High-Value Loyal Customers,1.124761911275051,0.3650722688571101
16564.0,569,1,87.8,1,At-Risk / Low-Engagement Customers,-2.287540190250967,0.026279768263704054
16565.0,364,4,773.05,1,At-Risk / Low-Engagement Customers,-0.5024060332747101,0.7639826724677736
16566.0,15,5,614.66,0,High-Value Loyal Customers,0.5484897980555552,-0.962716529750626
16567.0,194,2,865.6,1,At-Risk / Low-Engagement Customers,-0.6401197586540296,0.26503847374140227
16568.0,428,2,1020.9000000000001,1,At-Risk / Low-Engagement Customers,-0.8234037810481115,0.7492657791523775
16569.0,3,5,1455.23,0,High-Value Loyal Customers,1.3714394726754142,-1.4696317933913248
16570.0,15,20,7434.31,0,High-Value Loyal Customers,2.5879561713564185,0.2416017335926793
16571.0,27,10,4248.74,0,High-Value Loyal Customers,1.670385805696424,0.1461264618457132
16572.0,127,3,1009.6,1,At-Risk / Low-Engagement Customers,-0.21766554267880206,0.18416606593875523
16573.0,85,2,663.61,1,At-Risk / Low-Engagement Customers,-0.49081348883489395,-0.2659382092460524
16574.0,71,3,1301.78,1,At-Risk / Low-Engagement Customers,0.07891950871085368,-0.05716154135687794
16576.0,420,2,540.87,1,At-Risk / Low-Engagement Customers,-1.0933428936993728,0.548979693473835
16577.0,667,1,380.0,1,At-Risk / Low-Engagement Customers,-1.7051601910360306,0.5497584435103775
16578.0,626,1,156.6,1,At-Risk / Low-Engagement Customers,-2.068757880618316,0.25057650393073894
16579.0,426,1,295.05,1,At-Risk / Low-Engagement Customers,-1.6701901984767473,0.22741595245237564
16581.0,183,1,105.84,1,At-Risk / Low-Engagement Customers,-1.8413718996533914,-0.5420080010422029
16582.0,113,1,313.62,1,At-Risk / Low-Engagement Customers,-1.216608459684154,-0.48275650317097785
16583.0,374,2,531.4,1,At-Risk / Low-Engagement Customers,-1.0635916955555114,0.47988250402208643
16584.0,80,5,3163.67,0,High-Value Loyal Customers,0.7362525551461407,0.4219022887892077
16585.0,594,2,341.59,1,At-Risk / Low-Engagement Customers,-1.4047169661835532,0.6025324761620952
16586.0,249,3,1462.78,1,At-Risk / Low-Engagement Customers,-0.2729798644923059,0.6642994765791359
16587.0,232,1,225.15,1,At-Risk / Low-Engagement Customers,-1.5914632705596143,-0.18731287997421853
16588.0,386,4,1361.28,1,At-Risk / Low-Engagement Customers,-0.27537989489140596,0.9654784150883685
16589.0,71,4,612.36,1,At-Risk / Low-Engagement Customers,-0.07865358558840736,-0.2009821785219631
16590.0,401,2,605.9,1,At-Risk / Low-Engagement Customers,-1.0290929970779872,0.5574355226990944
16591.0,69,1,213.5,1,At-Risk / Low-Engagement Customers,-1.2255421537360949,-0.8664212442558868
16592.0,4,28,7807.91,0,High-Value Loyal Customers,3.2316611463669678,-0.2671252795458735
16593.0,51,8,1071.1399999999999,0,High-Value Loyal Customers,0.7178932290805804,0.001851232600000965
16594.0,75,1,181.09,1,At-Risk / Low-Engagement Customers,-1.3234139857554845,-0.8700974919966744
16595.0,61,5,1810.18,0,High-Value Loyal Customers,0.5798900075181668,0.1074052803255941
16596.0,16,4,579.63,0,High-Value Loyal Customers,0.3643355893251015,-1.0135505270184744
16597.0,4,1,90.04,1,At-Risk / Low-Engagement Customers,-0.7448928757839542,-2.57856653191965
16598.0,286,1,145.04999999999998,1,At-Risk / Low-Engagement Customers,-1.8491286293015177,-0.20323259492174334
16599.0,386,1,172.8,1,At-Risk / Low-Engagement Customers,-1.8701251231936877,0.01372572891704827
16600.0,4,13,2153.41,0,High-Value Loyal Customers,2.1159239155477465,-0.9191696119012175
16601.0,41,3,684.25,1,At-Risk / Low-Engagement Customers,-0.026297818979682846,-0.5467730743360903
16602.0,36,2,763.33,1,At-Risk / Low-Engagement Customers,-0.15719952485445265,-0.6892927564538668
16603.0,75,2,482.47,1,At-Risk / Low-Engagement Customers,-0.5892887395488149,-0.4293743651981004
16604.0,563,2,432.45,1,At-Risk / Low-Engagement Customers,-1.2850564541177802,0.6434389549728818
16605.0,724,1,60.48,1,At-Risk / Low-Engagement Customers,-2.5253124758330716,0.04888747393763587
16606.0,404,2,357.66,1,At-Risk / Low-Engagement Customers,-1.2603580317050371,0.4040831989444308
16607.0,18,25,5706.87,0,High-Value Loyal Customers,2.580230388046396,0.33541772977724493
16608.0,454,2,1288.72,1,At-Risk / Low-Engagement Customers,-0.7411586765882137,0.8513963297790101
16609.0,15,7,5493.46,0,High-Value Loyal Customers,1.720264141933794,-0.20220427736830768
16610.0,219,1,75.66,1,At-Risk / Low-Engagement Customers,-2.043599425820091,-0.542817392141
16611.0,186,6,1785.13,0,High-Value Loyal Customers,0.33434826966594045,0.7685702202222358
16612.0,33,9,3245.43,0,High-Value Loyal Customers,1.4177226279990982,0.13771386706560207
16613.0,70,1,618.59,1,At-Risk / Low-Engagement Customers,-0.7685932611576419,-0.541065968915708
16614.0,183,3,1179.79,1,At-Risk / Low-Engagement Customers,-0.2673189929970872,0.4309208706407049
16615.0,626,1,291.5,1,At-Risk / Low-Engagement Customers,-1.7996871656441116,0.43569390384280643
16616.0,15,2,500.42,1,At-Risk / Low-Engagement Customers,-0.06948321544389806,-1.2778739901286238
16617.0,236,1,151.85,1,At-Risk / Low-Engagement Customers,-1.7674170748107045,-0.2951909215930374
16618.0,31,5,2647.59,0,High-Value Loyal Customers,0.9591642644234118,-0.1436301135010998
16619.0,264,4,1938.33,1,At-Risk / Low-Engagement Customers,0.0007712202175490944,0.8623291198190003
16620.0,4,6,1758.93,0,High-Value Loyal Customers,1.4992596627842645,-1.2334266607105564
16621.0,52,4,813.48,1,At-Risk / Low-Engagement Customers,0.1438304342726521,-0.28507222870324866
16622.0,544,1,225.4,1,At-Risk / Low-Engagement Customers,-1.8658125923889148,0.28170559262660916
16623.0,246,4,1015.24,1,At-Risk / Low-Engagement Customers,-0.2576575772743761,0.6300836986655185
16624.0,81,2,810.5699999999999,1,At-Risk / Low-Engagement Customers,-0.3884883826991151,-0.2324074166755202
16625.0,275,5,1654.03,1,At-Risk / Low-Engagement Customers,0.05770059894009008,0.904044329495936
16626.0,1,17,4413.1,0,High-Value Loyal Customers,2.9160497777613954,-1.117852592497448
16627.0,79,1,322.8,1,At-Risk / Low-Engagement Customers,-1.0895464060736795,-0.6694946080649944
16628.0,30,7,2318.1,0,High-Value Loyal Customers,1.1310465140154653,-0.09560738542184426
16629.0,74,2,417.73,1,At-Risk / Low-Engagement Customers,-0.6475568304930723,-0.47971489579237975
16630.0,407,1,106.80000000000001,1,At-Risk / Low-Engagement Customers,-2.0950337401658135,-0.10010468000550937
16631.0,482,7,1892.52,1,At-Risk / Low-Engagement Customers,0.15469643027771468,1.35830609638734
16632.0,486,2,406.4,1,At-Risk / Low-Engagement Customers,-1.2645489703320636,0.5439214052662552
16633.0,17,6,2883.1,0,High-Value Loyal Customers,1.2998879899893805,-0.37905412487523005
16634.0,223,6,1814.61,0,High-Value Loyal Customers,0.2830806055753645,0.8730480568734119
16635.0,407,1,473.0,1,At-Risk / Low-Engagement Customers,-1.450674246925986,0.3432068636110077
16636.0,438,4,3802.04,1,At-Risk / Low-Engagement Customers,0.13054065353314073,1.3423380340561744
16637.0,32,4,1154.47,0,High-Value Loyal Customers,0.44922602654955646,-0.441707993853248
16638.0,23,15,2430.53,0,High-Value Loyal Customers,1.7630878598016069,0.03111749661357951
16639.0,31,4,1747.98,0,High-Value Loyal Customers,0.6395404042389039,-0.3345935490990292
16640.0,398,1,179.4,1,At-Risk / Low-Engagement Customers,-1.863784521599348,0.041725676165124216
16641.0,106,2,554.5,1,At-Risk / Low-Engagement Customers,-0.6395041229643439,-0.19911464732695813
16642.0,5,3,1077.45,0,High-Value Loyal Customers,0.8003777599496161,-1.4843091022010346
16643.0,246,2,923.11,1,At-Risk / Low-Engagement Customers,-0.6886168959149308,0.4146554828686401
16644.0,178,2,833.78,1,At-Risk / Low-Engagement Customers,-0.6287070387166012,0.2066188902814143
16645.0,736,1,160.39,1,At-Risk / Low-Engagement Customers,-2.1106971697200363,0.34684517922376296
16646.0,449,1,678.8,1,At-Risk / Low-Engagement Customers,-1.3254686346821338,0.5051909174667302
16647.0,170,4,541.9,1,At-Risk / Low-Engagement Customers,-0.41151038468557327,0.23958856294817688
16648.0,43,3,672.8,1,At-Risk / Low-Engagement Customers,-0.04867527364047816,-0.5261585489680016
16649.0,520,1,306.58000000000004,1,At-Risk / Low-Engagement Customers,-1.71791692251898,0.3485950117847117
16650.0,72,7,1916.11,0,High-Value Loyal Customers,0.7712147817329695,0.31980579005920357
16651.0,587,1,136.2,1,At-Risk / Low-Engagement Customers,-2.1083020380152373,0.17365987193145546
16652.0,59,16,17550.39,0,High-Value Loyal Customers,2.373008151132671,1.1503913408983966
16653.0,16,2,1212.66,0,High-Value Loyal Customers,0.29552083114516464,-0.9798276620996561
16654.0,141,8,1711.47,0,High-Value Loyal Customers,0.5967361487375118,0.6961186665317961
16655.0,18,13,6548.37,0,High-Value Loyal Customers,2.1679224283487453,0.14999461442079215
16656.0,22,30,16833.170000000002,0,High-Value Loyal Customers,3.1231850421498333,0.8289415454572227
16657.0,10,4,933.62,0,High-Value Loyal Customers,0.7122498955762335,-1.1111581754140456
16658.0,368,6,814.07,1,At-Risk / Low-Engagement Customers,-0.226834059623747,0.9086125235934438
16659.0,189,1,39.12,1,At-Risk / Low-Engagement Customers,-2.2779166353925917,-0.8175067668472537
16660.0,16,7,1879.55,0,High-Value Loyal Customers,1.2341477330792872,-0.4897185360378719
16661.0,540,4,986.63,1,At-Risk / Low-Engagement Customers,-0.5236584081496308,1.0539764634879976
16662.0,394,1,163.8,1,At-Risk / Low-Engagement Customers,-1.89987840518986,0.009094218269000337
16663.0,729,1,165.0,1,At-Risk / Low-Engagement Customers,-2.095356317258189,0.3500122330964496
16664.0,569,1,109.2,1,At-Risk / Low-Engagement Customers,-2.193596621817261,0.09091180794359363
16665.0,362,1,135.39999999999998,1,At-Risk / Low-Engagement Customers,-1.9548505493268735,-0.0941220091482726
16666.0,19,2,225.94,1,At-Risk / Low-Engagement Customers,-0.4865864821359278,-1.3921063313273419
16667.0,68,2,570.13,1,At-Risk / Low-Engagement Customers,-0.48553669554392764,-0.43279055306049824
16668.0,15,13,862.42,0,High-Value Loyal Customers,1.3418840474693776,-0.5513346576571275
16669.0,24,3,1374.8700000000001,0,High-Value Loyal Customers,0.4447865202640197,-0.6242576312171585
16670.0,17,20,8030.150000000001,0,High-Value Loyal Customers,2.583403238564688,0.3296421795380015
16671.0,28,3,1692.27,0,High-Value Loyal Customers,0.487100689497278,-0.480257897997322
16672.0,2,20,8134.9400000000005,0,High-Value Loyal Customers,3.1685446313508048,-0.654742385592885
16673.0,679,1,188.83,1,At-Risk / Low-Engagement Customers,-2.014043262582167,0.35103272395517626
16674.0,55,2,319.61,1,At-Risk / Low-Engagement Customers,-0.669245779886545,-0.7207718975712077
16675.0,442,2,608.86,1,At-Risk / Low-Engagement Customers,-1.0583863878165614,0.6124583151204855
16676.0,34,6,2361.9,0,High-Value Loyal Customers,0.9980911546082244,-0.07194570224767116
16677.0,411,2,880.62,1,At-Risk / Low-Engagement Customers,-0.8745731333524749,0.6827633003196327
16678.0,3,12,3109.99,0,High-Value Loyal Customers,2.2914396295095316,-0.9593858608272867
16679.0,366,3,793.06,1,At-Risk / Low-Engagement Customers,-0.6632613037995067,0.6929583673283198
16680.0,43,3,821.45,1,At-Risk / Low-Engagement Customers,0.03806475006375946,-0.4664824609999038
16681.0,73,7,1921.84,0,High-Value Loyal Customers,0.7681128990265177,0.3282035164285733
16682.0,5,5,1028.0,0,High-Value Loyal Customers,1.089205708311828,-1.3499451344537836
16683.0,534,1,320.25,1,At-Risk / Low-Engagement Customers,-1.7075728272352124,0.3762375215465131
16684.0,4,55,147142.77,0,High-Value Loyal Customers,5.0110946670733165,0.8526718659297052
16685.0,61,2,324.24,1,At-Risk / Low-Engagement Customers,-0.6959264038272525,-0.6603404870713963
16686.0,47,16,5070.92,0,High-Value Loyal Customers,1.90503352093657,0.6557007860945556
16687.0,391,1,157.63,1,At-Risk / Low-Engagement Customers,-1.9140154331097567,-0.006533369783395118
16688.0,1,4,1260.86,0,High-Value Loyal Customers,1.39422841782793,-1.9615667041228528
16689.0,76,2,422.59999999999997,1,At-Risk / Low-Engagement Customers,-0.6510372784618953,-0.46173785264214146
16690.0,72,4,353.03,1,At-Risk / Low-Engagement Customers,-0.32223536968144345,-0.35788644730140823
16691.0,418,2,178.83,1,At-Risk / Low-Engagement Customers,-1.5717294412003584,0.216169456008231
16692.0,256,4,1914.6999999999998,1,At-Risk / Low-Engagement Customers,0.00535127533569998,0.8417518723830056
16693.0,69,5,1199.46,0,High-Value Loyal Customers,0.36169164730675735,0.05122975351087032
16694.0,723,1,98.30000000000001,1,At-Risk / Low-Engagement Customers,-2.316262216335522,0.19164310032780302
16695.0,562,2,193.15,1,At-Risk / Low-Engagement Customers,-1.6339348505650284,0.4020411446133484
16696.0,135,4,657.9000000000001,1,At-Risk / Low-Engagement Customers,-0.2531865502471718,0.17124374473897858
16697.0,241,1,112.75,1,At-Risk / Low-Engagement Customers,-1.9027228475321412,-0.37211885807000955
16698.0,227,2,1998.0,1,At-Risk / Low-Engagement Customers,-0.327014750615619,0.601474393886204
16699.0,380,7,994.6,1,At-Risk / Low-Engagement Customers,-0.048287298997723646,1.0350319696531882
16700.0,9,25,9167.710000000001,0,High-Value Loyal Customers,2.994040547503005,0.12327158700458556
16701.0,9,26,9916.73,0,High-Value Loyal Customers,3.056992987972545,0.16059282151534293
16702.0,415,4,1110.83,1,At-Risk / Low-Engagement Customers,-0.38714340776582024,0.9445215095187882
16704.0,618,2,695.66,1,At-Risk / Low-Engagement Customers,-1.108685191541422,0.8368086464536609
16705.0,1,42,43515.051,0,High-Value Loyal Customers,4.575897088810377,-0.11409570957945304
16706.0,37,3,531.35,1,At-Risk / Low-Engagement Customers,-0.10378462385604267,-0.6775550823438858
16707.0,400,4,551.11,1,At-Risk / Low-Engagement Customers,-0.6798459370836626,0.7147187354681619
16708.0,46,1,656.63,1,At-Risk / Low-Engagement Customers,-0.6092442657099869,-0.7507663754706763
16709.0,85,14,9087.460000000001,0,High-Value Loyal Customers,1.8747569255758425,1.1061323846860345
16710.0,19,22,6349.09,0,High-Value Loyal Customers,2.5165235101709897,0.3507496263866921
16711.0,3,9,2868.48,0,High-Value Loyal Customers,2.056171975411099,-1.0796106940411374
16712.0,9,13,4266.99,0,High-Value Loyal Customers,2.1891913096475797,-0.33221518346830536
16713.0,19,32,14560.69,0,High-Value Loyal Customers,3.152974850238925,0.7313286556924641
16714.0,219,4,1529.8,1,At-Risk / Low-Engagement Customers,-0.04196346425492727,0.6888712008314768
16715.0,78,2,625.52,1,At-Risk / Low-Engagement Customers,-0.48903458750110235,-0.33043281535492486
16716.0,267,3,2149.6800000000003,1,At-Risk / Low-Engagement Customers,-0.1280546353206911,0.8178246137580029
16717.0,24,14,6986.2300000000005,0,High-Value Loyal Customers,2.1599417420996714,0.345989505279525
16718.0,369,5,3647.53,0,High-Value Loyal Customers,0.3068564143547114,1.3023433226350987
16719.0,15,14,3973.3,0,High-Value Loyal Customers,2.058780857790245,-0.06906729084024935
16720.0,26,3,795.48,1,At-Risk / Low-Engagement Customers,0.18204991204107376,-0.7454436861642451
16721.0,262,1,292.47,1,At-Risk / Low-Engagement Customers,-1.517256899267348,-0.04250734919400171
16722.0,17,22,8989.08,0,High-Value Loyal Customers,2.701865157543883,0.39670558324534927
16723.0,91,4,1301.63,1,At-Risk / Low-Engagement Customers,0.16978342639597585,0.15968245284194554
16724.0,405,1,147.35,1,At-Risk / Low-Engagement Customers,-1.954516924351893,-0.007234621072018105
16725.0,302,14,1882.11,0,High-Value Loyal Customers,0.7825494079957009,1.3295646390948754
16726.0,26,7,2088.41,0,High-Value Loyal Customers,1.1303475575335074,-0.20302687128045002
16727.0,364,4,1437.42,1,At-Risk / Low-Engagement Customers,-0.23278725702857075,0.9494771319110609
16728.0,46,4,1054.67,0,High-Value Loyal Customers,0.29554609807124266,-0.27369429729144007
16729.0,38,21,7239.92,0,High-Value Loyal Customers,2.3237470080510625,0.7421255772008025
16730.0,52,3,743.11,1,At-Risk / Low-Engagement Customers,-0.06567896049186109,-0.3937999074529986
16731.0,648,1,174.05,1,At-Risk / Low-Engagement Customers,-2.0342206062385912,0.30103259031666396
16732.0,32,4,4387.64,0,High-Value Loyal Customers,1.029878588255368,-0.04222604916979851
16733.0,530,1,259.68,1,At-Risk / Low-Engagement Customers,-1.7960503116097077,0.3095568671561083
16734.0,52,3,650.51,1,At-Risk / Low-Engagement Customers,-0.12350269354381237,-0.4335819369347759
16735.0,79,14,6270.56,0,High-Value Loyal Customers,1.7367319765272475,0.9551913299130995
16736.0,506,5,2956.56,1,At-Risk / Low-Engagement Customers,0.11362028618590966,1.4132387647935574
16737.0,53,2,835.1999999999999,1,At-Risk / Low-Engagement Customers,-0.2403737205067133,-0.4538643590057862
16738.0,298,1,3.75,1,At-Risk / Low-Engagement Customers,-3.352960265779464,-1.2061434555077872
16739.0,177,2,786.43,1,At-Risk / Low-Engagement Customers,-0.6523025176506255,0.1860489244878434
16740.0,395,1,236.81,1,At-Risk / Low-Engagement Customers,-1.7411261159999045,0.12027107962982597
16741.0,625,1,173.06,1,At-Risk / Low-Engagement Customers,-2.0250183830710493,0.279433195958951
16742.0,47,14,2852.6099999999997,0,High-Value Loyal Customers,1.5593270816976326,0.43772197215238073
16743.0,29,14,4253.26,0,High-Value Loyal Customers,1.885091258781078,0.29802610716868994
16744.0,11,7,1304.76,0,High-Value Loyal Customers,1.1880819522680188,-0.7910264609629557
16745.0,87,17,7194.3,0,High-Value Loyal Customers,1.904748600309609,1.1156279700362743
16746.0,5,42,18066.4,0,High-Value Loyal Customers,3.8381117077814126,0.22872428969409322
16747.0,38,2,836.06,1,At-Risk / Low-Engagement Customers,-0.13467652517102055,-0.6330470491897584
16748.0,18,14,3637.33,0,High-Value Loyal Customers,1.9647699615226455,-0.0007208017186692883
16749.0,591,2,4387.08,1,At-Risk / Low-Engagement Customers,-0.2935160591457155,1.3631125026856175
16750.0,45,5,623.93,1,At-Risk / Low-Engagement Customers,0.21343786805355874,-0.3757650829410614
16751.0,31,1,1764.72,1,At-Risk / Low-Engagement Customers,-0.05517520669651564,-0.6671367362850006
16752.0,373,1,415.0,1,At-Risk / Low-Engagement Customers,-1.4793233053173267,0.25614339596659236
16753.0,58,1,223.92000000000002,1,At-Risk / Low-Engagement Customers,-1.149610812314179,-0.9465154192863788
16754.0,372,29,67502.47,0,High-Value Loyal Customers,2.8013447129032745,2.7693588323589466
16755.0,114,7,2900.58,0,High-Value Loyal Customers,0.8045499888668408,0.6945355898348047
16756.0,215,7,1312.3700000000001,1,At-Risk / Low-Engagement Customers,0.25579015906576286,0.8049302488865133
16757.0,319,2,270.48,1,At-Risk / Low-Engagement Customers,-1.3053406778814824,0.19079006467703077
16758.0,65,1,369.34000000000003,1,At-Risk / Low-Engagement Customers,-0.9688958206765258,-0.7353985817129601
16759.0,8,3,789.79,0,High-Value Loyal Customers,0.5342497403535992,-1.3535418855175283
16760.0,430,1,228.0,1,At-Risk / Low-Engagement Customers,-1.7849435022237325,0.15568459369812712
16761.0,97,1,316.62,1,At-Risk / Low-Engagement Customers,-1.1635672878770738,-0.5633288093885757
16762.0,20,3,1501.38,0,High-Value Loyal Customers,0.5394505346016346,-0.6940923915123163
16763.0,199,2,964.6999999999999,1,At-Risk / Low-Engagement Customers,-0.6011969096913993,0.3114147852768258
16764.0,4,13,2799.25,0,High-Value Loyal Customers,2.2300048041863167,-0.8406833393001473
16765.0,294,2,454.75,1,At-Risk / Low-Engagement Customers,-1.0536228274270099,0.30100134303262194
16766.0,273,2,1145.6,1,At-Risk / Low-Engagement Customers,-0.6283059363172561,0.5364509730685234
16767.0,31,15,8073.8,0,High-Value Loyal Customers,2.1922687292164396,0.5490760167501187
16768.0,48,9,1708.12,0,High-Value Loyal Customers,1.0203702598193127,0.1472332206575267
16769.0,260,4,1141.75,1,At-Risk / Low-Engagement Customers,-0.22443869145391654,0.6956142039471022
16770.0,58,9,1932.13,0,High-Value Loyal Customers,1.013892875002289,0.28653570858445926
16771.0,33,10,3967.6,0,High-Value Loyal Customers,1.5778102901845168,0.23272678690291992
16772.0,423,3,3723.5499999999997,1,At-Risk / Low-Engagement Customers,-0.03748202439593987,1.2352412841997666
16773.0,57,3,421.24,1,At-Risk / Low-Engagement Customers,-0.34137299731779935,-0.5136904347860581
16774.0,68,8,1594.45,0,High-Value Loyal Customers,0.7993619314418261,0.27685749897960094
16775.0,10,16,3056.89,0,High-Value Loyal Customers,2.1613778056462745,-0.30838539953223415
16776.0,60,2,619.85,1,At-Risk / Low-Engagement Customers,-0.40936075890343165,-0.4757736364252349
16777.0,80,5,1307.76,0,High-Value Loyal Customers,0.35206871921602173,0.15758845291730256
16778.0,74,2,245.94,1,At-Risk / Low-Engagement Customers,-0.8773273375165626,-0.637794227616892
16779.0,2,53,33268.24,0,High-Value Loyal Customers,4.501667288360827,0.11254649471954527
16780.0,100,3,605.55,1,At-Risk / Low-Engagement Customers,-0.3631691902333586,-0.0993244071179105
16781.0,372,2,934.25,1,At-Risk / Low-Engagement Customers,-0.8167159667324829,0.6455905776407695
16782.0,10,38,10438.41,0,High-Value Loyal Customers,3.3289382946118082,0.3631081703336465
16783.0,437,1,391.95,1,At-Risk / Low-Engagement Customers,-1.5552148443004885,0.32620610410393885
16784.0,20,5,896.53,0,High-Value Loyal Customers,0.6245529299056801,-0.6998891420408959
16785.0,410,1,533.78,1,At-Risk / Low-Engagement Customers,-1.4005491063779576,0.38336325309263236
16786.0,394,1,51.839999999999996,1,At-Risk / Low-Engagement Customers,-2.394794425597782,-0.33140202221382487
16787.0,398,4,1035.43,1,At-Risk / Low-Engagement Customers,-0.4042041608050825,0.9004865670942833
16788.0,123,5,1950.3,0,High-Value Loyal Customers,0.3881312694228276,0.5120249329155624
16789.0,8,1,80.8,1,At-Risk / Low-Engagement Customers,-0.9815637921428666,-2.286402771659873
16790.0,4,6,1545.6200000000001,0,High-Value Loyal Customers,1.4430432052338147,-1.2721029040728415
16791.0,29,15,4038.69,0,High-Value Loyal Customers,1.911797246342363,0.3061574224240865
16792.0,282,5,623.46,1,At-Risk / Low-Engagement Customers,-0.3744909079221812,0.6260892832807375
16793.0,57,1,243.84,1,At-Risk / Low-Engagement Customers,-1.1071589815644258,-0.9305414325697092
16794.0,1,15,2090.91,0,High-Value Loyal Customers,2.501311763417173,-1.3844954980251059
16795.0,365,3,2492.39,1,At-Risk / Low-Engagement Customers,-0.16451482668255646,1.033977842944397
16796.0,89,1,305.62,1,At-Risk / Low-Engagement Customers,-1.1513609925657748,-0.6208494878008524
16797.0,393,5,1827.77,1,At-Risk / Low-Engagement Customers,-0.013988658733390062,1.1302547306087651
16798.0,554,3,848.71,1,At-Risk / Low-Engagement Customers,-0.767559867668399,0.9413641536950135
16799.0,432,2,495.98,1,At-Risk / Low-Engagement Customers,-1.1400589986808536,0.5385948513443835
16800.0,11,1,1201.49,1,At-Risk / Low-Engagement Customers,0.0948984584018729,-1.3231224843523954
16801.0,163,4,1619.73,1,At-Risk / Low-Engagement Customers,0.07788487425958751,0.5439325074735517
16802.0,679,2,582.61,1,At-Risk / Low-Engagement Customers,-1.2161247796691066,0.8356448266023275
16803.0,65,1,332.3,1,At-Risk / Low-Engagement Customers,-1.0147465114213867,-0.7669433027937165
16804.0,23,3,536.99,1,At-Risk / Low-Engagement Customers,0.04942538134655619,-0.927860569060505
16805.0,174,5,1097.24,1,At-Risk / Low-Engagement Customers,0.02661721896613526,0.5299796084992826
16806.0,103,4,801.49,1,At-Risk / Low-Engagement Customers,-0.08064324908041878,0.08229522072695677
16807.0,143,6,2123.88,0,High-Value Loyal Customers,0.4944199194890427,0.6764356179192998
16808.0,99,2,288.42,1,At-Risk / Low-Engagement Customers,-0.9013053776446475,-0.431603560364732
16809.0,23,9,1727.43,0,High-Value Loyal Customers,1.2561089534628165,-0.24308961222979328
16810.0,192,2,842.0400000000001,1,At-Risk / Low-Engagement Customers,-0.6487782808120836,0.2511012981091859
16811.0,5,2,547.07,0,High-Value Loyal Customers,0.28644853491080474,-1.7922318635416583
16812.0,361,4,2392.0,1,At-Risk / Low-Engagement Customers,-0.00864857841306669,1.0972932897838006
16813.0,8,10,1692.98,0,High-Value Loyal Customers,1.6372680518569216,-0.7552168320154491
16814.0,14,36,12499.710000000001,0,High-Value Loyal Customers,3.2668792940874707,0.5688496670554303
16815.0,454,2,410.97,1,At-Risk / Low-Engagement Customers,-1.2377131928506668,0.5097728239511379
16816.0,103,4,417.06,1,At-Risk / Low-Engagement Customers,-0.3643726168702911,-0.11290715515772949
16817.0,3,13,2804.9,0,High-Value Loyal Customers,2.3030521584805554,-0.9631573075694035
16818.0,11,11,3349.57,0,High-Value Loyal Customers,1.907351434755553,-0.36052392005630246
16819.0,465,2,182.59,1,At-Risk / Low-Engagement Customers,-1.5971106979587393,0.28100293508265867
16820.0,96,1,497.61,1,At-Risk / Low-Engagement Customers,-0.9640315362173345,-0.4339899159620411
16821.0,382,1,113.35,1,At-Risk / Low-Engagement Customers,-2.048917631157564,-0.11732375733304128
16822.0,686,1,181.39,1,At-Risk / Low-Engagement Customers,-2.0347518432554934,0.3447131470146883
16823.0,227,7,2260.09,0,High-Value Loyal Customers,0.4746743575561466,0.9973719728704377
16824.0,16,3,686.24,0,High-Value Loyal Customers,0.26748823277382483,-1.0447680851115495
16825.0,39,5,1826.89,0,High-Value Loyal Customers,0.7256287576163486,-0.13157005449994674
16826.0,51,1,341.7,1,At-Risk / Low-Engagement Customers,-0.9255369564478644,-0.8901160285532913
16827.0,393,5,392.13,1,At-Risk / Low-Engagement Customers,-0.6828571135790745,0.6700813176228674
16828.0,93,2,128.5,1,At-Risk / Low-Engagement Customers,-1.2312036541359621,-0.7064657408504209
16829.0,157,2,513.32,1,At-Risk / Low-Engagement Customers,-0.7990775491664072,-0.0071912789972972116
16830.0,39,4,1207.5,0,High-Value Loyal Customers,0.40653236925635705,-0.3221705958576362
16831.0,565,1,91.8,1,At-Risk / Low-Engagement Customers,-2.2660918260114435,0.03558473437111735
16832.0,184,5,417.61,1,At-Risk / Low-Engagement Customers,-0.4110246513217286,0.27190247896196623
16833.0,1,6,2409.04,0,High-Value Loyal Customers,1.9323951183904204,-1.6447117141064123
16834.0,228,2,898.96,1,At-Risk / Low-Engagement Customers,-0.675666385103987,0.3649939218154688
16835.0,128,6,1538.41,0,High-Value Loyal Customers,0.38975576583364135,0.5192790906058957
16836.0,40,4,782.37,1,At-Risk / Low-Engagement Customers,0.2099151625449094,-0.43832694350969276
16837.0,31,11,3170.98,0,High-Value Loyal Customers,1.5662935047763995,0.16406696201003293
16838.0,197,4,1159.61,1,At-Risk / Low-Engagement Customers,-0.1283436325743653,0.5478858325252127
16839.0,9,44,22310.49,0,High-Value Loyal Customers,3.799375911046176,0.5902767132947312
16840.0,603,2,139.85,1,At-Risk / Low-Engagement Customers,-1.7963104935429934,0.3447418773452771
16841.0,37,12,4006.06,0,High-Value Loyal Customers,1.6734465350020087,0.3581092491641424
16842.0,101,3,1264.19,1,At-Risk / Low-Engagement Customers,-0.0464708489587056,0.126186632513257
16843.0,43,35,19571.43,0,High-Value Loyal Customers,3.093004218633139,1.2865856232920772
16844.0,563,2,614.34,1,At-Risk / Low-Engagement Customers,-1.1325964063833414,0.7483296251811755
16845.0,618,1,253.88,1,At-Risk / Low-Engagement Customers,-1.855435630341169,0.3873995397391988
16846.0,50,3,842.41,1,At-Risk / Low-Engagement Customers,0.0012651191122451631,-0.377518945193476
16847.0,43,2,614.89,1,At-Risk / Low-Engagement Customers,-0.3071927461206114,-0.6583611114561427
16848.0,53,4,1411.62,0,High-Value Loyal Customers,0.37737600753512424,-0.10992659909077113
16849.0,187,1,124.57,1,At-Risk / Low-Engagement Customers,-1.7780446628774562,-0.4817922289889419
16850.0,334,1,332.41,1,At-Risk / Low-Engagement Customers,-1.5400000004927634,0.12915343655653705
16851.0,4,3,342.45,0,High-Value Loyal Customers,0.3614816146804954,-1.9273947582127513
16852.0,10,2,144.91000000000003,1,At-Risk / Low-Engagement Customers,-0.48541456253059917,-1.8540702607610657
16854.0,417,2,1408.96,1,At-Risk / Low-Engagement Customers,-0.6749434354872919,0.8312977488410602
16855.0,24,2,328.4,1,At-Risk / Low-Engagement Customers,-0.39664238978920907,-1.157496217684654
16856.0,15,3,358.49,1,At-Risk / Low-Engagement Customers,0.0051491376081916895,-1.2721821673703817
16857.0,443,1,352.8,1,At-Risk / Low-Engagement Customers,-1.605279760528463,0.30229383100598956
16858.0,369,10,4668.28,0,High-Value Loyal Customers,0.8764916185695634,1.5980534147436967
16859.0,145,7,1932.41,0,High-Value Loyal Customers,0.5507170236970452,0.7046533442700069
16860.0,453,3,1610.62,1,At-Risk / Low-Engagement Customers,-0.42408251503842564,1.022183428373849
16861.0,60,5,946.59,0,High-Value Loyal Customers,0.30328304654064153,-0.09548381538106653
16862.0,547,4,662.33,1,At-Risk / Low-Engagement Customers,-0.7010035098946357,0.9419166810218815
16863.0,31,3,998.52,1,At-Risk / Low-Engagement Customers,0.22590081138902632,-0.5837603370127796
16864.0,434,2,409.25,1,At-Risk / Low-Engagement Customers,-1.2249951547248177,0.483726971033369
16865.0,402,1,130.95,1,At-Risk / Low-Engagement Customers,-2.0030912838387445,-0.04639419019909483
16866.0,141,3,207.73999999999998,1,At-Risk / Low-Engagement Customers,-0.9374876210729847,-0.2307164045611922
16867.0,690,1,76.74000000000001,1,At-Risk / Low-Engagement Customers,-2.4076769444294865,0.0926390967476817
16868.0,394,3,393.39,1,At-Risk / Low-Engagement Customers,-0.9915352688785205,0.524022813726627
16869.0,23,4,825.42,0,High-Value Loyal Customers,0.40639270135769134,-0.7176836199183988
16870.0,469,1,450.15999999999997,1,At-Risk / Low-Engagement Customers,-1.5179155860930904,0.40645044389252855
16871.0,22,6,2812.34,0,High-Value Loyal Customers,1.209800890487139,-0.25128999080979086
16872.0,77,6,1213.13,0,High-Value Loyal Customers,0.4491909029218721,0.17073024897965655
16873.0,5,12,14617.39,0,High-Value Loyal Customers,2.8335564811902016,-0.27255594115751125
16874.0,379,1,217.74,1,At-Risk / Low-Engagement Customers,-1.7641567190872893,0.07250119306790366
16875.0,67,11,4234.53,0,High-Value Loyal Customers,1.4483160094474103,0.6663751733193984
16876.0,404,1,136.01,1,At-Risk / Low-Engagement Customers,-1.9883190420689743,-0.032399008095332686
16877.0,12,6,853.72,0,High-Value Loyal Customers,0.8759660658860706,-0.9226083682535592
16878.0,84,1,13.3,1,At-Risk / Low-Engagement Customers,-2.466622616975713,-1.5699784423980436
16880.0,31,8,1840.86,0,High-Value Loyal Customers,1.1103624429430323,-0.10395376401137417
16881.0,67,1,432.0,1,At-Risk / Low-Engagement Customers,-0.910537105131965,-0.672140082280808
16882.0,67,3,705.12,1,At-Risk / Low-Engagement Customers,-0.1690828167111759,-0.27202899715231943
16883.0,187,19,2396.59,0,High-Value Loyal Customers,1.2614292278293948,1.2439153077493552
16884.0,38,4,1073.92,0,High-Value Loyal Customers,0.36375537861670354,-0.37119851028567374
16885.0,15,4,710.74,0,High-Value Loyal Customers,0.4725300116285224,-0.9860420275287878
16886.0,456,1,134.0,1,At-Risk / Low-Engagement Customers,-2.033818138630043,0.02980348064109812
16887.0,35,3,660.72,1,At-Risk / Low-Engagement Customers,0.00835536381260928,-0.6422561670105822
16888.0,401,3,437.15,1,At-Risk / Low-Engagement Customers,-0.9514344917372631,0.5652093016578229
16889.0,195,6,2530.9,0,High-Value Loyal Customers,0.470961504644093,0.8989446392585592
16890.0,477,3,285.41,1,At-Risk / Low-Engagement Customers,-1.1924175336640843,0.5334535194457195
16891.0,2,11,2056.82,0,High-Value Loyal Customers,2.1436082349145593,-1.2710767905526648
16892.0,1,7,762.1,0,High-Value Loyal Customers,1.5338657117287713,-1.9400861849439808
16893.0,367,2,401.77,1,At-Risk / Low-Engagement Customers,-1.178904371819022,0.3859628283741857
16894.0,502,3,1324.06,1,At-Risk / Low-Engagement Customers,-0.5424171018269112,1.0201078278420785
16895.0,65,5,1121.42,0,High-Value Loyal Customers,0.3514754118356091,-0.0013458057928219078
16896.0,555,1,103.95,1,At-Risk / Low-Engagement Customers,-2.206792354203727,0.06258357489216043
16897.0,299,2,289.78,1,At-Risk / Low-Engagement Customers,-1.2545849297273297,0.17575180208423033
16898.0,26,5,1016.37,0,High-Value Loyal Customers,0.5978029096928693,-0.5237568185226253
16899.0,8,8,1721.02,0,High-Value Loyal Customers,1.4913585485721408,-0.8237549329851106
16900.0,17,3,887.11,0,High-Value Loyal Customers,0.36056782522385045,-0.9364855972038184
16901.0,729,1,204.26,1,At-Risk / Low-Engagement Customers,-2.0029880745707866,0.41356046770227833
16902.0,116,1,1706.88,1,At-Risk / Low-Engagement Customers,-0.48896793001739935,0.037958340736771005
16903.0,29,3,1062.28,0,High-Value Loyal Customers,0.27368048225597813,-0.6008461048102874
16904.0,4,21,5132.37,0,High-Value Loyal Customers,2.8384333251886216,-0.4938206356464942
16905.0,5,17,5034.15,0,High-Value Loyal Customers,2.6180073392450343,-0.47249476351092407
16906.0,82,7,1448.8,0,High-Value Loyal Customers,0.6081277118474029,0.3069804054596423
16907.0,29,9,1707.9,0,High-Value Loyal Customers,1.1789942623366279,-0.12341392254306266
16908.0,722,1,252.59,1,At-Risk / Low-Engagement Customers,-1.9078726500588707,0.4715402838197664
16909.0,72,1,379.14,1,At-Risk / Low-Engagement Customers,-0.990134531277153,-0.6719802414454178
16910.0,4,8,1510.06,0,High-Value Loyal Customers,1.624601436247857,-1.187075926947186
16911.0,636,2,255.25,1,At-Risk / Low-Engagement Customers,-1.5531233476016526,0.5532289257162606
16912.0,29,15,4480.31,0,High-Value Loyal Customers,1.9569382554996637,0.33721389114981715
16913.0,290,3,423.90999999999997,1,At-Risk / Low-Engagement Customers,-0.8602770827271581,0.3777988145211833
16914.0,36,1,208.46,1,At-Risk / Low-Engagement Customers,-1.029678782983355,-1.2252017713075656
16915.0,9,11,1543.18,0,High-Value Loyal Customers,1.6292704777486051,-0.6929706701569206
16916.0,24,4,1123.4,0,High-Value Loyal Customers,0.5271593162536997,-0.6029983958508411
16917.0,277,2,1857.83,1,At-Risk / Low-Engagement Customers,-0.4227741446975494,0.689073024626129
16918.0,50,16,3213.29,0,High-Value Loyal Customers,1.686969066206846,0.5526030321854061
16919.0,156,24,5125.91,0,High-Value Loyal Customers,1.8205987672289918,1.4537197442104755
16920.0,411,1,355.45,1,At-Risk / Low-Engagement Customers,-1.5778402963055582,0.2632701618485571
16921.0,61,3,446.67,1,At-Risk / Low-Engagement Customers,-0.33749669160251505,-0.4593995111788627
16922.0,573,1,611.08,1,At-Risk / Low-Engagement Customers,-1.4498425394823955,0.608018755902237
16923.0,12,32,13378.36,0,High-Value Loyal Customers,3.255456021487188,0.468376523311532
16924.0,21,3,846.75,0,High-Value Loyal Customers,0.2754291382557197,-0.8397259775135416
16925.0,540,1,125.65,1,At-Risk / Low-Engagement Customers,-2.116171951449043,0.10375914962649371
16926.0,371,5,1421.35,1,At-Risk / Low-Engagement Customers,-0.1047618284843388,1.0233278632073848
16927.0,116,3,543.05,1,At-Risk / Low-Engagement Customers,-0.4580459339157784,-0.050768203753019485
16928.0,80,29,4113.23,0,High-Value Loyal Customers,2.0779530489222062,1.0895627518222997
16929.0,4,7,1295.39,0,High-Value Loyal Customers,1.4680974345129385,-1.276056952817381
16930.0,26,3,380.55,1,At-Risk / Low-Engagement Customers,-0.13816981129189554,-0.9657509856399383
16931.0,5,23,5233.62,0,High-Value Loyal Customers,2.8543283711864698,-0.3555630838471011
16932.0,53,3,440.71,1,At-Risk / Low-Engagement Customers,-0.29864695459876706,-0.5396099739050361
16933.0,1,9,3181.25,0,High-Value Loyal Customers,2.3253684401573653,-1.4309541266080703
16934.0,55,6,2110.9900000000002,0,High-Value Loyal Customers,0.7972355048749309,0.15368571990775567
16935.0,382,3,535.1,1,At-Risk / Low-Engagement Customers,-0.8479886968163546,0.5989003309755239
16936.0,26,2,551.17,1,At-Risk / Low-Engagement Customers,-0.19676579090809074,-0.960409977289985
16937.0,499,1,202.1,1,At-Risk / Low-Engagement Customers,-1.8851950143067913,0.20166278963485315
16938.0,9,9,7043.18,0,High-Value Loyal Customers,2.150574989812636,-0.3053855491129247
16939.0,489,3,449.0,1,At-Risk / Low-Engagement Customers,-1.0038463381578648,0.6823811283233396
16940.0,52,8,6427.66,0,High-Value Loyal Customers,1.4910527465555734,0.5485203524279462
16941.0,612,1,33.0,1,At-Risk / Low-Engagement Customers,-2.7287743764942993,-0.22098670577862456
16942.0,13,9,1920.59,0,High-Value Loyal Customers,1.476528993547167,-0.5086665718349548
16943.0,212,5,1299.49,1,At-Risk / Low-Engagement Customers,0.036608801798388206,0.6889640692305119
16944.0,610,1,101.36,1,At-Risk / Low-Engagement Customers,-2.248173071752447,0.10713152684564409
16945.0,22,33,8548.16,0,High-Value Loyal Customers,2.8988214500061464,0.6599227201494663
16946.0,383,5,1222.04,1,At-Risk / Low-Engagement Customers,-0.18071830953298085,0.995646570392061
16947.0,236,5,955.21,1,At-Risk / Low-Engagement Customers,-0.13172559594521727,0.6557983728559242
16948.0,139,7,868.77,1,At-Risk / Low-Engagement Customers,0.21672255221467773,0.4423857808526359
16949.0,4,6,1286.27,0,High-Value Loyal Customers,1.3631805127967036,-1.3270474712486209
16950.0,57,10,3784.37,0,High-Value Loyal Customers,1.3845070472188086,0.5131559631324886
16951.0,135,3,1277.75,1,At-Risk / Low-Engagement Customers,-0.13487606325956134,0.2880521826017424
16952.0,109,5,798.78,1,At-Risk / Low-Engagement Customers,0.03880187280852602,0.17895551256521663
16953.0,30,1,20.8,1,At-Risk / Low-Engagement Customers,-1.956932740910639,-2.0000987833076707
16954.0,1,20,6081.88,0,High-Value Loyal Customers,3.173148311787338,-0.965435186833472
16955.0,185,6,1309.41,1,At-Risk / Low-Engagement Customers,0.20132565176752207,0.672901724991745
16956.0,18,1,308.74,1,At-Risk / Low-Engagement Customers,-0.643909268927528,-1.4757011529216302
16957.0,239,2,416.64,1,At-Risk / Low-Engagement Customers,-1.0248836862071276,0.1610538162826445
16958.0,435,1,809.44,1,At-Risk / Low-Engagement Customers,-1.238764527662375,0.5403774174790524
16959.0,87,1,117.35000000000001,1,At-Risk / Low-Engagement Customers,-1.558296233555357,-0.9182116732153146
16960.0,39,8,2043.43,0,High-Value Loyal Customers,1.0835922770313091,0.05035835055869186
16961.0,116,3,794.56,1,At-Risk / Low-Engagement Customers,-0.29270391310206445,0.06298510824221581
16962.0,410,1,251.04,1,At-Risk / Low-Engagement Customers,-1.7278643116910102,0.15817434777067726
16963.0,187,1,110.55000000000001,1,At-Risk / Low-Engagement Customers,-1.8295569075061047,-0.5172320307161717
16964.0,733,2,207.85,1,At-Risk / Low-Engagement Customers,-1.6879606092716837,0.5701793106219917
16965.0,227,1,201.19,1,At-Risk / Low-Engagement Customers,-1.6331749150670625,-0.23280184304751314
16966.0,8,7,2154.97,0,High-Value Loyal Customers,1.4993113539950438,-0.7995916631566273
16967.0,189,1,319.02,1,At-Risk / Low-Engagement Customers,-1.3744179630310136,-0.19591059995255844
16968.0,4,2,439.43,0,High-Value Loyal Customers,0.25027969672806144,-1.9582459996424617
16969.0,39,3,650.41,1,At-Risk / Low-Engagement Customers,-0.032553487908014545,-0.5888441060760641
16970.0,626,1,71.4,1,At-Risk / Low-Engagement Customers,-2.4072057779840423,0.01772844102632308
16971.0,38,1,357.21,1,At-Risk / Low-Engagement Customers,-0.813233742428273,-1.0355400436666462
16972.0,383,2,786.25,1,At-Risk / Low-Engagement Customers,-0.9010706779569959,0.6100533511834283
16973.0,386,1,127.0,1,At-Risk / Low-Engagement Customers,-2.003212758596249,-0.0778369557419987
16974.0,523,2,365.5,1,At-Risk / Low-Engagement Customers,-1.3342654055085483,0.5526409060805338
16975.0,423,3,926.12,1,At-Risk / Low-Engagement Customers,-0.6425466216540117,0.8189641541003623
16976.0,267,1,251.51999999999998,1,At-Risk / Low-Engagement Customers,-1.5887376556602548,-0.07710714632807553
16977.0,395,4,496.0,1,At-Risk / Low-Engagement Customers,-0.7215422736241801,0.6763196836874421
16978.0,78,3,768.88,1,At-Risk / Low-Engagement Customers,-0.17996272933831486,-0.1634494465177093
16979.0,4,9,2859.74,0,High-Value Loyal Customers,1.9826743521889476,-0.9574465053523317
16980.0,255,3,1473.3300000000002,1,At-Risk / Low-Engagement Customers,-0.2775256839150667,0.6795303590405782
16982.0,61,1,384.06,1,At-Risk / Low-Engagement Customers,-0.9317157708014131,-0.7582145518482627
16983.0,13,11,3710.22,0,High-Value Loyal Customers,1.9019759935311997,-0.24489809503401927
16984.0,88,9,10754.8,0,High-Value Loyal Customers,1.6277052371653609,1.0270522658768952
16985.0,17,23,10923.16,0,High-Value Loyal Customers,2.819108001286767,0.47061315187867453
16986.0,30,11,4888.75,0,High-Value Loyal Customers,1.7648687227683946,0.27610846387163507
16987.0,3,11,2535.9,0,High-Value Loyal Customers,2.1416300316658115,-1.0497505014176747
16988.0,5,2,382.67,1,At-Risk / Low-Engagement Customers,0.13128139757090315,-1.8989849786806101
16989.0,7,6,1133.25,0,High-Value Loyal Customers,1.1561059068752675,-1.1056946157882972
16990.0,219,2,344.0,1,At-Risk / Low-Engagement Customers,-1.0798797884677225,0.05586390088670359
16991.0,421,1,1041.21,1,At-Risk / Low-Engagement Customers,-1.1187707476498998,0.5976682830500828
16992.0,11,13,5476.5,0,High-Value Loyal Customers,2.2387850032199292,-0.15696490911233102
16993.0,464,2,1950.9499999999998,1,At-Risk / Low-Engagement Customers,-0.5678809230744503,0.9874376926466287
16996.0,30,9,2123.61,0,High-Value Loyal Customers,1.2631281864691604,-0.040149043830047075
16997.0,288,3,702.0,1,At-Risk / Low-Engagement Customers,-0.6389802389375371,0.5247099045602501
16998.0,150,5,402.0,1,At-Risk / Low-Engagement Customers,-0.3618800214886674,0.14851750789482515
16999.0,23,2,484.82,1,At-Risk / Low-Engagement Customers,-0.21437288446507224,-1.063696253537017
17000.0,396,2,406.3,1,At-Risk / Low-Engagement Customers,-1.198570927874565,0.4311485906547275
17001.0,1,19,6640.8,0,High-Value Loyal Customers,3.174183536071595,-0.9569801034874218
17002.0,86,7,2571.55,0,High-Value Loyal Customers,0.8424252542266254,0.5046080285406626
17003.0,402,4,830.16,1,At-Risk / Low-Engagement Customers,-0.5034645518669536,0.8399181200995331
17004.0,46,4,2425.16,0,High-Value Loyal Customers,0.6576115869464606,-0.024597616870839056
17005.0,471,2,742.36,1,At-Risk / Low-Engagement Customers,-0.9927651246203829,0.7066883886664519
17006.0,5,8,1636.32,0,High-Value Loyal Customers,1.6005508554809273,-1.0624920232715194
17007.0,51,7,1120.1,0,High-Value Loyal Customers,0.647488449789097,-0.02789456882480101
17008.0,429,1,81.36,1,At-Risk / Low-Engagement Customers,-2.2291399393778093,-0.15171526906883234
17009.0,551,1,242.06,1,At-Risk / Low-Engagement Customers,-1.8390456290155663,0.3099998695844811
17010.0,18,1,195.36,1,At-Risk / Low-Engagement Customers,-0.8422228347802726,-1.6121384894094386
17011.0,30,3,671.7,1,At-Risk / Low-Engagement Customers,0.06387825600352841,-0.7198057450481615
17012.0,725,1,384.16,1,At-Risk / Low-Engagement Customers,-1.7273642012319714,0.5989331957420954
17014.0,8,3,586.33,0,High-Value Loyal Customers,0.4048297530295561,-1.44258127262577
17015.0,29,3,1842.56,0,High-Value Loyal Customers,0.5131360228292612,-0.43610358695688817
17016.0,577,1,552.4,1,At-Risk / Low-Engagement Customers,-1.4959392516192391,0.581680311933372
17017.0,3,29,14110.61,0,High-Value Loyal Customers,3.5871539917433757,-0.2006602442958673
17018.0,41,6,2287.7,0,High-Value Loyal Customers,0.9252413708412967,0.01906493955144112
17019.0,11,11,4012.2,0,High-Value Loyal Customers,1.9858697578326954,-0.3065042627521257
17020.0,542,2,935.62,1,At-Risk / Low-Engagement Customers,-0.9375353788211593,0.8531570622260342
17021.0,442,6,1182.22,1,At-Risk / Low-Engagement Customers,-0.12377498063744391,1.1209958850051382
17022.0,31,2,260.0,1,At-Risk / Low-Engagement Customers,-0.5777549331511478,-1.0910114421339858
17023.0,417,3,800.18,1,At-Risk / Low-Engagement Customers,-0.7014612963622006,0.7673994469195856
17024.0,45,3,95.85,1,At-Risk / Low-Engagement Customers,-0.9070551778027537,-1.0823045862551754
17025.0,61,5,1510.6399999999999,0,High-Value Loyal Customers,0.5012302906600885,0.0532883458090197
17026.0,185,3,208.98,1,At-Risk / Low-Engagement Customers,-1.022209484895293,-0.08006621297841542
17027.0,79,9,1327.1100000000001,0,High-Value Loyal Customers,0.7520821087134051,0.34211029129078585
17028.0,581,3,1593.83,1,At-Risk / Low-Engagement Customers,-0.5089695207206855,1.1560415180788195
17029.0,111,7,2137.3,0,High-Value Loyal Customers,0.6802859459325369,0.5885821279277665
17030.0,64,1,146.87,1,At-Risk / Low-Engagement Customers,-1.3634223527068794,-1.0186462237211602
17031.0,12,6,2773.85,0,High-Value Loyal Customers,1.3883358349770436,-0.5701041596229004
17032.0,548,8,3004.6,0,High-Value Loyal Customers,0.40414096326951743,1.6103738914956773
17033.0,86,4,1332.79,1,At-Risk / Low-Engagement Customers,0.1981421320358355,0.13593727865064462
17034.0,16,5,1283.92,0,High-Value Loyal Customers,0.8490135357619238,-0.7090318749235739
17035.0,246,4,613.59,1,At-Risk / Low-Engagement Customers,-0.4764758514800862,0.47953937065089114
17036.0,383,1,176.9,1,At-Risk / Low-Engagement Customers,-1.8574631118180245,0.016413085601144004
17037.0,88,1,1267.32,1,At-Risk / Low-Engagement Customers,-0.5299684851472751,-0.20198791653229653
17038.0,30,2,743.17,1,At-Risk / Low-Engagement Customers,-0.11160600934700086,-0.7948824645709467
17039.0,604,1,1954.99,1,At-Risk / Low-Engagement Customers,-0.9613546508172188,0.9848080958638222
17040.0,138,2,463.25,1,At-Risk / Low-Engagement Customers,-0.8022043923575632,-0.10851774677020559
17041.0,27,6,1686.28,0,High-Value Loyal Customers,0.9237304419852745,-0.2958346389812216
17042.0,3,5,1044.3799999999999,0,High-Value Loyal Customers,1.2272151144081416,-1.5688564087827976
17043.0,32,8,2616.55,0,High-Value Loyal Customers,1.2533332407370505,0.01822796388044425
17044.0,25,12,11962.3,0,High-Value Loyal Customers,2.272094575376636,0.4762187417020496
17045.0,113,5,827.6800000000001,1,At-Risk / Low-Engagement Customers,0.042694809635458145,0.20928225214045365
17046.0,157,5,1906.07,0,High-Value Loyal Customers,0.29978490246996914,0.6388123027864308
17047.0,85,6,2289.23,0,High-Value Loyal Customers,0.6937402307160274,0.41455665074619913
17048.0,118,7,2071.68,0,High-Value Loyal Customers,0.6471167576048877,0.6126900826580085
17049.0,3,19,9947.48,0,High-Value Loyal Customers,3.1258002953755057,-0.4537198415238434
17050.0,96,11,4691.79,0,High-Value Loyal Customers,1.378040599195015,0.8929802287862607
17051.0,194,4,714.39,1,At-Risk / Low-Engagement Customers,-0.33394123893279354,0.39461900798323174
17052.0,28,1,413.75,1,At-Risk / Low-Engagement Customers,-0.6536463564071494,-1.1550775744200257
17053.0,131,1,498.48,1,At-Risk / Low-Engagement Customers,-1.0629175048389847,-0.2635370172677576
17054.0,28,5,1356.33,0,High-Value Loyal Customers,0.7001313639285588,-0.39804153862826996
17055.0,446,1,239.55,1,At-Risk / Low-Engagement Customers,-1.7753227810076604,0.19051892860674433
17056.0,738,1,128.60000000000002,1,At-Risk / Low-Engagement Customers,-2.207023026223336,0.2826719174781712
17057.0,596,1,294.74,1,At-Risk / Low-Engagement Customers,-1.779036669728612,0.41194878095799503
17058.0,82,3,1179.89,1,At-Risk / Low-Engagement Customers,-0.009804590883638043,-0.008149046401717992
17059.0,30,9,5602.53,0,High-Value Loyal Customers,1.6850964468328922,0.2501600193894162
17060.0,266,1,234.24,1,At-Risk / Low-Engagement Customers,-1.6183706298881662,-0.10038801313636339
17061.0,74,11,5232.2300000000005,0,High-Value Loyal Customers,1.5086600795410323,0.7837352700927277
17062.0,314,6,1208.22,1,At-Risk / Low-Engagement Customers,-0.004030346242923972,0.9394216658992351
17063.0,21,13,3638.53,0,High-Value Loyal Customers,1.8648768593160325,0.05498489201624459
17064.0,59,3,859.35,1,At-Risk / Low-Engagement Customers,-0.04264513428388435,-0.2819269590741534
17065.0,638,2,194.7,1,At-Risk / Low-Engagement Customers,-1.6714286878563587,0.47426284832628507
17066.0,726,1,228.34,1,At-Risk / Low-Engagement Customers,-1.953390827297821,0.4444950930330499
17067.0,725,3,454.54,1,At-Risk / Low-Engagement Customers,-1.12567545796802,0.9028872750098498
17068.0,12,47,9161.08,0,High-Value Loyal Customers,3.376488865527409,0.4921828627656417
17069.0,28,14,5794.28,0,High-Value Loyal Customers,2.030556748685348,0.3718622897548774
17070.0,114,2,445.32,1,At-Risk / Low-Engagement Customers,-0.7580391966254106,-0.22485204610327966
17071.0,28,13,3801.2000000000003,0,High-Value Loyal Customers,1.794554526052109,0.22044458717237764
17072.0,625,1,282.05,1,At-Risk / Low-Engagement Customers,-1.8134602440115042,0.42498263873905134
17073.0,18,4,1446.09,0,High-Value Loyal Customers,0.72569835275622,-0.6788404190894726
17074.0,563,1,203.05,1,At-Risk / Low-Engagement Customers,-1.9221199273966678,0.2694931548594845
17075.0,18,10,2241.73,0,High-Value Loyal Customers,1.5176958608911302,-0.25908166658916676
17076.0,36,6,1242.75,0,High-Value Loyal Customers,0.7008862131002397,-0.23340392210594652
17077.0,578,1,306.0,1,At-Risk / Low-Engagement Customers,-1.7528765293086552,0.4062486417741414
17078.0,36,2,378.2,1,At-Risk / Low-Engagement Customers,-0.4621800303439389,-0.8991156582345169
17079.0,78,1,118.80000000000001,1,At-Risk / Low-Engagement Customers,-1.5181037584021566,-0.9740737976492915
17080.0,22,7,957.53,0,High-Value Loyal Customers,0.8431571466944705,-0.524727510963803
17081.0,25,6,964.39,0,High-Value Loyal Customers,0.7047621032511876,-0.5038472785719297
17082.0,33,6,4732.03,0,High-Value Loyal Customers,1.3097232372407108,0.12001489990460343
17083.0,109,9,4049.79,0,High-Value Loyal Customers,1.1342952468895617,0.8515751269427884
17084.0,35,3,5202.97,0,High-Value Loyal Customers,0.9056868784871276,-0.02490293006828158
17085.0,123,28,7891.41,0,High-Value Loyal Customers,2.197819935460694,1.5070356830645386
17086.0,7,6,2050.08,0,High-Value Loyal Customers,1.4138597023742592,-0.9283631196988229
17087.0,738,1,221.53,1,At-Risk / Low-Engagement Customers,-1.971801435231413,0.44450152919113356
17088.0,28,4,1991.01,0,High-Value Loyal Customers,0.7279905371473547,-0.3499408469266358
17089.0,386,1,128.45,1,At-Risk / Low-Engagement Customers,-1.9983115465413475,-0.07446498108430308
17090.0,4,13,3149.48,0,High-Value Loyal Customers,2.2812802091953093,-0.8054064803687957
17091.0,3,19,7811.1,0,High-Value Loyal Customers,3.0206154851912594,-0.5260857196663933
17092.0,50,11,5594.96,0,High-Value Loyal Customers,1.6625522790622576,0.5910798684920925
17093.0,593,1,235.88,1,At-Risk / Low-Engagement Customers,-1.8739688070381046,0.3427369914738747
17094.0,322,2,402.20000000000005,1,At-Risk / Low-Engagement Customers,-1.1362554983495214,0.314341764411758
17095.0,23,7,2572.25,0,High-Value Loyal Customers,1.259068683358286,-0.20564110111651882
17096.0,15,11,3759.18,0,High-Value Loyal Customers,1.8644910764929288,-0.16732405946890247
17097.0,2,9,1340.45,0,High-Value Loyal Customers,1.818370919208006,-1.4659022157055062
17098.0,382,3,591.0699999999999,1,At-Risk / Low-Engagement Customers,-0.8047809874976809,0.6286267127781519
17099.0,533,1,582.17,1,At-Risk / Low-Engagement Customers,-1.447532574987953,0.5536938506876514
17100.0,18,2,971.74,1,At-Risk / Low-Engagement Customers,0.16326805937459501,-0.9847190765492618
17101.0,10,7,2507.05,0,High-Value Loyal Customers,1.5002253510663024,-0.6436288368804775
17102.0,262,1,25.5,1,At-Risk / Low-Engagement Customers,-2.5635230717937865,-0.7623258307133053
17103.0,722,1,424.3,1,At-Risk / Low-Engagement Customers,-1.6828904339868698,0.6263253293409656
17104.0,424,1,474.03,1,At-Risk / Low-Engagement Customers,-1.4629326702267493,0.3663724691405522
17105.0,159,2,665.78,1,At-Risk / Low-Engagement Customers,-0.6901863466662722,0.07746146299199769
17106.0,389,1,491.23,1,At-Risk / Low-Engagement Customers,-1.419660827815745,0.32961715644801737
17107.0,33,10,16075.42,0,High-Value Loyal Customers,2.1864957869110726,0.6514950520744297
17108.0,664,1,174.95,1,At-Risk / Low-Engagement Customers,-2.0398661070147797,0.31600060775685324
17109.0,29,8,1295.46,0,High-Value Loyal Customers,0.9784538513687017,-0.244662884655127
17110.0,165,3,510.7,1,At-Risk / Low-Engagement Customers,-0.5978577586410175,0.1238248281974875
17111.0,47,2,476.58,1,At-Risk / Low-Engagement Customers,-0.4459975492116841,-0.6865038766633089
17112.0,503,1,205.17,1,At-Risk / Low-Engagement Customers,-1.8812444211216808,0.2105487045175539
17113.0,574,6,2322.59,1,At-Risk / Low-Engagement Customers,0.08551634255185424,1.466864545875524
17114.0,6,8,808.62,0,High-Value Loyal Customers,1.2442716256121282,-1.1882837638114379
17115.0,8,7,2761.4900000000002,0,High-Value Loyal Customers,1.6071702076065324,-0.7253860754546386
17116.0,648,1,389.78,1,At-Risk / Low-Engagement Customers,-1.6847997086871807,0.5414299447290881
17117.0,288,1,116.19999999999999,1,At-Risk / Low-Engagement Customers,-1.9471269068959611,-0.26527868864282295
17118.0,318,1,157.02,1,At-Risk / Low-Engagement Customers,-1.8490432689321334,-0.12134734623930117
17119.0,3,2,606.91,0,High-Value Loyal Customers,0.4626735500378841,-1.9848512607315725
17120.0,233,1,307.46,1,At-Risk / Low-Engagement Customers,-1.4577946366637393,-0.09203537738848094
17121.0,403,1,314.74,1,At-Risk / Low-Engagement Customers,-1.624265691100542,0.21615163959393824
17122.0,119,4,570.5,1,At-Risk / Low-Engagement Customers,-0.2746241613368646,0.059609368099094305
17123.0,162,3,977.17,1,At-Risk / Low-Engagement Customers,-0.31003534108489117,0.30772592692524403
17124.0,185,1,298.89,1,At-Risk / Low-Engagement Customers,-1.3958040838910006,-0.22709427773673746
17125.0,50,1,259.35,1,At-Risk / Low-Engagement Customers,-1.0388358505293864,-0.9830953375564236
17126.0,152,9,2070.44,0,High-Value Loyal Customers,0.735767750388036,0.8328046556636984
17127.0,429,5,1155.0300000000002,1,At-Risk / Low-Engagement Customers,-0.2418287533843138,1.0411841342064272
17128.0,335,1,157.09,1,At-Risk / Low-Engagement Customers,-1.8656428439706425,-0.09257767670409593
17129.0,520,1,31.85,1,At-Risk / Low-Engagement Customers,-2.6911519786519533,-0.3209789443103743
17131.0,5,5,2463.17,0,High-Value Loyal Customers,1.4691685581700515,-1.088535285984481
17132.0,452,2,1272.8,1,At-Risk / Low-Engagement Customers,-0.7451381456195054,0.8452484791801342
17133.0,16,12,14622.33,0,High-Value Loyal Customers,2.4968706424962237,0.30197084228857113
17134.0,107,3,637.1,1,At-Risk / Low-Engagement Customers,-0.36277894649524384,-0.04718466242782786
17135.0,16,10,1954.16,0,High-Value Loyal Customers,1.4939632072728595,-0.36150633956634853
17136.0,662,1,231.68,1,At-Risk / Low-Engagement Customers,-1.9172957149490024,0.39799600556447834
17137.0,416,6,1133.63,1,At-Risk / Low-Engagement Customers,-0.12245826800195513,1.0750830133783058
17138.0,276,7,4417.27,0,High-Value Loyal Customers,0.7031896733119553,1.3052782252103685
17139.0,16,25,19584.46,0,High-Value Loyal Customers,3.1526622911100057,0.6431470665489887
17140.0,247,1,465.32,1,At-Risk / Low-Engagement Customers,-1.2967680871945728,0.06372856010234064
17141.0,418,4,754.33,1,At-Risk / Low-Engagement Customers,-0.5576823342566511,0.8327550229553666
17142.0,239,4,1283.75,1,At-Risk / Low-Engagement Customers,-0.14634697449981185,0.6844098690865471
17143.0,417,2,924.11,1,At-Risk / Low-Engagement Customers,-0.858298291535383,0.7051518239078021
17144.0,1,2,984.57,0,High-Value Loyal Customers,0.897094787680198,-2.2225220464535655
17145.0,513,4,3120.91,1,At-Risk / Low-Engagement Customers,-0.006341699275779656,1.370254593974032
17146.0,106,13,5860.24,0,High-Value Loyal Customers,1.5606169300839732,1.070077759874672
17147.0,23,9,3199.95,0,High-Value Loyal Customers,1.5242353473741312,-0.05862189379592397
17148.0,52,1,124.88,1,At-Risk / Low-Engagement Customers,-1.3674664800069067,-1.1794134833837315
17149.0,451,1,143.10000000000002,1,At-Risk / Low-Engagement Customers,-2.001876998635734,0.04326284530378734
17150.0,377,6,1375.65,1,At-Risk / Low-Engagement Customers,-0.006574518240152754,1.0788017188818781
17151.0,735,1,231.90000000000003,1,At-Risk / Low-Engagement Customers,-1.9506679789058388,0.45589231098988026
17152.0,195,4,2016.5,1,At-Risk / Low-Engagement Customers,0.11551513353036555,0.707799027543931
17153.0,24,1,213.78,1,At-Risk / Low-Engagement Customers,-0.891969272845605,-1.433928956754209
17154.0,75,1,329.34,1,At-Risk / Low-Engagement Customers,-1.0642563193723331,-0.6918001497060898
17155.0,18,7,892.46,0,High-Value Loyal Customers,0.8743617467161326,-0.651150052159456
17156.0,492,1,591.87,1,At-Risk / Low-Engagement Customers,-1.4145175154532756,0.5145696066755103
17157.0,8,19,5151.9,0,High-Value Loyal Customers,2.5772866568470048,-0.20337044001088236
17158.0,32,5,1980.0,0,High-Value Loyal Customers,0.8228463473973863,-0.2135956459204826
17159.0,22,5,2099.59,0,High-Value Loyal Customers,0.9651116186164757,-0.39516997408934756
17160.0,31,17,10209.16,0,High-Value Loyal Customers,2.384193427118118,0.6624260534883104
17161.0,444,1,856.01,1,At-Risk / Low-Engagement Customers,-1.2210624804358334,0.568372126052805
17162.0,29,10,1715.46,0,High-Value Loyal Customers,1.253608510106702,-0.08720567879133101
17163.0,22,4,699.78,0,High-Value Loyal Customers,0.34840483380708887,-0.7905228712832841
17164.0,33,7,2467.35,0,High-Value Loyal Customers,1.1283084172141438,-0.02598735937615247
17165.0,284,6,1794.32,1,At-Risk / Low-Engagement Customers,0.20029596839961566,1.0025236781254843
17166.0,39,2,206.34,1,At-Risk / Low-Engagement Customers,-0.7500691700813771,-1.0368318893781854
17167.0,380,3,867.11,1,At-Risk / Low-Engagement Customers,-0.6365758782661636,0.7402970412598879
17168.0,499,1,400.2,1,At-Risk / Low-Engagement Customers,-1.5889924312713863,0.40544658685711576
17169.0,58,3,1156.73,1,At-Risk / Low-Engagement Customers,0.0919633848562622,-0.20232788139017913
17170.0,374,2,178.68,1,At-Risk / Low-Engagement Customers,-1.5362101032944109,0.15472675156647606
17171.0,289,2,384.59,1,At-Risk / Low-Engagement Customers,-1.1208304131443991,0.24153097656422604
17172.0,79,3,956.5699999999999,1,At-Risk / Low-Engagement Customers,-0.08910676983119559,-0.09120473373356033
17173.0,5,8,3766.6,0,High-Value Loyal Customers,1.963157314872224,-0.8130231616740288
17174.0,218,1,59.9,1,At-Risk / Low-Engagement Customers,-2.1422639552171394,-0.6142239359302052
17175.0,44,4,1443.69,0,High-Value Loyal Customers,0.4461109720068346,-0.20376818683326364
17176.0,202,3,902.3199999999999,1,At-Risk / Low-Engagement Customers,-0.41565017272756555,0.40493925440659156
17177.0,505,1,119.5,1,At-Risk / Low-Engagement Customers,-2.116198882193038,0.05196851935031288
17178.0,731,1,436.71,1,At-Risk / Low-Engagement Customers,-1.674377236507121,0.6417586040773849
17179.0,178,6,1507.26,0,High-Value Loyal Customers,0.2749154870428164,0.6938364842811103
17180.0,56,11,2256.98,0,High-Value Loyal Customers,1.2316891947256394,0.38074816800297423
17181.0,57,3,465.37,1,At-Risk / Low-Engagement Customers,-0.29812122170695327,-0.48393373590700095
17182.0,423,2,321.3,1,At-Risk / Low-Engagement Customers,-1.321695174655205,0.397372491963353
17183.0,8,6,3347.31,0,High-Value Loyal Customers,1.589005804160076,-0.7166919098076979
17184.0,569,2,198.41000000000003,1,At-Risk / Low-Engagement Customers,-1.626300136325555,0.4168587636636196
17185.0,592,3,229.46,1,At-Risk / Low-Engagement Customers,-1.3567115349054149,0.5872989856650291
17186.0,47,2,144.0,1,At-Risk / Low-Engagement Customers,-0.9646414857865845,-1.043324636693286
17187.0,227,2,467.71,1,At-Risk / Low-Engagement Customers,-0.9580985160161147,0.16729639057262535
17188.0,11,13,4592.93,0,High-Value Loyal Customers,2.1622444581752753,-0.20962387903359225
17189.0,106,5,957.63,1,At-Risk / Low-Engagement Customers,0.12657235287039778,0.21793620515843323
17190.0,59,7,1743.04,0,High-Value Loyal Customers,0.7934761030358295,0.1833138427515149
17191.0,28,15,4836.05,0,High-Value Loyal Customers,2.00114036833762,0.341382094184129
17192.0,536,1,77.83,1,At-Risk / Low-Engagement Customers,-2.320069581374689,-0.04226450275716851
17193.0,36,9,2310.04,0,High-Value Loyal Customers,1.2425006553919224,0.08261695983599095
17194.0,274,3,812.5,1,At-Risk / Low-Engagement Customers,-0.5593998307815141,0.5410231522894996
17195.0,655,1,562.98,1,At-Risk / Low-Engagement Customers,-1.5286408102861713,0.6571697033901135
17196.0,428,1,352.9,1,At-Risk / Low-Engagement Customers,-1.594041421610175,0.2834225663262974
17197.0,30,1,1013.01,1,At-Risk / Low-Engagement Customers,-0.286235860688892,-0.850679521767064
17198.0,24,3,1213.88,0,High-Value Loyal Customers,0.3906416741953104,-0.6615086309175143
17199.0,582,1,145.12,1,At-Risk / Low-Engagement Customers,-2.0781334723450584,0.18780507143697325
17200.0,387,4,356.71,1,At-Risk / Low-Engagement Customers,-0.8580332918510986,0.5666175318704922
17201.0,54,4,1242.04,0,High-Value Loyal Customers,0.3157975608230098,-0.13808823142141155
17202.0,421,1,160.65,1,At-Risk / Low-Engagement Customers,-1.9296602957163687,0.03978607439602211
17203.0,36,10,5575.88,0,High-Value Loyal Customers,1.6984918950996988,0.3812079647163773
17204.0,175,9,5504.6900000000005,0,High-Value Loyal Customers,1.1158047037442953,1.2026715383650657
17205.0,54,3,999.35,1,At-Risk / Low-Engagement Customers,0.05109554334417078,-0.284787767540267
17206.0,53,1,204.24,1,At-Risk / Low-Engagement Customers,-1.1608106347773757,-1.0227676616685122
17207.0,652,1,303.21999999999997,1,At-Risk / Low-Engagement Customers,-1.7957344151921648,0.46986443863564314
17208.0,396,1,115.35,1,At-Risk / Low-Engagement Customers,-2.0529847606122504,-0.09233162986864793
17209.0,649,3,611.6,1,At-Risk / Low-Engagement Customers,-0.9610213219288554,0.9305720235287537
17210.0,393,1,253.37,1,At-Risk / Low-Engagement Customers,-1.7101981936256245,0.13762974503496944
17211.0,27,13,4046.65,0,High-Value Loyal Customers,1.8331226379514505,0.2198156968399915
17212.0,253,3,794.41,1,At-Risk / Low-Engagement Customers,-0.543492657307919,0.49047709453401034
17213.0,40,13,5182.3,0,High-Value Loyal Customers,1.8173823765804233,0.5041933721198413
17214.0,60,6,1069.1200000000001,0,High-Value Loyal Customers,0.47376521611534517,-0.0026574216136714458
17215.0,464,1,186.15,1,At-Risk / Low-Engagement Customers,-1.8973101542184947,0.1371526190584739
17216.0,554,1,65.05,1,At-Risk / Low-Engagement Customers,-2.4076949514136965,-0.07702845715555537
17217.0,234,2,218.0,1,At-Risk / Low-Engagement Customers,-1.2989554974722812,-0.04380117824132435
17218.0,4,18,4192.68,0,High-Value Loyal Customers,2.6386468968214034,-0.6080057255560314
17219.0,32,2,259.13,1,At-Risk / Low-Engagement Customers,-0.5891600471722224,-1.0750384757828069
17220.0,24,21,4481.75,0,High-Value Loyal Customers,2.2589320378036195,0.35331384126615417
17221.0,7,5,978.52,0,High-Value Loyal Customers,0.9747199644581421,-1.206022673488218
17222.0,65,6,1605.01,0,High-Value Loyal Customers,0.6249301713136188,0.16232448530074298
17223.0,310,3,873.53,1,At-Risk / Low-Engagement Customers,-0.5677124671095278,0.6305321711751259
17224.0,501,1,100.86,1,At-Risk / Low-Engagement Customers,-2.1867515355448384,-0.0027143317067354136
17225.0,582,1,131.15,1,At-Risk / Low-Engagement Customers,-2.1218573901583806,0.15772354442892597
17226.0,309,3,900.12,1,At-Risk / Low-Engagement Customers,-0.5536386529775862,0.6377217904657465
17227.0,19,12,2022.03,0,High-Value Loyal Customers,1.5836612241790406,-0.2005044907031607
17228.0,16,13,3177.24,0,High-Value Loyal Customers,1.8892969707737013,-0.12779322704277743
17229.0,96,2,318.76,1,At-Risk / Low-Engagement Customers,-0.8480777194395808,-0.4185612613871644
17230.0,264,18,9924.95,0,High-Value Loyal Customers,1.729427713391094,1.8397629876630077
17231.0,12,25,7197.04,0,High-Value Loyal Customers,2.8038951770170812,0.19554327739894015
17232.0,3,2,421.52,0,High-Value Loyal Customers,0.3043867754197336,-2.0937506486140056
17233.0,35,3,560.86,1,At-Risk / Low-Engagement Customers,-0.06282332984178661,-0.691226247978712
17234.0,183,1,149.89000000000001,1,At-Risk / Low-Engagement Customers,-1.6911656095354344,-0.43866788883512153
17235.0,25,8,1904.8799999999999,0,High-Value Loyal Customers,1.1923849506371285,-0.20825154448109467
17236.0,13,12,1929.26,0,High-Value Loyal Customers,1.678594487361861,-0.4112844236148194
17237.0,11,4,1002.08,0,High-Value Loyal Customers,0.7148659658409443,-1.0420050889659094
17238.0,3,32,7783.1,0,High-Value Loyal Customers,3.4009974414422,-0.3438591579398135
17239.0,313,4,1189.45,1,At-Risk / Low-Engagement Customers,-0.2664381536835862,0.8098241742501087
17240.0,596,1,130.6,1,At-Risk / Low-Engagement Customers,-2.1313469135624032,0.1695635912239486
17241.0,385,12,2744.14,0,High-Value Loyal Customers,0.7590969341080971,1.523546216893802
17242.0,108,5,2889.28,0,High-Value Loyal Customers,0.6007659070169193,0.5585107563244049
17243.0,1,69,20889.86,0,High-Value Loyal Customers,4.62827221414689,-0.15539461958116776
17244.0,53,5,1826.04,0,High-Value Loyal Customers,0.6283648702219914,0.033816787751749795
17245.0,205,2,371.63,1,At-Risk / Low-Engagement Customers,-1.0250929656499534,0.042660128080146194
17246.0,547,2,38.92,1,At-Risk / Low-Engagement Customers,-2.3134294217347713,-0.08634627168437257
17247.0,15,1,282.19,1,At-Risk / Low-Engagement Customers,-0.6273204862720441,-1.5973131204842423
17248.0,120,2,546.16,1,At-Risk / Low-Engagement Customers,-0.685855067935866,-0.1358220495307461
17249.0,429,1,68.03,1,At-Risk / Low-Engagement Customers,-2.3059614593208813,-0.2045675463243408
17250.0,4,2,384.52,0,High-Value Loyal Customers,0.192341825977098,-1.9981065544816905
17251.0,363,3,812.4300000000001,1,At-Risk / Low-Engagement Customers,-0.6501202391250286,0.6956456751551017
17252.0,117,2,353.86,1,At-Risk / Low-Engagement Customers,-0.866143312483702,-0.27929202854018353
17253.0,18,1,178.26,1,At-Risk / Low-Engagement Customers,-0.8818662893111292,-1.639412706995652
17254.0,5,3,470.73,0,High-Value Loyal Customers,0.4406012735038287,-1.7318309766150837
17255.0,41,4,799.13,1,At-Risk / Low-Engagement Customers,0.2113321678153251,-0.4186987681349946
17256.0,107,5,498.93,1,At-Risk / Low-Engagement Customers,-0.15970559425220343,0.028181179619967193
17257.0,436,2,192.73,1,At-Risk / Low-Engagement Customers,-1.5529383984045069,0.2616567881981992
17258.0,397,2,417.3,1,At-Risk / Low-Engagement Customers,-1.1877895310817643,0.44051341884021467
17259.0,148,6,1889.34,0,High-Value Loyal Customers,0.4324911817702812,0.6602508743171787
17260.0,411,1,120.95,1,At-Risk / Low-Engagement Customers,-2.0445261631080776,-0.05780407414354745
17261.0,510,1,230.44,1,At-Risk / Low-Engagement Customers,-1.8353989050310342,0.2527669202444933
17262.0,52,11,2757.62,0,High-Value Loyal Customers,1.3423554816878391,0.4005640972203761
17263.0,208,1,63.440000000000005,1,At-Risk / Low-Engagement Customers,-2.102563839243826,-0.6230890115677863
17264.0,424,1,279.59,1,At-Risk / Low-Engagement Customers,-1.6920080983905395,0.20877134317078658
17265.0,139,2,562.9,1,At-Risk / Low-Engagement Customers,-0.7199151285125087,-0.04635478506051519
17266.0,2,5,517.73,0,High-Value Loyal Customers,1.0153582617459216,-1.9372986319728367
17267.0,127,2,317.62,1,At-Risk / Low-Engagement Customers,-0.9393238727436594,-0.2666718090446486
17268.0,108,11,1733.8899999999999,0,High-Value Loyal Customers,0.9073518027081852,0.6594376430768385
17269.0,386,1,537.46,1,At-Risk / Low-Engagement Customers,-1.3781052195392003,0.3522294760759938
17270.0,469,2,604.4,1,At-Risk / Low-Engagement Customers,-1.0807148724973614,0.6428930808863581
17271.0,736,1,210.39,1,At-Risk / Low-Engagement Customers,-1.9932706834759168,0.42763318254253957
17272.0,42,4,2148.63,0,High-Value Loyal Customers,0.6337257068282681,-0.10988276747030833
17273.0,424,1,141.12,1,At-Risk / Low-Engagement Customers,-1.9879762341474774,0.005148842842578136
17274.0,35,2,577.38,1,At-Risk / Low-Engagement Customers,-0.26963150431075483,-0.7878534383940402
17275.0,383,1,114.52,1,At-Risk / Low-Engagement Customers,-2.0453317245742646,-0.11283824939403177
17276.0,402,1,508.39,1,At-Risk / Low-Engagement Customers,-1.4153557950482345,0.3579607227143304
17277.0,228,2,1065.3500000000001,1,At-Risk / Low-Engagement Customers,-0.6018523639678094,0.41577707624048155
17278.0,241,2,271.24,1,At-Risk / Low-Engagement Customers,-1.2137646143649437,0.037529909646183086
17279.0,58,1,187.82999999999998,1,At-Risk / Low-Engagement Customers,-1.2257096035500101,-0.9988704679262089
17280.0,438,1,118.85999999999999,1,At-Risk / Low-Engagement Customers,-2.072577485124759,-0.02796786164137134
17281.0,374,6,797.8499999999999,1,At-Risk / Low-Engagement Customers,-0.24079667023051915,0.9114917546045257
17282.0,130,5,2339.66,0,High-Value Loyal Customers,0.44953180945253385,0.596776633301497
17283.0,379,1,188.46,1,At-Risk / Low-Engagement Customers,-1.8266838305413722,0.02948329609051783
17284.0,60,8,2793.16,0,High-Value Loyal Customers,1.0830406358205016,0.37663381193910594
17285.0,628,2,428.34,1,At-Risk / Low-Engagement Customers,-1.3244801252220726,0.7007496408792915
17286.0,22,3,395.48,1,At-Risk / Low-Engagement Customers,-0.06960996585227341,-1.042699748603186
17287.0,26,21,4111.96,0,High-Value Loyal Customers,2.1965810763705256,0.36999068944842384
17288.0,9,11,2499.98,0,High-Value Loyal Customers,1.8390734638812698,-0.5486287513777258
17289.0,32,9,2079.39,0,High-Value Loyal Customers,1.2337559967668963,-0.011961360261666741
17290.0,4,8,1501.44,0,High-Value Loyal Customers,1.6221122290433545,-1.1887884714193113
17291.0,308,1,550.8000000000001,1,At-Risk / Low-Engagement Customers,-1.2946594017144206,0.23540792573981126
17292.0,472,2,271.75,1,At-Risk / Low-Engagement Customers,-1.4296964217927604,0.4077231898450729
17293.0,8,17,3774.23,0,High-Value Loyal Customers,2.3615672087617736,-0.33506239620572414
17294.0,669,2,467.78999999999996,1,At-Risk / Low-Engagement Customers,-1.3066550938285606,0.761893088986281
17295.0,29,3,556.95,1,At-Risk / Low-Engagement Customers,-0.006894361272899875,-0.7938782061290077
17296.0,730,1,338.13,1,At-Risk / Low-Engagement Customers,-1.784962107099011,0.564619348249263
17297.0,17,1,131.78,1,At-Risk / Low-Engagement Customers,-0.9949734825534994,-1.7590811297904274
17298.0,101,5,957.5600000000001,1,At-Risk / Low-Engagement Customers,0.14201844256126497,0.19151881704662055
17299.0,12,6,1016.08,0,High-Value Loyal Customers,0.9516382289927964,-0.8705468346103237
17300.0,391,2,393.64,1,At-Risk / Low-Engagement Customers,-1.2082105810674255,0.4147056681105583
17301.0,21,2,330.43,1,At-Risk / Low-Engagement Customers,-0.35262460436082893,-1.226165027638083
17302.0,15,5,1135.63,0,High-Value Loyal Customers,0.8152647572117125,-0.7791785820948569
17303.0,361,1,250.04,1,At-Risk / Low-Engagement Customers,-1.6885355195955998,0.08696413417409139
17304.0,534,1,111.5,1,At-Risk / Low-Engagement Customers,-2.164113601557,0.06214298656750689
17305.0,649,1,2135.46,1,At-Risk / Low-Engagement Customers,-0.9461588236254944,1.0507977468175131
17306.0,11,21,9782.35,0,High-Value Loyal Customers,2.835891883485898,0.18210864254813688
17307.0,395,11,3999.8900000000003,0,High-Value Loyal Customers,0.8536730045395291,1.621114335685788
17308.0,393,2,4511.76,1,At-Risk / Low-Engagement Customers,-0.14964107120535003,1.1469280144081677
17309.0,95,3,330.59000000000003,1,At-Risk / Low-Engagement Customers,-0.6095025982787018,-0.30810036163065563
17310.0,387,2,1025.1,1,At-Risk / Low-Engagement Customers,-0.7891305565654595,0.6950883678392209
17311.0,78,6,3566.56,0,High-Value Loyal Customers,0.9140501948750921,0.5004087746934516
17312.0,139,3,644.3,1,At-Risk / Low-Engagement Customers,-0.44182950010558036,0.09931043220441772
17313.0,31,1,2328.84,1,At-Risk / Low-Engagement Customers,0.06545368682452106,-0.5841455154640175
17314.0,25,17,4904.43,0,High-Value Loyal Customers,2.1323999083814953,0.3284668813366415
17315.0,2,43,9650.6,0,High-Value Loyal Customers,3.8070231388973883,-0.33285998851562953
17316.0,420,1,124.45,1,At-Risk / Low-Engagement Customers,-2.0392034358934685,-0.037414757930102266
17317.0,46,3,2600.34,0,High-Value Loyal Customers,0.517752858340256,-0.08540647910201836
17318.0,725,1,164.28,1,At-Risk / Low-Engagement Customers,-2.095470554840081,0.3456804733951901
17319.0,669,1,29.1,1,At-Risk / Low-Engagement Customers,-2.810542182615384,-0.2084168821614506
17320.0,100,6,2895.77,0,High-Value Loyal Customers,0.7439673312520856,0.5735626904045411
17321.0,8,6,1741.18,0,High-Value Loyal Customers,1.3047438214739564,-0.9122607183038157
17322.0,376,5,922.59,1,At-Risk / Low-Engagement Customers,-0.29695710729262276,0.9014347567591684
17323.0,15,12,1565.59,0,High-Value Loyal Customers,1.544577413976061,-0.40012334492861423
17324.0,18,12,2301.87,0,High-Value Loyal Customers,1.6566228628816781,-0.19001258072601568
17325.0,280,3,609.5699999999999,1,At-Risk / Low-Engagement Customers,-0.6912351076372345,0.46702936106910786
17326.0,408,2,321.95,1,At-Risk / Low-Engagement Customers,-1.3091693186852276,0.3781092934813694
17327.0,410,2,152.35,1,At-Risk / Low-Engagement Customers,-1.6348019644342162,0.15785394798156396
17328.0,673,1,104.7,1,At-Risk / Low-Engagement Customers,-2.265941119596476,0.1708696652508966
17329.0,14,5,1004.4300000000001,0,High-Value Loyal Customers,0.7827715141955247,-0.851491144465073
17330.0,23,4,423.8,1,At-Risk / Low-Engagement Customers,0.11683718646745386,-0.9168943145932895
17331.0,124,1,175.2,1,At-Risk / Low-Engagement Customers,-1.4986510601565568,-0.6054943352869375
17332.0,528,5,838.27,1,At-Risk / Low-Engagement Customers,-0.44817043774687004,1.0596142176861225
17333.0,86,1,494.25,1,At-Risk / Low-Engagement Customers,-0.9317838841379088,-0.49602540738387196
17334.0,302,3,635.15,1,At-Risk / Low-Engagement Customers,-0.6977570035371354,0.5208906457024779
17335.0,384,2,508.0,1,At-Risk / Low-Engagement Customers,-1.0916600694069056,0.48094335133492716
17336.0,472,1,81.12,1,At-Risk / Low-Engagement Customers,-2.261235453665884,-0.10001944414845658
17337.0,151,4,2027.8700000000001,1,At-Risk / Low-Engagement Customers,0.20018619395445383,0.5692556074049406
17338.0,17,17,12142.57,0,High-Value Loyal Customers,2.645735265712122,0.3969891393217367
17339.0,94,3,362.36,1,At-Risk / Low-Engagement Customers,-0.5663060866540434,-0.2864872467365699
17340.0,30,18,22404.82,0,High-Value Loyal Customers,2.7776642511598006,0.8999730611627187
17341.0,157,5,1889.83,0,High-Value Loyal Customers,0.2960638230341916,0.6362522451076029
17342.0,380,4,1227.54,1,At-Risk / Low-Engagement Customers,-0.31528707149287727,0.9259276045050672
17343.0,355,6,1259.94,1,At-Risk / Low-Engagement Customers,-0.02538105140176187,1.0194468805572174
17344.0,46,2,468.11,1,At-Risk / Low-Engagement Customers,-0.44697427674361184,-0.7034727542075473
17345.0,15,10,1604.68,0,High-Value Loyal Customers,1.42788789981194,-0.4538933079295873
17346.0,4,26,5323.0,0,High-Value Loyal Customers,3.0104962484621707,-0.4079437201103041
17347.0,86,1,228.96,1,At-Risk / Low-Engagement Customers,-1.26557765196377,-0.7256714854146963
17348.0,15,9,2476.41,0,High-Value Loyal Customers,1.5438845292779158,-0.35896357186705824
17349.0,179,5,852.25,1,At-Risk / Low-Engagement Customers,-0.09231943913418288,0.4699589741462207
17350.0,8,7,1906.041,0,High-Value Loyal Customers,1.4459292637616352,-0.8363178960609674
17351.0,36,12,1988.23,0,High-Value Loyal Customers,1.377363462618608,0.1337644718956272
17352.0,696,1,36.25,1,At-Risk / Low-Engagement Customers,-2.7305875179467356,-0.12282714932897273
17353.0,129,4,3242.0,0,High-Value Loyal Customers,0.45482526437167997,0.6234207514794696
17354.0,51,4,3143.46,0,High-Value Loyal Customers,0.7377512727019059,0.10879341379000466
17355.0,386,1,285.11,1,At-Risk / Low-Engagement Customers,-1.653237975361253,0.16294146532646658
17356.0,312,5,946.47,1,At-Risk / Low-Engagement Customers,-0.2256794332511306,0.8064626257779336
17357.0,24,2,388.14,1,At-Risk / Low-Engagement Customers,-0.32412506986423933,-1.107605178021014
17358.0,303,5,866.05,1,At-Risk / Low-Engagement Customers,-0.2548365255580149,0.7638189053566661
17359.0,11,2,284.46,1,At-Risk / Low-Engagement Customers,-0.22155230221355277,-1.6051829529798551
17360.0,17,6,1231.3799999999999,0,High-Value Loyal Customers,0.929933395585158,-0.6335784145520122
17361.0,49,5,880.64,0,High-Value Loyal Customers,0.3362088733235595,-0.22675656318950382
17362.0,239,7,1024.04,1,At-Risk / Low-Engagement Customers,0.11386676125642613,0.7888455229743728
17363.0,395,3,940.86,1,At-Risk / Low-Engagement Customers,-0.6135872450863986,0.7860036912928532
17364.0,1,28,12070.42,0,High-Value Loyal Customers,3.7175338949758348,-0.6421277127390858
17365.0,13,15,8224.98,0,High-Value Loyal Customers,2.4677086508494654,0.09866480161829308
17366.0,432,2,1096.24,1,At-Risk / Low-Engagement Customers,-0.7954545639701441,0.775678537534202
17367.0,238,1,168.4,1,At-Risk / Low-Engagement Customers,-1.7254036925015959,-0.25978135887883563
17368.0,23,14,2826.14,0,High-Value Loyal Customers,1.779453773754372,0.05261912903260371
17369.0,456,1,979.1999999999999,1,At-Risk / Low-Engagement Customers,-1.1712309175416626,0.623253063515865
17370.0,73,4,446.18,1,At-Risk / Low-Engagement Customers,-0.22500422327734615,-0.2804608095295387
17371.0,17,6,662.55,0,High-Value Loyal Customers,0.6605607875652982,-0.8189035132308098
17372.0,41,28,4377.56,0,High-Value Loyal Customers,2.2916086459531804,0.7335392091797164
17373.0,40,7,1167.5,0,High-Value Loyal Customers,0.7423754642049555,-0.14658894265358433
17374.0,219,3,727.11,1,At-Risk / Low-Engagement Customers,-0.5354799051892887,0.3847501068276396
17375.0,199,4,660.55,1,At-Risk / Low-Engagement Customers,-0.3761732528642582,0.38516175468565045
17376.0,71,4,453.64,1,At-Risk / Low-Engagement Customers,-0.20894401684417624,-0.2906204205350421
17377.0,24,78,18319.41,0,High-Value Loyal Customers,3.846510655246801,1.2426694086261103
17378.0,374,1,10.95,1,At-Risk / Low-Engagement Customers,-3.0247886751662816,-0.8050511449625903
17379.0,11,1,404.66,1,At-Risk / Low-Engagement Customers,-0.3779012662107289,-1.6484029806257163
17380.0,434,3,645.0,1,At-Risk / Low-Engagement Customers,-0.8080265436576662,0.7249420018280204
17381.0,9,38,40002.37,0,High-Value Loyal Customers,3.944273131986279,0.7126739506629491
17382.0,65,8,902.28,0,High-Value Loyal Customers,0.566217036022591,0.08204766632960402
17383.0,4,2,309.99,1,At-Risk / Low-Engagement Customers,0.09886727072321055,-2.062415918762361
17384.0,19,3,507.55,1,At-Risk / Low-Engagement Customers,0.08390669894152288,-1.0452682518644272
17385.0,15,1,261.11,1,At-Risk / Low-Engagement Customers,-0.6609774846704015,-1.620468728603639
17386.0,8,7,2812.77,0,High-Value Loyal Customers,1.6151729905755354,-0.7198802574936448
17387.0,20,2,784.11,1,At-Risk / Low-Engagement Customers,0.03765861114573616,-0.9936648360553917
17388.0,78,11,2691.57,0,High-Value Loyal Customers,1.2027137172444686,0.6134685636618651
17389.0,1,61,57224.68,0,High-Value Loyal Customers,4.974160693424017,0.10183209973122372
17390.0,421,1,149.3,1,At-Risk / Low-Engagement Customers,-1.9613360099120587,0.01799356586224856
17391.0,164,2,508.8,1,At-Risk / Low-Engagement Customers,-0.8169389254631152,0.014076767667560608
17392.0,307,3,626.56,1,At-Risk / Low-Engagement Customers,-0.7089657956298568,0.5258483871408669
17393.0,411,2,381.15,1,At-Risk / Low-Engagement Customers,-1.2382980239265815,0.4325249715857348
17394.0,219,1,203.86999999999998,1,At-Risk / Low-Engagement Customers,-1.6158934083357535,-0.24856082136912502
17395.0,508,1,97.5,1,At-Risk / Low-Engagement Customers,-2.2058249190863473,-0.005117289429001827
17396.0,39,14,8807.1,0,High-Value Loyal Customers,2.108695373691006,0.6745503048076739
17397.0,22,3,1233.18,0,High-Value Loyal Customers,0.42446731390975895,-0.7027805515477087
17398.0,115,3,653.38,1,At-Risk / Low-Engagement Customers,-0.37492891972304915,-0.00022915704143471827
17400.0,126,8,4677.05,0,High-Value Loyal Customers,1.0700995101917823,0.9353693171879006
17401.0,541,1,114.85,1,At-Risk / Low-Engagement Customers,-2.1555506026625273,0.07809661382955903
17402.0,5,23,5096.18,0,High-Value Loyal Customers,2.8427516234437675,-0.3635277463774414
17403.0,36,2,400.57,1,At-Risk / Low-Engagement Customers,-0.4372406568356825,-0.8819576706782459
17404.0,4,23,47781.12,0,High-Value Loyal Customers,3.875467821424786,0.20583810385182327
17405.0,1,3,1031.41,0,High-Value Loyal Customers,1.136713941197018,-2.1033212990069936
17406.0,333,13,4905.05,0,High-Value Loyal Customers,1.115055961602511,1.6446752680050991
17407.0,412,1,552.9,1,At-Risk / Low-Engagement Customers,-1.386834465641375,0.39655640927350105
17408.0,163,3,316.09000000000003,1,At-Risk / Low-Engagement Customers,-0.8021580152249648,-0.02611411157197069
17409.0,185,10,7793.51,0,High-Value Loyal Customers,1.321883707038108,1.3721033586215243
17410.0,16,5,1214.72,0,High-Value Loyal Customers,0.8249261531208507,-0.7256037030603891
17411.0,12,5,1425.38,0,High-Value Loyal Customers,0.9812207539234772,-0.8257311365410449
17412.0,3,16,4417.52,0,High-Value Loyal Customers,2.6487086422968993,-0.7561618366191811
17413.0,405,2,560.14,1,At-Risk / Low-Engagement Customers,-1.0664046844602262,0.5394296962941564
17414.0,44,6,2249.52,0,High-Value Loyal Customers,0.8956076864096544,0.05208292437127856
17415.0,80,1,507.84,1,At-Risk / Low-Engagement Customers,-0.8968935317491648,-0.5273358067478906
17416.0,30,22,17298.45,0,High-Value Loyal Customers,2.8108450893178607,0.8924811491611979
17417.0,549,1,164.18,1,At-Risk / Low-Engagement Customers,-2.0059406753756264,0.19236838499624165
17418.0,42,3,670.0600000000001,1,At-Risk / Low-Engagement Customers,-0.043012830502101536,-0.5400584493713045
17419.0,11,18,6500.52,0,High-Value Loyal Customers,2.5462727625389134,0.006119745862151681
17420.0,50,6,1084.43,0,High-Value Loyal Customers,0.5378548483679846,-0.09716114509329936
17421.0,386,3,1059.41,1,At-Risk / Low-Engagement Customers,-0.5545683270900983,0.8088124007251444
17422.0,16,11,3594.76,0,High-Value Loyal Customers,1.8254293562051185,-0.14727009551007703
17423.0,46,3,1118.95,1,At-Risk / Low-Engagement Customers,0.15107154735881245,-0.3376787893448504
17425.0,19,2,759.17,1,At-Risk / Low-Engagement Customers,0.03939266064216036,-1.0302390380829154
17426.0,8,13,8077.77,0,High-Value Loyal Customers,2.500906462137186,-0.19931578244024836
17427.0,72,1,100.8,1,At-Risk / Low-Engagement Customers,-1.5633978422884267,-1.0663784709575508
17428.0,1,45,31819.760000000002,0,High-Value Loyal Customers,4.49114240584828,-0.18310864830682827
17429.0,128,5,1357.46,1,At-Risk / Low-Engagement Customers,0.2177753699313515,0.4254219352326932
17430.0,33,4,735.17,0,High-Value Loyal Customers,0.24342499653098493,-0.5601882067323503
17431.0,313,1,403.3,1,At-Risk / Low-Engagement Customers,-1.4351808987665517,0.15115604786525338
17432.0,18,9,1751.39,0,High-Value Loyal Customers,1.3376561031587981,-0.36782138702162137
17433.0,88,2,569.96,1,At-Risk / Low-Engagement Customers,-0.5679877016405613,-0.2924908479289431
17434.0,2,7,2373.82,0,High-Value Loyal Customers,1.8966970169068456,-1.3766025544218607
17435.0,411,1,331.35,1,At-Risk / Low-Engagement Customers,-1.6082999535643063,0.24231428579012854
17436.0,2,5,534.06,0,High-Value Loyal Customers,1.028844495220137,-1.9280202663372705
17437.0,530,1,373.17,1,At-Risk / Low-Engagement Customers,-1.6387962248168453,0.4177457782958143
17438.0,254,5,1422.77,1,At-Risk / Low-Engagement Customers,0.01780765167258617,0.8153403061028536
17439.0,656,1,325.74,1,At-Risk / Low-Engagement Customers,-1.766637134448118,0.4946102014741796
17440.0,157,4,323.58,1,At-Risk / Low-Engagement Customers,-0.6097524686666767,0.0419955013514645
17441.0,732,1,293.35,1,At-Risk / Low-Engagement Customers,-1.8474626955900817,0.5237346568864357
17442.0,37,15,4620.3,0,High-Value Loyal Customers,1.893868170286029,0.4768048882143053
17443.0,220,1,534.24,1,At-Risk / Low-Engagement Customers,-1.1995118909065245,0.04141517682315965
17444.0,148,3,2940.04,1,At-Risk / Low-Engagement Customers,0.19798807358190845,0.5877250184907374
17446.0,177,2,120.9,1,At-Risk / Low-Engagement Customers,-1.4640223360455038,-0.3724045001175109
17447.0,40,2,541.53,1,At-Risk / Low-Engagement Customers,-0.3395353702903501,-0.7352756825870421
17448.0,497,46,14556.97,0,High-Value Loyal Customers,2.3828164548105617,2.633893521653009
17449.0,2,13,4951.15,0,High-Value Loyal Customers,2.643277805362109,-0.9517734435455425
17450.0,8,51,246973.09,0,High-Value Loyal Customers,4.98979594206327,1.3047698171730675
17451.0,1,7,1721.4,0,High-Value Loyal Customers,1.888077881288371,-1.6963924932972634
17453.0,18,2,486.71999999999997,1,At-Risk / Low-Engagement Customers,-0.13711752192504736,-1.1913807260215792
17454.0,192,10,1547.94,0,High-Value Loyal Customers,0.6068717752512579,0.9087808130258747
17455.0,204,1,131.7,1,At-Risk / Low-Engagement Customers,-1.7820131995359534,-0.41751246658538366
17456.0,365,2,1225.42,1,At-Risk / Low-Engagement Customers,-0.6926575246231146,0.7162763840314855
17457.0,127,14,5984.8099999999995,0,High-Value Loyal Customers,1.5644303301476432,1.2004675612720177
17458.0,15,2,529.58,1,At-Risk / Low-Engagement Customers,-0.044888192271746036,-1.2609529114417724
17459.0,43,2,657.3,1,At-Risk / Low-Engagement Customers,-0.27821808769479206,-0.6384268966470649
17460.0,94,16,2228.27,0,High-Value Loyal Customers,1.3265628822683206,0.7861617618621864
17461.0,23,3,757.46,1,At-Risk / Low-Engagement Customers,0.19886213777494574,-0.8250498867312575
17462.0,60,2,675.69,1,At-Risk / Low-Engagement Customers,-0.3718879046078526,-0.44999276556700574
17463.0,16,7,2557.91,0,High-Value Loyal Customers,1.3681674282465317,-0.3975146055256023
17464.0,158,3,1000.94,1,At-Risk / Low-Engagement Customers,-0.2915526791036601,0.3012091285963068
17465.0,426,7,2542.79,0,High-Value Loyal Customers,0.32300357843958893,1.3787081730509683
17466.0,10,2,763.28,0,High-Value Loyal Customers,0.23509459162421403,-1.3583686707802718
17467.0,395,1,102.6,1,At-Risk / Low-Engagement Customers,-2.1026697322650505,-0.12846655874240087
17468.0,10,3,194.8,1,At-Risk / Low-Engagement Customers,-0.13803183105638553,-1.6607294741110208
17469.0,16,17,5051.25,0,High-Value Loyal Customers,2.2826496568545944,0.10294577541988792
17470.0,45,11,2804.87,0,High-Value Loyal Customers,1.3955583113753391,0.3275189908656655
17471.0,475,1,321.65000000000003,1,At-Risk / Low-Engagement Customers,-1.6678888470401643,0.3130899076063656
17472.0,191,4,935.1,1,At-Risk / Low-Engagement Customers,-0.21192953813813034,0.46656019276166466
17473.0,409,2,607.0,1,At-Risk / Low-Engagement Customers,-1.0346782125938798,0.568846148988514
17474.0,600,1,1047.0,1,At-Risk / Low-Engagement Customers,-1.2307201488110846,0.7943530494275686
17475.0,79,1,194.37,1,At-Risk / Low-Engagement Customers,-1.309374733580786,-0.8207338405434725
17476.0,396,2,489.86,1,At-Risk / Low-Engagement Customers,-1.117376496388236,0.4870093782009631
17477.0,613,2,1144.3,1,At-Risk / Low-Engagement Customers,-0.8897609217732277,0.9811478897035825
17478.0,408,2,1272.8,1,At-Risk / Low-Engagement Customers,-0.7120914975130649,0.7888916181618895
17479.0,633,1,389.26000000000005,1,At-Risk / Low-Engagement Customers,-1.677816168469561,0.5281337690093791
17480.0,78,2,902.03,1,At-Risk / Low-Engagement Customers,-0.329971143767044,-0.22099908850757452
17481.0,4,4,1255.59,0,High-Value Loyal Customers,1.0960555685093079,-1.4574290087599975
17482.0,487,2,778.19,1,At-Risk / Low-Engagement Customers,-0.9830646526330548,0.739167058884394
17483.0,65,4,591.73,1,At-Risk / Low-Engagement Customers,-0.06539814065742926,-0.2592158543386882
17484.0,576,2,209.57,1,At-Risk / Low-Engagement Customers,-1.606554153237709,0.43989203800860416
17486.0,261,1,396.87,1,At-Risk / Low-Engagement Customers,-1.3836007210949168,0.046497628371380204
17487.0,728,1,160.55,1,At-Risk / Low-Engagement Customers,-2.1067361072379702,0.34112197256639165
17488.0,641,1,336.5,1,At-Risk / Low-Engagement Customers,-1.7450696639924683,0.4915705636123617
17489.0,59,2,376.64,1,At-Risk / Low-Engagement Customers,-0.6203262665688601,-0.6337102620942264
17490.0,1,9,2750.5,0,High-Value Loyal Customers,2.2620858186068005,-1.4744918054007365
17491.0,1,17,5981.07,0,High-Value Loyal Customers,3.0483053842560333,-1.0268623336711462
17492.0,248,3,1122.42,1,At-Risk / Low-Engagement Customers,-0.38683165176713724,0.582868317004808
17493.0,385,1,100.91000000000001,1,At-Risk / Low-Engagement Customers,-2.10155380683891,-0.14749718879193732
17494.0,502,1,54.699999999999996,1,At-Risk / Low-Engagement Customers,-2.4500327234839916,-0.18230816032050104
17495.0,8,3,806.72,0,High-Value Loyal Customers,0.5434665715734582,-1.3472008170329395
17496.0,359,4,1412.89,1,At-Risk / Low-Engagement Customers,-0.23581017013659145,0.936720349481946
17497.0,390,2,287.25,1,At-Risk / Low-Engagement Customers,-1.3440707823972833,0.3192582895151816
17498.0,76,1,272.22,1,At-Risk / Low-Engagement Customers,-1.1510866633040189,-0.7414196158640939
17499.0,290,2,1341.39,1,At-Risk / Low-Engagement Customers,-0.579180086539746,0.6168444846927892
17500.0,17,3,1138.0,0,High-Value Loyal Customers,0.4688263858840449,-0.8620050158831818
17501.0,221,2,288.6,1,At-Risk / Low-Engagement Customers,-1.1589691024615503,0.008456652890785909
17502.0,9,4,689.1,0,High-Value Loyal Customers,0.6111068557612145,-1.2545205152354306
17503.0,3,2,558.96,0,High-Value Loyal Customers,0.4269246966522714,-2.0094460398000296
17504.0,206,18,9565.12,0,High-Value Loyal Customers,1.7932512291586538,1.692467928476012
17505.0,162,5,2435.48,0,High-Value Loyal Customers,0.3963032383415165,0.7293321628088101
17506.0,76,1,302.2,1,At-Risk / Low-Engagement Customers,-1.1057855946661128,-0.7102530281501866
17507.0,262,2,605.58,1,At-Risk / Low-Engagement Customers,-0.8920936197433951,0.32325126144180977
17508.0,281,8,4579.23,0,High-Value Loyal Customers,0.8029017475070102,1.3690349417797043
17509.0,58,8,6115.14,0,High-Value Loyal Customers,1.434683378309189,0.5927549060845269
17510.0,25,2,514.56,1,At-Risk / Low-Engagement Customers,-0.2144087792453078,-1.0017619540892078
17511.0,3,60,175603.55,0,High-Value Loyal Customers,5.225430425179135,0.8138304839696492
17512.0,29,18,5467.820000000001,0,High-Value Loyal Customers,2.1746594549193907,0.4597312935157821
17513.0,72,3,1158.8,1,At-Risk / Low-Engagement Customers,0.023876223792725575,-0.08435360138135513
17514.0,128,2,542.83,1,At-Risk / Low-Engagement Customers,-0.7092175019043674,-0.10233745286489718
17515.0,31,9,1617.46,0,High-Value Loyal Customers,1.1344621159029566,-0.10409389718505649
17516.0,15,6,957.55,0,High-Value Loyal Customers,0.8586939765379733,-0.7737630825357144
17517.0,309,1,153.94,1,At-Risk / Low-Engagement Customers,-1.8483516688990778,-0.1430246124951117
17518.0,426,2,329.42,1,At-Risk / Low-Engagement Customers,-1.3131493240016496,0.4087095889434804
17519.0,17,15,5109.47,0,High-Value Loyal Customers,2.1793146434649304,0.09478922419312819
17520.0,54,1,546.81,1,At-Risk / Low-Engagement Customers,-0.739581811683525,-0.7187637275840456
17521.0,30,5,1278.06,0,High-Value Loyal Customers,0.6527190115830883,-0.3790365918918624
17522.0,2,5,1070.71,0,High-Value Loyal Customers,1.3310821134937483,-1.7200844378105922
17523.0,11,4,652.74,0,High-Value Loyal Customers,0.5285885714938381,-1.1701616849270753
17524.0,361,3,539.14,1,At-Risk / Low-Engagement Customers,-0.8264838596703151,0.570044753357158
17525.0,360,3,1161.9,1,At-Risk / Low-Engagement Customers,-0.4919318224651137,0.7980712261068783
17526.0,5,12,4166.04,0,High-Value Loyal Customers,2.287467691573964,-0.648258428381279
17527.0,54,4,939.37,1,At-Risk / Low-Engagement Customers,0.19438513076322728,-0.22161851591122472
17528.0,1,8,3628.5,0,High-Value Loyal Customers,2.302228413819426,-1.430153768156757
17529.0,610,2,1240.25,1,At-Risk / Low-Engagement Customers,-0.8531716065047373,1.002529504990728
17530.0,1,12,3141.51,0,High-Value Loyal Customers,2.5200073965603376,-1.3386813463700262
17531.0,190,3,1266.82,1,At-Risk / Low-Engagement Customers,-0.24845239903348854,0.4728029865066325
17532.0,386,1,65.34,1,At-Risk / Low-Engagement Customers,-2.2891797827143856,-0.27457881213620394
17533.0,435,1,34.8,1,At-Risk / Low-Engagement Customers,-2.596130025790441,-0.3934736401059599
17534.0,54,5,1668.83,0,High-Value Loyal Customers,0.5832815907587227,0.01700363112763036
17535.0,280,1,164.4,1,At-Risk / Low-Engagement Customers,-1.7881606873463103,-0.17764167623768237
17536.0,177,3,364.83,1,At-Risk / Low-Engagement Customers,-0.7664394880069281,0.0618697342082232
17537.0,30,2,897.62,1,At-Risk / Low-Engagement Customers,-0.02954928306337413,-0.73842842862587
17538.0,26,1,98.42,1,At-Risk / Low-Engagement Customers,-1.2520046216299037,-1.6220553692543769
17539.0,618,4,1226.57,1,At-Risk / Low-Engagement Customers,-0.4725910996137259,1.1933671070120608
17540.0,25,6,1590.6000000000001,0,High-Value Loyal Customers,0.9222983291526454,-0.3541849842957848
17541.0,510,1,124.46,1,At-Risk / Low-Engagement Customers,-2.1018281813488215,0.0694667982035977
17542.0,270,3,341.7,1,At-Risk / Low-Engagement Customers,-0.930804809243682,0.2741590665304769
17543.0,550,1,120.05,1,At-Risk / Low-Engagement Customers,-2.141772705425004,0.10032371970610375
17544.0,390,3,960.69,1,At-Risk / Low-Engagement Customers,-0.600411959949251,0.785232237360134
17545.0,43,6,1448.54,0,High-Value Loyal Customers,0.711466872862105,-0.09199938765777733
17547.0,376,2,727.85,1,At-Risk / Low-Engagement Customers,-0.9286574620181017,0.576833051526389
17548.0,234,4,731.26,1,At-Risk / Low-Engagement Customers,-0.3841465832828449,0.5045097114842325
17549.0,24,2,148.86,1,At-Risk / Low-Engagement Customers,-0.7393183802343717,-1.3932531575269647
17550.0,197,9,2547.64,0,High-Value Loyal Customers,0.7425833276190307,1.0370725510258103
17551.0,359,1,306.84,1,At-Risk / Low-Engagement Customers,-1.597996295813636,0.14496551520615766
17552.0,60,12,3085.29,0,High-Value Loyal Customers,1.4067725146333216,0.5410005456760076
17553.0,130,4,3757.6,0,High-Value Loyal Customers,0.5165456053321432,0.6718152321707797
17554.0,1,5,1952.45,0,High-Value Loyal Customers,1.723431350050487,-1.7640129827354647
17555.0,20,5,1057.74,0,High-Value Loyal Customers,0.6964271200291644,-0.6504405679078077
17556.0,206,2,300.67,1,At-Risk / Low-Engagement Customers,-1.1185760532088551,-0.017906555673526094
17557.0,14,4,575.46,0,High-Value Loyal Customers,0.40168042064810944,-1.0847432937233523
17558.0,393,1,259.17,1,At-Risk / Low-Engagement Customers,-1.7003885994401946,0.14437862727573433
17559.0,513,1,167.62,1,At-Risk / Low-Engagement Customers,-1.9750780511403205,0.1612005348507149
17560.0,95,8,1895.8,0,High-Value Loyal Customers,0.7678318389242498,0.5107967447937042
17561.0,19,4,722.34,0,High-Value Loyal Customers,0.40739388043743807,-0.8581252333796484
17562.0,14,7,1122.38,0,High-Value Loyal Customers,1.0504530459270234,-0.7129838199688645
17563.0,578,2,392.38,1,At-Risk / Low-Engagement Customers,-1.3357511276468967,0.628879706787733
17564.0,24,3,454.01,1,At-Risk / Low-Engagement Customers,-0.03666649094514745,-0.9554914840852455
17565.0,587,1,131.83,1,At-Risk / Low-Engagement Customers,-2.122386203972169,0.16397013597439583
17566.0,8,2,901.21,0,High-Value Loyal Customers,0.3721862040073511,-1.4193853056883747
17567.0,7,9,5356.03,0,High-Value Loyal Customers,2.1036171233117837,-0.5104216589054255
17568.0,633,1,382.79,1,At-Risk / Low-Engagement Customers,-1.6850900994354154,0.523129392417642
17569.0,332,1,344.14,1,At-Risk / Low-Engagement Customers,-1.5230186253011617,0.1362012287722737
17570.0,382,1,100.0,1,At-Risk / Low-Engagement Customers,-2.102933012601517,-0.15448568693627496
17571.0,50,5,1703.75,0,High-Value Loyal Customers,0.616707875716946,-0.018447936843814922
17572.0,71,10,723.01,0,High-Value Loyal Customers,0.5948709691254304,0.13726861388943062
17573.0,29,3,380.6,1,At-Risk / Low-Engagement Customers,-0.17218908544577582,-0.907598978606974
17574.0,243,1,185.65,1,At-Risk / Low-Engagement Customers,-1.6899069545359573,-0.21933307877737493
17575.0,667,1,171.7,1,At-Risk / Low-Engagement Customers,-2.0494339283075433,0.31290227316191505
17576.0,8,41,9056.81,0,High-Value Loyal Customers,3.388595150547334,0.23705663254140125
17577.0,645,2,348.75,1,At-Risk / Low-Engagement Customers,-1.4223150724339995,0.6540835815616363
17578.0,218,7,1047.33,1,At-Risk / Low-Engagement Customers,0.15325734073909747,0.7450659638357321
17579.0,5,4,753.28,0,High-Value Loyal Customers,0.8150135594713095,-1.5096521017349689
17580.0,253,5,545.27,1,At-Risk / Low-Engagement Customers,-0.39773017843528924,0.526413748362503
17581.0,1,43,18757.75,0,High-Value Loyal Customers,4.227303953303601,-0.3575719454612719
17582.0,236,5,1450.7,1,At-Risk / Low-Engagement Customers,0.04993628652589911,0.7807795524295119
17583.0,560,1,135.95,1,At-Risk / Low-Engagement Customers,-2.0938926328622074,0.14718720404490082
17584.0,7,6,5309.42,0,High-Value Loyal Customers,1.8277767606820539,-0.6435931861869707
17585.0,109,7,2093.3,0,High-Value Loyal Customers,0.6770670023735161,0.5724198734954052
17586.0,619,1,167.4,1,At-Risk / Low-Engagement Customers,-2.036287182658224,0.26422537223064607
17587.0,628,1,181.66,1,At-Risk / Low-Engagement Customers,-2.005581094645806,0.2965065756556677
17588.0,100,7,2939.55,0,High-Value Loyal Customers,0.852339216722005,0.6269301821416041
17589.0,60,18,14049.87,0,High-Value Loyal Customers,2.3557060582998433,1.1336314214391232
17590.0,2,3,1479.22,0,High-Value Loyal Customers,1.1623421351552041,-1.7718293335654451
17591.0,73,8,2776.67,0,High-Value Loyal Customers,1.0179822269920693,0.4814187583315826
17592.0,739,1,148.3,1,At-Risk / Low-Engagement Customers,-2.145890923912947,0.325776818661554
17593.0,4,11,8095.8,0,High-Value Loyal Customers,2.5744100648274983,-0.5792734040114109
17594.0,85,4,2497.88,0,High-Value Loyal Customers,0.47504782718975563,0.31749611592251364
17595.0,12,2,388.79,1,At-Risk / Low-Engagement Customers,-0.11190233598268888,-1.4677861068203468
17596.0,23,13,4920.67,0,High-Value Loyal Customers,1.9680468651447067,0.19331787083695298
17597.0,214,5,3484.09,0,High-Value Loyal Customers,0.4624917903982409,0.9892008091043772
17598.0,381,1,409.98,1,At-Risk / Low-Engagement Customers,-1.491451026907778,0.2641828043042296
17599.0,478,1,52.05,1,At-Risk / Low-Engagement Customers,-2.4554298863278197,-0.22386549982001255
17600.0,18,1,161.67000000000002,1,At-Risk / Low-Engagement Customers,-0.9241209003588431,-1.6684833687070106
17601.0,239,2,421.48,1,At-Risk / Low-Engagement Customers,-1.0198702829651343,0.16450297712111597
17602.0,2,14,7451.13,0,High-Value Loyal Customers,2.8737168335007235,-0.8041831515385445
17603.0,78,4,1793.48,0,High-Value Loyal Customers,0.3584314088200655,0.17154696078415013
17604.0,217,6,945.9300000000001,1,At-Risk / Low-Engagement Customers,0.008629811569746954,0.663212347567786
17605.0,590,1,160.75,1,At-Risk / Low-Engagement Customers,-2.038324419582552,0.22574294505284245
17606.0,737,1,87.30000000000001,1,At-Risk / Low-Engagement Customers,-2.3735402751370245,0.1670618917117047
17607.0,376,1,333.81,1,At-Risk / Low-Engagement Customers,-1.5763781099130763,0.19555524407979663
17608.0,33,4,498.53,1,At-Risk / Low-Engagement Customers,0.07469424994968162,-0.6762729210995283
17609.0,41,11,1894.34,0,High-Value Loyal Customers,1.2542826256003559,0.15990412039845386
17610.0,540,5,1529.49,1,At-Risk / Low-Engagement Customers,-0.19400954853241242,1.2518369775334315
17611.0,7,28,8371.98,0,High-Value Loyal Customers,3.109996084759548,0.01298831014225756
17612.0,53,18,5394.86,0,High-Value Loyal Customers,1.9787103589603632,0.779911174046528
17613.0,23,14,4559.150000000001,0,High-Value Loyal Customers,1.9874729557529538,0.1957338121266163
17614.0,57,1,390.07,1,At-Risk / Low-Engagement Customers,-0.9034074292574497,-0.7903628271249247
17615.0,130,6,733.2,1,At-Risk / Low-Engagement Customers,0.06264008408844417,0.30613652377505285
17616.0,174,4,1060.8,1,At-Risk / Low-Engagement Customers,-0.12712237984774793,0.45314253984622077
17617.0,559,1,395.33,1,At-Risk / Low-Engagement Customers,-1.6309597022699582,0.4642984226387032
17618.0,6,11,4073.2400000000002,0,High-Value Loyal Customers,2.166763062450942,-0.5992751386376177
17619.0,312,1,218.52,1,At-Risk / Low-Engagement Customers,-1.6998737109893371,-0.03341854615154614
17620.0,60,1,81.44,1,At-Risk / Low-Engagement Customers,-1.5970959754529783,-1.228574940487038
17621.0,21,6,3175.12,0,High-Value Loyal Customers,1.2769506828476858,-0.2395007076305942
17622.0,598,2,1130.21,1,At-Risk / Low-Engagement Customers,-0.8871475843984155,0.9638004016632258
17623.0,33,7,2383.67,0,High-Value Loyal Customers,1.1133020202134332,-0.03631157914524231
17624.0,15,4,1568.63,0,High-Value Loyal Customers,0.8166467351041647,-0.7492938807742145
17625.0,18,8,6067.8,0,High-Value Loyal Customers,1.797775545792922,-0.034544354594207044
17626.0,603,1,254.0,1,At-Risk / Low-Engagement Customers,-1.847296849304051,0.37401005075278554
17627.0,479,1,296.36,1,At-Risk / Low-Engagement Customers,-1.7061106103532802,0.29327144253465304
17628.0,81,1,75.75,1,At-Risk / Low-Engagement Customers,-1.7238974926985366,-1.0868065746433249
17629.0,6,10,2455.52,0,High-Value Loyal Customers,1.880262737341093,-0.7825754393612726
17630.0,170,2,503.59999999999997,1,At-Risk / Low-Engagement Customers,-0.8329519598488988,0.03070843963213068
17631.0,2,7,998.49,0,High-Value Loyal Customers,1.5201435626992432,-1.6356667798895113
17633.0,31,7,2057.39,0,High-Value Loyal Customers,1.0688897339722052,-0.11379465072873045
17634.0,36,9,2361.9700000000003,0,High-Value Loyal Customers,1.252169405834455,0.08926894328388074
17635.0,424,3,1265.58,1,At-Risk / Low-Engagement Customers,-0.5075590538991401,0.9136574664387244
17636.0,19,1,285.56,1,At-Risk / Low-Engagement Customers,-0.6943435841493683,-1.4706945366093458
17637.0,31,2,547.0600000000001,1,At-Risk / Low-Engagement Customers,-0.2549662439492439,-0.8689367251890014
17638.0,647,2,842.4,1,At-Risk / Low-Engagement Customers,-1.0403257757241657,0.9192804133775907
17639.0,276,6,615.17,1,At-Risk / Low-Engagement Customers,-0.2558033687667747,0.6666936583385599
17640.0,87,6,3168.94,0,High-Value Loyal Customers,0.8277401525143584,0.5245425702658241
17642.0,120,5,1824.49,0,High-Value Loyal Customers,0.3670537055128108,0.4785659570562594
17643.0,373,2,541.25,1,At-Risk / Low-Engagement Customers,-1.0547517079671278,0.4838973536190678
17644.0,1,20,6028.6,0,High-Value Loyal Customers,3.169320436860428,-0.9680687185194676
17646.0,219,12,4149.79,0,High-Value Loyal Customers,1.1208312580257478,1.3372229427730256
17647.0,65,3,331.65999999999997,1,At-Risk / Low-Engagement Customers,-0.4869153741078554,-0.5138023637764073
17648.0,61,5,2216.37,0,High-Value Loyal Customers,0.6679305082487019,0.16797608077021195
17649.0,138,3,1578.89,1,At-Risk / Low-Engagement Customers,-0.049920354572356815,0.3633902449823215
17650.0,21,1,166.08,1,At-Risk / Low-Engagement Customers,-0.9598975444085348,-1.5796153009369809
17651.0,12,16,5703.52,0,High-Value Loyal Customers,2.378650699363263,-0.02959201826972806
17652.0,25,12,4867.72,0,High-Value Loyal Customers,1.8809299624865605,0.20710221565140435
17653.0,37,4,1207.56,0,High-Value Loyal Customers,0.42314353568433444,-0.3504471297533302
17654.0,277,1,117.55,1,At-Risk / Low-Engagement Customers,-1.9295929642417444,-0.2832539418497595
17655.0,11,9,3652.48,0,High-Value Loyal Customers,1.8059518775607522,-0.40135167265747507
17656.0,73,5,1674.69,0,High-Value Loyal Customers,0.48883515114295134,0.18171813537167636
17657.0,430,1,126.0,1,At-Risk / Low-Engagement Customers,-2.0414529299577473,-0.02079079240847904
17658.0,26,2,595.42,1,At-Risk / Low-Engagement Customers,-0.16322393883851358,-0.93733358845313
17659.0,17,14,3834.79,0,High-Value Loyal Customers,2.0052522422427423,-0.014721522710519566
17660.0,141,2,359.47,1,At-Risk / Low-Engagement Customers,-0.9191983285359879,-0.17247925820567744
17662.0,662,2,412.92,1,At-Risk / Low-Engagement Customers,-1.3574210329122722,0.7188368502074394
17663.0,26,17,5175.83,0,High-Value Loyal Customers,2.1436241725021237,0.36540285345158796
17664.0,19,4,1166.23,0,High-Value Loyal Customers,0.6155955485013946,-0.7148850020781855
17665.0,493,1,563.1,1,At-Risk / Low-Engagement Customers,-1.4368165664105301,0.5007966690652209
17666.0,4,5,2047.8,0,High-Value Loyal Customers,1.4478153459595142,-1.244356450478146
17667.0,66,9,3950.7,0,High-Value Loyal Customers,1.2838698697325048,0.5707041583015146
17668.0,1,2,347.75,0,High-Value Loyal Customers,0.4450797959188107,-2.53350289772965
17669.0,43,10,6142.35,0,High-Value Loyal Customers,1.684543726385881,0.5057369616288364
17670.0,228,1,205.7,1,At-Risk / Low-Engagement Customers,-1.6249916678493728,-0.22378422921288169
17671.0,16,5,2403.34,0,High-Value Loyal Customers,1.1216410094223086,-0.5214674680224196
17672.0,50,7,5778.63,0,High-Value Loyal Customers,1.3673532617980173,0.45233268234102103
17673.0,2,13,4233.58,0,High-Value Loyal Customers,2.5751675229234645,-0.9986324946820705
17674.0,74,2,851.7,1,At-Risk / Low-Engagement Customers,-0.33811841506150236,-0.26682500584990076
17675.0,1,70,38259.6,0,High-Value Loyal Customers,4.90237666127491,0.03093486561780858
17676.0,4,10,2765.84,0,High-Value Loyal Customers,2.0408466017427926,-0.9325501576552825
17677.0,2,54,36692.91,0,High-Value Loyal Customers,4.558292781204665,0.14859219282612185
17678.0,264,2,599.76,1,At-Risk / Low-Engagement Customers,-0.8987387152130454,0.32454374257598245
17679.0,53,7,3577.61,0,High-Value Loyal Customers,1.140292699607799,0.3403626130719864
17680.0,24,3,497.45,1,At-Risk / Low-Engagement Customers,0.0030080489799451907,-0.9281958801234961
17681.0,597,5,731.2,1,At-Risk / Low-Engagement Customers,-0.5472057236391443,1.0863824318878166
17682.0,10,11,4456.78,0,High-Value Loyal Customers,2.0597244185464545,-0.32304641051276245
17683.0,386,3,819.01,1,At-Risk / Low-Engagement Customers,-0.666431301908958,0.731852026026316
17684.0,44,1,239.41,1,At-Risk / Low-Engagement Customers,-1.0330244999338019,-1.075982757887942
17685.0,17,12,5943.17,0,High-Value Loyal Customers,2.086699702406115,0.06402304609747593
17686.0,7,9,8296.81,0,High-Value Loyal Customers,2.294011078670476,-0.3794329187210676
17687.0,421,1,432.68,1,At-Risk / Low-Engagement Customers,-1.5002670034198662,0.33520346984625343
17688.0,394,1,304.2,1,At-Risk / Low-Engagement Customers,-1.6317517836290616,0.19356209332296312
17689.0,388,2,317.08,1,At-Risk / Low-Engagement Customers,-1.2995653507115887,0.3459078686586772
17690.0,30,20,7448.1,0,High-Value Loyal Customers,2.3748491929822824,0.6069582067501071
17691.0,358,4,780.0500000000001,1,At-Risk / Low-Engagement Customers,-0.4931281490445774,0.7575354918993209
17692.0,127,12,2975.8,0,High-Value Loyal Customers,1.1513472167322467,0.938981072357133
17693.0,137,1,200.47,1,At-Risk / Low-Engagement Customers,-1.472337700890415,-0.5108042015042442
17694.0,142,3,1695.97,1,At-Risk / Low-Engagement Customers,-0.02799092646399364,0.4004384510642502
17695.0,132,5,1746.04,0,High-Value Loyal Customers,0.3173588388502733,0.517571848266259
17696.0,38,27,7679.59,0,High-Value Loyal Customers,2.5333313205050354,0.848045312373045
17697.0,236,1,338.95,1,At-Risk / Low-Engagement Customers,-1.4196198117652707,-0.05591060809746956
17698.0,261,1,154.95,1,At-Risk / Low-Engagement Customers,-1.7911154010108106,-0.23386754618602545
17699.0,477,2,442.0,1,At-Risk / Low-Engagement Customers,-1.222065407159516,0.5587104749397837
17700.0,17,14,6679.97,0,High-Value Loyal Customers,2.2466865350145815,0.15138235274027598
17701.0,253,1,417.95,1,At-Risk / Low-Engagement Customers,-1.3511083858931252,0.04484773819994335
17702.0,30,6,3144.04,0,High-Value Loyal Customers,1.161754872517283,-0.053289350230968334
17703.0,35,4,1094.84,0,High-Value Loyal Customers,0.39802986252639033,-0.4095770742202026
17704.0,169,2,885.19,1,At-Risk / Low-Engagement Customers,-0.5860191306035586,0.19605520409424798
17705.0,3,11,2083.9,0,High-Value Loyal Customers,2.0562529251316475,-1.1084889188449865
17706.0,4,31,20749.98,0,High-Value Loyal Customers,3.73198203525014,0.06146728299913731
17707.0,185,8,609.3000000000001,1,At-Risk / Low-Engagement Customers,0.06052167074439796,0.5361473963073502
17708.0,188,4,887.9300000000001,1,At-Risk / Low-Engagement Customers,-0.22933269093927072,0.4423966372038169
17709.0,170,5,671.01,1,At-Risk / Low-Engagement Customers,-0.1796239048532329,0.3701897412582907
17710.0,424,1,293.5,1,At-Risk / Low-Engagement Customers,-1.67095578516673,0.22325508023039067
17711.0,11,2,385.1,1,At-Risk / Low-Engagement Customers,-0.09015307322227563,-1.514781871525682
17712.0,45,1,522.91,1,At-Risk / Low-Engagement Customers,-0.7011977234882795,-0.8306766415968899
17713.0,382,4,1198.09,1,At-Risk / Low-Engagement Customers,-0.3275375825868843,0.9215521546737819
17714.0,321,5,1410.18,1,At-Risk / Low-Engagement Customers,-0.06150828246850052,0.9413541234630673
17715.0,201,2,489.59999999999997,1,At-Risk / Low-Engagement Customers,-0.8990785048619497,0.11417814235755132
17716.0,23,24,15956.97,0,High-Value Loyal Customers,2.922096086978685,0.7576766436984049
17717.0,421,1,376.92,1,At-Risk / Low-Engagement Customers,-1.5601480309229911,0.29400604664654106
17718.0,232,2,439.18,1,At-Risk / Low-Engagement Customers,-0.9924393278583769,0.16046218284773753
17719.0,38,15,5396.04,0,High-Value Loyal Customers,1.9529842363775929,0.5375829809727756
17720.0,26,10,2768.91,0,High-Value Loyal Customers,1.4959045118593954,-0.00206581447002135
17721.0,659,1,307.21000000000004,1,At-Risk / Low-Engagement Customers,-1.793513486107382,0.4796461363844412
17722.0,96,5,4430.36,0,High-Value Loyal Customers,0.8244326433673854,0.6221051501700264
17723.0,127,7,3378.4000000000005,0,High-Value Loyal Customers,0.8362402759267353,0.7992400275433874
17724.0,71,3,1033.0,1,At-Risk / Low-Engagement Customers,-0.021618254543793673,-0.12633030737609927
17725.0,16,11,3439.08,0,High-Value Loyal Customers,1.8061713397433252,-0.16051937808329475
17726.0,395,7,1092.06,1,At-Risk / Low-Engagement Customers,-0.020141542632930526,1.084286658108433
17727.0,15,1,1060.25,1,At-Risk / Low-Engagement Customers,-0.05251029731490547,-1.2018506576409298
17728.0,4,5,4238.76,0,High-Value Loyal Customers,1.7642463046283001,-1.0266557753003798
17729.0,596,1,438.65000000000003,1,At-Risk / Low-Engagement Customers,-1.6065184009560394,0.5306392648167516
17730.0,3,20,7773.8,0,High-Value Loyal Customers,3.055745584124302,-0.5096594977332426
17731.0,79,6,1708.99,0,High-Value Loyal Customers,0.5900083314790683,0.2872087997776753
17732.0,373,8,2470.39,0,High-Value Loyal Customers,0.44313704383411173,1.3400800373323665
17733.0,39,2,692.19,1,At-Risk / Low-Engagement Customers,-0.22492205767177623,-0.6755370229713543
17734.0,54,6,1442.32,0,High-Value Loyal Customers,0.6374254761053286,0.02979069141125619
17735.0,2,26,17244.93,0,High-Value Loyal Customers,3.687111226577528,-0.33785772697390315
17736.0,9,3,377.44,1,At-Risk / Low-Engagement Customers,0.17951218840709127,-1.5160401774029701
17737.0,9,2,168.24,1,At-Risk / Low-Engagement Customers,-0.3900506692723695,-1.8622382056119617
17738.0,19,13,4183.56,0,High-Value Loyal Customers,1.9564201745704999,0.04418843567428751
17739.0,12,18,7730.59,0,High-Value Loyal Customers,2.595779211906492,0.102138579314605
17740.0,389,6,426.9,1,At-Risk / Low-Engagement Customers,-0.5251104274088713,0.7462470679011899
17741.0,407,2,101.1,1,At-Risk / Low-Engagement Customers,-1.8094201562686865,0.0320478438385901
17742.0,113,11,2098.48,0,High-Value Loyal Customers,0.9758403296260947,0.7412745878076868
17743.0,448,1,229.2,1,At-Risk / Low-Engagement Customers,-1.795902323701309,0.17981614607421637
17744.0,4,7,2649.14,0,High-Value Loyal Customers,1.7792099263635603,-1.0620153185314918
17745.0,478,2,600.34,1,At-Risk / Low-Engagement Customers,-1.0897773533030688,0.6513407676670367
17746.0,240,4,904.1800000000001,1,At-Risk / Low-Engagement Customers,-0.30005919349769916,0.5818763285473405
17747.0,113,1,71.4,1,At-Risk / Low-Engagement Customers,-1.8558465957440322,-0.9225446149444416
17748.0,527,1,358.15,1,At-Risk / Low-Engagement Customers,-1.654790069124296,0.40235650548384616
17749.0,178,3,1026.18,1,At-Risk / Low-Engagement Customers,-0.31904766563945114,0.37400646227900275
17750.0,5,9,1797.57,0,High-Value Loyal Customers,1.7217798248665332,-0.9958083744095594
17751.0,421,1,157.85999999999999,1,At-Risk / Low-Engagement Customers,-1.9372355529319478,0.034574388986305264
17752.0,359,1,80.64,1,At-Risk / Low-Engagement Customers,-2.175493753496433,-0.2523457560420631
17753.0,464,4,390.56,1,At-Risk / Low-Engagement Customers,-0.8772431996368021,0.6935335984748993
17754.0,1,13,4577.53,0,High-Value Loyal Customers,2.740284317738519,-1.1988942131926443
17756.0,376,3,733.7,1,At-Risk / Low-Engagement Customers,-0.7057622969002721,0.6845278970806737
17757.0,1,56,9422.45,0,High-Value Loyal Customers,4.125187457772669,-0.4689074719685374
17758.0,19,12,5012.53,0,High-Value Loyal Customers,1.978537849898708,0.07116585531083598
17759.0,17,5,1276.91,0,High-Value Loyal Customers,0.8281467883482049,-0.6791430916859903
17760.0,22,6,918.93,0,High-Value Loyal Customers,0.7234277377470119,-0.58590884158632
17761.0,33,1,712.78,1,At-Risk / Low-Engagement Customers,-0.46887409136018426,-0.9048286135498753
17762.0,456,1,129.75,1,At-Risk / Low-Engagement Customers,-2.0477361273655963,0.020228072603927994
17763.0,263,4,86.15,1,At-Risk / Low-Engagement Customers,-1.3479040727095113,-0.06846974161182895
17764.0,51,5,1623.64,0,High-Value Loyal Customers,0.5894850133898145,-0.022145897903092383
17765.0,159,4,530.8,1,At-Risk / Low-Engagement Customers,-0.39899414630273417,0.19673159064047147
17766.0,381,2,299.61,1,At-Risk / Low-Engagement Customers,-1.3182710599270442,0.3189823585831814
17767.0,15,2,413.05,1,At-Risk / Low-Engagement Customers,-0.15278720591936595,-1.335186128763245
17768.0,8,7,3509.51,0,High-Value Loyal Customers,1.711433865066645,-0.6536539392532357
17769.0,13,17,7103.08,0,High-Value Loyal Customers,2.4937438536024175,0.09788487063553905
17770.0,199,5,1143.27,1,At-Risk / Low-Engagement Customers,0.001294268954450022,0.6159209303890875
17771.0,57,4,387.41,1,At-Risk / Low-Engagement Customers,-0.20751673578130264,-0.4570111973529869
17772.0,11,3,384.77,1,At-Risk / Low-Engagement Customers,0.1288916894487594,-1.4097360563188062
17773.0,514,2,585.27,1,At-Risk / Low-Engagement Customers,-1.1242577970164427,0.6837129345820367
17774.0,97,9,3328.05,0,High-Value Loyal Customers,1.086276671226938,0.7291233819630788
17775.0,255,1,56.4,1,At-Risk / Low-Engagement Customers,-2.21850589793138,-0.5458400654205013
17776.0,387,2,338.56,1,At-Risk / Low-Engagement Customers,-1.270299742194257,0.3640497835401105
17777.0,25,3,665.86,1,At-Risk / Low-Engagement Customers,0.11697197675356659,-0.8194303331662298
17778.0,662,1,197.70000000000002,1,At-Risk / Low-Engagement Customers,-1.9859848143319052,0.35073873536588535
17779.0,21,3,658.57,1,At-Risk / Low-Engagement Customers,0.16621886467215372,-0.9148613258230501
17780.0,667,3,352.91,1,At-Risk / Low-Engagement Customers,-1.208584668320009,0.7813958974401349
17781.0,159,2,188.02,1,At-Risk / Low-Engagement Customers,-1.23868255042441,-0.2998972960653763
17782.0,383,2,679.02,1,At-Risk / Low-Engagement Customers,-0.9647803000707733,0.5662219011640032
17783.0,72,3,379.91,1,At-Risk / Low-Engagement Customers,-0.4605866626980162,-0.4176582120657958
17784.0,550,1,112.86,1,At-Risk / Low-Engagement Customers,-2.1684159341758824,0.08199350033571311
17785.0,53,3,403.38,1,At-Risk / Low-Engagement Customers,-0.3370660613955722,-0.5660418550476957
17786.0,85,2,278.74,1,At-Risk / Low-Engagement Customers,-0.8673269250972491,-0.5249749028510299
17787.0,153,4,2601.4700000000003,0,High-Value Loyal Customers,0.3042915953235938,0.6509976263634057
17788.0,74,2,1117.9,1,At-Risk / Low-Engagement Customers,-0.21990326648432398,-0.1854944123777572
17789.0,281,2,397.15,1,At-Risk / Low-Engagement Customers,-1.097836023663687,0.2356970015757483
17790.0,27,20,2783.61,0,High-Value Loyal Customers,1.9796316294128116,0.25626594230717603
17791.0,30,1,106.1,1,At-Risk / Low-Engagement Customers,-1.2643099764392598,-1.5235826923940152
17792.0,467,2,370.05,1,At-Risk / Low-Engagement Customers,-1.2923422938248346,0.4939950116793687
17793.0,25,1,323.04,1,At-Risk / Low-Engagement Customers,-0.7257162557457403,-1.2891891483067173
17794.0,687,2,147.3,1,At-Risk / Low-Engagement Customers,-1.8159991811622656,0.431992091041599
17795.0,180,2,350.39,1,At-Risk / Low-Engagement Customers,-1.0087844109213133,-0.04626883528584684
17796.0,40,7,1361.99,0,High-Value Loyal Customers,0.8093641619014157,-0.1005015282641994
17797.0,22,8,1985.87,0,High-Value Loyal Customers,1.2501453000791023,-0.26341641611148026
17798.0,582,1,183.09,1,At-Risk / Low-Engagement Customers,-1.9776257748851718,0.25695315255277473
17799.0,22,20,6341.89,0,High-Value Loyal Customers,2.4014425900120786,0.39419842224102164
17800.0,37,9,1199.01,0,High-Value Loyal Customers,0.9487218572805468,-0.09885610072199301
17801.0,451,3,798.3299999999999,1,At-Risk / Low-Engagement Customers,-0.7277592798378864,0.809839932758456
17802.0,82,10,5053.12,0,High-Value Loyal Customers,1.3943635097731788,0.797363422339908
17803.0,392,1,184.66,1,At-Risk / Low-Engagement Customers,-1.8463789402619197,0.041971884465474195
17804.0,376,3,385.23,1,At-Risk / Low-Engagement Customers,-0.9855473423398877,0.4920391673018618
17805.0,74,2,927.03,1,At-Risk / Low-Engagement Customers,-0.3012840702343177,-0.2414834217888979
17806.0,11,1,546.04,1,At-Risk / Low-Engagement Customers,-0.2478021012056129,-1.5588963274814416
17807.0,395,3,437.87,1,At-Risk / Low-Engagement Customers,-0.9458564482025628,0.5574064953564027
17808.0,549,4,262.64,1,At-Risk / Low-Engagement Customers,-1.1036476841342233,0.6677223010513362
17809.0,16,20,11337.39,0,High-Value Loyal Customers,2.7519428124022833,0.4013505161054285
17810.0,669,2,374.81,1,At-Risk / Low-Engagement Customers,-1.4028442219656145,0.6957161313703353
17811.0,4,47,9609.8,0,High-Value Loyal Customers,3.7063299335224063,-0.020527222907828838
17812.0,13,7,1165.8899999999999,0,High-Value Loyal Customers,1.0893011267522184,-0.7396624114351847
17813.0,14,5,1770.8799999999999,0,High-Value Loyal Customers,1.0293130851549595,-0.6818735233478046
17814.0,375,2,1617.32,1,At-Risk / Low-Engagement Customers,-0.5807258750330889,0.8141498030989679
17815.0,393,1,591.96,1,At-Risk / Low-Engagement Customers,-1.3419529475789258,0.3909780237009691
17816.0,37,6,112.32,1,At-Risk / Low-Engagement Customers,-0.3501065833122804,-0.9358310618024461
17817.0,4,6,807.85,0,High-Value Loyal Customers,1.1610023627358879,-1.4661435949641957
17818.0,738,1,130.18,1,At-Risk / Low-Engagement Customers,-2.2017505829612305,0.28629929471972065
17819.0,72,12,6612.5199999999995,0,High-Value Loyal Customers,1.6803034038823386,0.868199052771559
17820.0,374,1,183.56,1,At-Risk / Low-Engagement Customers,-1.8338011675665387,0.014333865984271542
17821.0,406,1,334.62,1,At-Risk / Low-Engagement Customers,-1.6000907909378044,0.23851051764659137
17822.0,420,5,2188.5,1,At-Risk / Low-Engagement Customers,0.04290579825756532,1.220704556747797
17823.0,421,2,494.25,1,At-Risk / Low-Engagement Customers,-1.1332537300665062,0.5233579962391335
17824.0,51,1,298.4,1,At-Risk / Low-Engagement Customers,-0.9843087083655216,-0.9305502835569129
17825.0,599,4,731.96,1,At-Risk / Low-Engagement Customers,-0.6868919413898644,1.0217984768710435
17826.0,374,1,134.59,1,At-Risk / Low-Engagement Customers,-1.9679609177531263,-0.07796642068860023
17827.0,5,6,2388.05,0,High-Value Loyal Customers,1.573269675582791,-1.041378253822745
17828.0,23,4,1820.09,0,High-Value Loyal Customers,0.7501634545471462,-0.48117349653932373
17829.0,299,5,4756.74,0,High-Value Loyal Customers,0.4901832650285791,1.2661307287137273
17830.0,2,3,398.7,0,High-Value Loyal Customers,0.5926892200999809,-2.1637436542950814
17831.0,33,1,35.400000000000006,1,At-Risk / Low-Engagement Customers,-1.763748369725549,-1.7956864672073851
17832.0,50,1,155.37,1,At-Risk / Low-Engagement Customers,-1.2606530596212315,-1.135702896527568
17833.0,723,1,342.36,1,At-Risk / Low-Engagement Customers,-1.7764565500207266,0.5630228746580422
17834.0,415,2,730.47,1,At-Risk / Low-Engagement Customers,-0.9589342338567155,0.6322029186864723
17835.0,3,3,350.64,0,High-Value Loyal Customers,0.44390579781322004,-2.043417581569536
17836.0,47,1,110.21000000000001,1,At-Risk / Low-Engagement Customers,-1.3893312345821294,-1.2711598811121803
17837.0,42,8,1593.38,0,High-Value Loyal Customers,0.9520200621385833,0.015819814892848245
17838.0,27,13,6722.900000000001,0,High-Value Loyal Customers,2.05395215574449,0.37174373613479994
17839.0,42,1,338.8,1,At-Risk / Low-Engagement Customers,-0.8677696048209663,-0.9974806380033527
17840.0,444,1,185.72,1,At-Risk / Low-Engagement Customers,-1.8840922109733107,0.11221568482409858
17841.0,2,211,70884.07,0,High-Value Loyal Customers,5.873870320636774,0.8395709771329014
17842.0,602,1,430.69,1,At-Risk / Low-Engagement Customers,-1.6177025771274756,0.5306854932543099
17843.0,303,2,326.23,1,At-Risk / Low-Engagement Customers,-1.2074845083801289,0.2184091109682526
17844.0,107,1,51.559999999999995,1,At-Risk / Low-Engagement Customers,-1.9777025626341975,-1.0482320882711724
17845.0,555,4,598.19,1,At-Risk / Low-Engagement Customers,-0.7499383988230225,0.919468731848141
17846.0,85,1,2033.1,1,At-Risk / Low-Engagement Customers,-0.313352335422334,-0.0795009105449847
17847.0,516,2,129.69,1,At-Risk / Low-Engagement Customers,-1.7785828353574458,0.23654550771877486
17848.0,81,30,3650.9,0,High-Value Loyal Customers,2.0471273030734456,1.072649320829983
17849.0,218,8,1063.76,1,At-Risk / Low-Engagement Customers,0.2498574672083372,0.7928338475217162
17850.0,372,155,56600.08,0,High-Value Loyal Customers,3.982142223138164,3.3200957707469123
17851.0,422,6,1563.34,1,At-Risk / Low-Engagement Customers,0.012658391107935086,1.1791000327018322
17852.0,12,5,663.21,0,High-Value Loyal Customers,0.6486716572113189,-1.0545208958887438
17853.0,407,3,1608.19,1,At-Risk / Low-Engagement Customers,-0.39018749589186286,0.9628084271893201
17854.0,185,6,1071.45,1,At-Risk / Low-Engagement Customers,0.1141331386803526,0.6129143297969794
17855.0,373,1,417.94,1,At-Risk / Low-Engagement Customers,-1.4762591014769453,0.2582515311747897
17856.0,2,4,1418.03,0,High-Value Loyal Customers,1.3141661351600638,-1.702788509224329
17857.0,4,24,28682.24,0,High-Value Loyal Customers,3.6845522904496955,0.06801219046387406
17858.0,6,30,12797.65,0,High-Value Loyal Customers,3.3886773781574093,0.09077073323261632
17859.0,305,1,148.21,1,At-Risk / Low-Engagement Customers,-1.8605474311610926,-0.16146820247467264
17860.0,369,4,1015.54,1,At-Risk / Low-Engagement Customers,-0.3882301818755439,0.8530660624824494
17861.0,3,18,5127.69,0,High-Value Loyal Customers,2.798391474478799,-0.6708330519745682
17862.0,324,4,1279.09,1,At-Risk / Low-Engagement Customers,-0.24598623926545085,0.8505479189642473
17863.0,59,12,5745.2,0,High-Value Loyal Customers,1.6825661420100366,0.7179483219423483
17864.0,13,5,924.32,0,High-Value Loyal Customers,0.7689584097467346,-0.9143999949365117
17865.0,31,46,26374.39,0,High-Value Loyal Customers,3.529155400944816,1.2978323319510054
17866.0,143,3,1134.95,1,At-Risk / Low-Engagement Customers,-0.20488493250769904,0.2841317799492086
17867.0,30,15,1621.2800000000002,0,High-Value Loyal Customers,1.5042307398424313,0.05113834755615601
17868.0,386,1,234.65,1,At-Risk / Low-Engagement Customers,-1.73766077895232,0.10485959679029468
17869.0,107,7,1036.16,0,High-Value Loyal Customers,0.37723906556319414,0.35193828192220733
17870.0,2,13,3108.15,0,High-Value Loyal Customers,2.440748543736504,-1.0911111277741556
17871.0,205,5,1118.99,1,At-Risk / Low-Engagement Customers,-0.01759754881394683,0.6258042941837196
17872.0,382,1,235.87,1,At-Risk / Low-Engagement Customers,-1.7320536828079802,0.10067480951199838
17873.0,80,18,6515.88,0,High-Value Loyal Customers,1.929704556780666,1.060055852172113
17874.0,185,6,683.46,1,At-Risk / Low-Engagement Customers,-0.08125969828005028,0.4784864194871562
17875.0,688,1,167.1,1,At-Risk / Low-Engagement Customers,-2.0711914507747617,0.32189335472266767
17876.0,400,3,3424.02,1,At-Risk / Low-Engagement Customers,-0.05592254922855049,1.1793827382873836
17877.0,170,1,237.61,1,At-Risk / Low-Engagement Customers,-1.4680680039369538,-0.3418975527346141
17878.0,44,3,1412.33,0,High-Value Loyal Customers,0.2663692042488123,-0.2920160979742564
17879.0,174,1,178.51999999999998,1,At-Risk / Low-Engagement Customers,-1.5993527364545443,-0.4143213953140387
17880.0,365,3,824.9200000000001,1,At-Risk / Low-Engagement Customers,-0.6452622947959282,0.7032293951990195
17881.0,304,1,133.35000000000002,1,At-Risk / Low-Engagement Customers,-1.90513401315587,-0.1946770286994707
17882.0,379,2,313.46,1,At-Risk / Low-Engagement Customers,-1.29697480146512,0.3295705360789227
17883.0,3,7,995.85,0,High-Value Loyal Customers,1.425949031439286,-1.477784209899171
17884.0,4,20,3072.89,0,High-Value Loyal Customers,2.5798224825236313,-0.6643591744522479
17885.0,12,1,190.19,1,At-Risk / Low-Engagement Customers,-0.7310956436141665,-1.8294374489472491
17886.0,32,6,1608.38,0,High-Value Loyal Customers,0.8500237704442252,-0.2193611857822804
17887.0,129,1,111.35,1,At-Risk / Low-Engagement Customers,-1.7071334801220546,-0.7185679784858012
17888.0,21,25,1820.44,0,High-Value Loyal Customers,2.0358303930684385,0.07435907933332751
17889.0,212,7,774.87,1,At-Risk / Low-Engagement Customers,0.03128905084043384,0.6396498107314254
17890.0,323,2,602.09,1,At-Risk / Low-Engagement Customers,-0.9620674342115211,0.43657385970516444
17891.0,162,1,203.85999999999999,1,At-Risk / Low-Engagement Customers,-1.5189266351861135,-0.4139761686650847
17892.0,56,3,244.1,1,At-Risk / Low-Engagement Customers,-0.5724048211780065,-0.6861000366142243
17893.0,225,1,112.25,1,At-Risk / Low-Engagement Customers,-1.8825164182416618,-0.4111658647801087
17894.0,72,18,2453.38,0,High-Value Loyal Customers,1.5384483525585508,0.710380558458478
17895.0,44,1,98.0,1,At-Risk / Low-Engagement Customers,-1.419060702114513,-1.3415709993525455
17896.0,23,1,256.32,1,At-Risk / Low-Engagement Customers,-0.8001402740313043,-1.4023509680208655
17897.0,173,9,2585.0,0,High-Value Loyal Customers,0.7907055265758448,0.9701605750877103
17898.0,85,4,299.18,1,At-Risk / Low-Engagement Customers,-0.44703289962805104,-0.31688427985525125
17899.0,159,1,155.8,1,At-Risk / Low-Engagement Customers,-1.629246289492879,-0.5042542582391892
17900.0,190,2,112.19999999999999,1,At-Risk / Low-Engagement Customers,-1.5190378404493674,-0.3556901067500977
17901.0,29,3,260.08,1,At-Risk / Low-Engagement Customers,-0.33733137187473083,-1.021214875759486
17902.0,547,1,216.39999999999998,1,At-Risk / Low-Engagement Customers,-1.8852377845005497,0.27259056955595135
17903.0,394,1,381.09000000000003,1,At-Risk / Low-Engagement Customers,-1.5339885888395852,0.26082198977159693
17904.0,21,1,191.67,1,At-Risk / Low-Engagement Customers,-0.8978924490628384,-1.5369565447330753
17905.0,71,13,2383.52,0,High-Value Loyal Customers,1.2974288578572994,0.5823482114594313
17906.0,247,1,72.9,1,At-Risk / Low-Engagement Customers,-2.0983002871682013,-0.48771590615680793
17907.0,641,1,291.76,1,At-Risk / Low-Engagement Customers,-1.8069469291883544,0.4489997530065697
17908.0,374,5,1411.54,1,At-Risk / Low-Engagement Customers,-0.11037096828323023,1.0256863396700222
17909.0,737,1,132.55,1,At-Risk / Low-Engagement Customers,-2.1935218599286834,0.29091238567145744
17910.0,726,1,261.7,1,At-Risk / Low-Engagement Customers,-1.894300525993038,0.4851485061650244
17911.0,9,1,366.23,1,At-Risk / Low-Engagement Customers,-0.3622384811928082,-1.7787575864017544
17912.0,310,6,375.5,1,At-Risk / Low-Engagement Customers,-0.5075827979989225,0.5830912083944354
17913.0,59,14,3479.64,0,High-Value Loyal Customers,1.5735821719094771,0.6202589671039832
17914.0,4,1,336.43,1,At-Risk / Low-Engagement Customers,-0.17487996710031614,-2.186404539924549
17915.0,551,1,242.13,1,At-Risk / Low-Engagement Customers,-1.8389203391867703,0.31008606747243916
17916.0,629,2,43.87,1,At-Risk / Low-Engagement Customers,-2.3076691061522063,0.025557170210933285
17917.0,45,3,341.28,1,At-Risk / Low-Engagement Customers,-0.35775037592998105,-0.7043895214676539
17918.0,501,3,396.39,1,At-Risk / Low-Engagement Customers,-1.0657678494117626,0.6585083920533563
17919.0,88,2,1840.32,1,At-Risk / Low-Engagement Customers,-0.05851538658778678,0.05801994734208093
17920.0,4,54,24516.46,0,High-Value Loyal Customers,4.217633468716758,0.3096396372793297
17921.0,64,10,2423.5,0,High-Value Loyal Customers,1.1538074308447026,0.4426387262979759
17922.0,543,1,170.4,1,At-Risk / Low-Engagement Customers,-1.9863097039768836,0.1973834119147103
17923.0,282,3,497.0,1,At-Risk / Low-Engagement Customers,-0.7822001564679327,0.40993641780727874
17924.0,12,8,3536.7000000000003,0,High-Value Loyal Customers,1.6856931072374777,-0.40540884166759567
17925.0,373,1,488.16,1,At-Risk / Low-Engagement Customers,-1.4088344367610106,0.3046388856044732
17926.0,133,5,1035.49,1,At-Risk / Low-Engagement Customers,0.08777541770665657,0.36541956496547645
17927.0,722,1,294.0,1,At-Risk / Low-Engagement Customers,-1.842060203250307,0.5168184518144533
17928.0,45,3,341.24,1,At-Risk / Low-Engagement Customers,-0.3578012267130204,-0.7044245061918021
17929.0,11,12,3082.1,0,High-Value Loyal Customers,1.9322019855062946,-0.3561295936101329
17930.0,36,13,4275.22,0,High-Value Loyal Customers,1.7668811846688826,0.38998723062773105
17931.0,134,14,3437.29,0,High-Value Loyal Customers,1.305980054880742,1.0638721003105436
17932.0,29,3,1331.57,0,High-Value Loyal Customers,0.37190578212386033,-0.533268285652715
17933.0,632,1,114.69,1,At-Risk / Low-Engagement Customers,-2.206349023097877,0.16328765175988386
17934.0,52,3,1049.15,1,At-Risk / Low-Engagement Customers,0.08421436334050798,-0.29067511226788934
17935.0,138,7,686.14,1,At-Risk / Low-Engagement Customers,0.11649086515262876,0.3678786488218819
17936.0,5,1,389.84,1,At-Risk / Low-Engagement Customers,-0.169913056926766,-2.0418569531873922
17937.0,9,7,4301.22,0,High-Value Loyal Customers,1.7658447558985613,-0.5346630474775184
17938.0,420,1,144.29,1,At-Risk / Low-Engagement Customers,-1.9753194143242676,0.006536676806861722
17939.0,160,1,99.14,1,At-Risk / Low-Engagement Customers,-1.82636319445499,-0.6350453987055267
17940.0,49,16,30393.19,0,High-Value Loyal Customers,2.6708995873991372,1.2142066361642807
17941.0,131,4,1433.28,1,At-Risk / Low-Engagement Customers,0.09491334180919081,0.38762385487522844
17942.0,8,1,77.50000000000001,1,At-Risk / Low-Engagement Customers,-0.999480803743332,-2.2987294590958895
17944.0,423,1,75.41,1,At-Risk / Low-Engagement Customers,-2.2572221378891317,-0.1819125820076815
17945.0,697,3,360.35,1,At-Risk / Low-Engagement Customers,-1.2137409741512852,0.8118542200863579
17946.0,233,2,149.57999999999998,1,At-Risk / Low-Engagement Customers,-1.4605566022067193,-0.15828174625065147
17947.0,37,1,176.68,1,At-Risk / Low-Engagement Customers,-1.109899854881134,-1.2597496972904834
17948.0,147,1,358.56000000000006,1,At-Risk / Low-Engagement Customers,-1.2429337889451837,-0.29882394440336013
17949.0,1,118,118628.08,0,High-Value Loyal Customers,5.788627481306829,0.5587065721705772
17950.0,72,7,1432.81,0,High-Value Loyal Customers,0.6448239919762593,0.23285045426638765
17951.0,40,4,1636.0800000000002,0,High-Value Loyal Customers,0.5306153305737384,-0.21768910388990528
17952.0,378,4,819.61,1,At-Risk / Low-Engagement Customers,-0.48916428406273954,0.8022280996152605
17953.0,540,1,160.82,1,At-Risk / Low-Engagement Customers,-2.0095463929127977,0.17711624522232633
17954.0,5,19,3966.05,0,High-Value Loyal Customers,2.5946285060586973,-0.50529953508774
17955.0,199,6,949.9,1,At-Risk / Low-Engagement Customers,0.03832224651066202,0.6169324529758807
17956.0,249,1,12.75,1,At-Risk / Low-Engagement Customers,-2.8326024014319513,-0.9866893891385781
17957.0,66,1,111.68,1,At-Risk / Low-Engagement Customers,-1.49147732227163,-1.083287906050376
17958.0,117,2,973.88,1,At-Risk / Low-Engagement Customers,-0.42643037592290944,0.023225157440600414
17959.0,592,1,140.75,1,At-Risk / Low-Engagement Customers,-2.0968452379597085,0.18809644730808728
17960.0,171,3,135.08,1,At-Risk / Low-Engagement Customers,-1.1856358100223074,-0.25307455592867134
17961.0,21,100,2995.54,0,High-Value Loyal Customers,3.2874491242663955,0.7201017583372897
17962.0,142,4,687.42,1,At-Risk / Low-Engagement Customers,-0.2503497165001766,0.21204603823244828
17963.0,471,4,651.51,1,At-Risk / Low-Engagement Customers,-0.65987305622858,0.8546475215335307
17964.0,32,2,733.46,1,At-Risk / Low-Engagement Customers,-0.13754134514364658,-0.7643302670533367
17965.0,38,29,7240.9800000000005,0,High-Value Loyal Customers,2.5603676836697806,0.8556970292037819
17966.0,38,10,1974.42,0,High-Value Loyal Customers,1.2298928014076973,0.09956760744258908
17967.0,372,2,357.28999999999996,1,At-Risk / Low-Engagement Customers,-1.2341864010606705,0.3583759643730101
17968.0,374,4,888.04,1,At-Risk / Low-Engagement Customers,-0.4508832883403445,0.8203518961377841
17969.0,166,20,2369.94,0,High-Value Loyal Customers,1.332087525786046,1.1930968443665588
17970.0,211,1,582.59,1,At-Risk / Low-Engagement Customers,-1.1484356578666972,0.044371768645709665
17971.0,548,1,161.94,1,At-Risk / Low-Engagement Customers,-2.0112929062415095,0.18727742620326504
17972.0,242,1,136.04,1,At-Risk / Low-Engagement Customers,-1.8230096948882675,-0.31408510939922035
17973.0,52,1,337.04,1,At-Risk / Low-Engagement Customers,-0.9376547350095144,-0.8837081975327096
17974.0,25,6,1858.06,0,High-Value Loyal Customers,0.9898836612140272,-0.3076870926742602
17975.0,15,24,7028.83,0,High-Value Loyal Customers,2.6965368295294074,0.2886345229429504
17976.0,372,1,706.38,1,At-Risk / Low-Engagement Customers,-1.2474677828703489,0.4135847041565386
17977.0,29,2,1565.6299999999999,1,At-Risk / Low-Engagement Customers,0.22289649436580294,-0.5901305405686086
17978.0,365,4,1461.76,1,At-Risk / Low-Engagement Customers,-0.22637118439156276,0.9560091637203868
17979.0,36,4,757.71,1,At-Risk / Low-Engagement Customers,0.22919910082033124,-0.5045217588566513
17980.0,166,4,1033.42,1,At-Risk / Low-Engagement Customers,-0.12335557625440709,0.41951345037507964
17981.0,411,1,239.12,1,At-Risk / Low-Engagement Customers,-1.7497306712371221,0.1450116613636861
17982.0,681,1,138.18,1,At-Risk / Low-Engagement Customers,-2.1500326014028723,0.25974704970610707
17983.0,395,1,171.71,1,At-Risk / Low-Engagement Customers,-1.8802979074607606,0.024522569135816675
17984.0,145,5,1191.27,1,At-Risk / Low-Engagement Customers,0.12095918087965558,0.4546394766019191
17985.0,22,1,634.95,1,At-Risk / Low-Engagement Customers,-0.3926928689130339,-1.1549763770429076
17986.0,56,1,20.8,1,At-Risk / Low-Engagement Customers,-2.1539196537742074,-1.664162623158902
17987.0,185,5,1003.64,1,At-Risk / Low-Engagement Customers,-0.03185800011396562,0.5369374692077528
17988.0,12,14,489.54,0,High-Value Loyal Customers,1.2156554185315935,-0.8098556774701342
17989.0,379,1,228.82999999999998,1,At-Risk / Low-Engagement Customers,-1.7426381383673675,0.08730571652952139
17990.0,237,6,1527.6100000000001,1,At-Risk / Low-Engagement Customers,0.18860776838059484,0.8549798420993223
17991.0,225,3,320.55,1,At-Risk / Low-Engagement Customers,-0.8997931568692644,0.1549353577609128
17992.0,389,1,254.13,1,At-Risk / Low-Engagement Customers,-1.7055998474441258,0.1328945668043018
17993.0,617,1,235.19,1,At-Risk / Low-Engagement Customers,-1.8880486682629336,0.3637106288628368
17994.0,122,11,2313.32,0,High-Value Loyal Customers,0.9936551472462086,0.8123496969045746
17995.0,282,3,495.48,1,At-Risk / Low-Engagement Customers,-0.7835302177992196,0.4090213516864821
17996.0,380,3,482.33,1,At-Risk / Low-Engagement Customers,-0.89138137823645,0.5649939368610465
17997.0,74,8,1970.6699999999998,0,High-Value Loyal Customers,0.8645167629896081,0.3862267875596736
17998.0,380,3,639.24,1,At-Risk / Low-Engagement Customers,-0.7690545322945345,0.6491533284261316
17999.0,37,3,730.9,1,At-Risk / Low-Engagement Customers,0.03472779976081149,-0.5822602089574264
18000.0,564,1,124.25,1,At-Risk / Low-Engagement Customers,-2.135047175473398,0.1243730383079401
18001.0,12,6,953.84,0,High-Value Loyal Customers,0.9241625541192959,-0.8894497668521298
18002.0,376,4,249.92,1,At-Risk / Low-Engagement Customers,-1.0030146273540115,0.44460963360534667
18003.0,376,1,358.61,1,At-Risk / Low-Engagement Customers,-1.5452868733179772,0.21694563908836328
18004.0,362,1,169.47,1,At-Risk / Low-Engagement Customers,-1.8578363006423457,-0.027377378568076562
18005.0,4,2,249.72,1,At-Risk / Low-Engagement Customers,0.005135279796747675,-2.1269023956743944
18006.0,23,4,997.86,0,High-Value Loyal Customers,0.48885005464293013,-0.6609539574381933
18007.0,393,1,220.32,1,At-Risk / Low-Engagement Customers,-1.7707561918724288,0.09596657414547782
18008.0,70,23,19787.13,0,High-Value Loyal Customers,2.6337664903229476,1.4053687369611247
18009.0,235,8,2155.83,0,High-Value Loyal Customers,0.5328142750647037,1.045374556652144
18010.0,257,1,174.8,1,At-Risk / Low-Engagement Customers,-1.7340089562656686,-0.20648807107805306
18011.0,373,2,527.03,1,At-Risk / Low-Engagement Customers,-1.0663142024266838,0.4759424971752667
18012.0,723,1,115.3,1,At-Risk / Low-Engagement Customers,-2.2475037094869745,0.23894812202390048
18013.0,155,2,187.29,1,At-Risk / Low-Engagement Customers,-1.2321777617001233,-0.3150199419108872
18014.0,28,1,166.42,1,At-Risk / Low-Engagement Customers,-1.048360441607279,-1.4266360945210457
18015.0,4,1,120.03,1,At-Risk / Low-Engagement Customers,-0.6210013834692425,-2.493330682560406
18016.0,32,7,1960.46,0,High-Value Loyal Customers,1.03795010225444,-0.11126119645858303
18017.0,81,4,688.0,1,At-Risk / Low-Engagement Customers,-0.07011810305021894,-0.0944390989531402
18018.0,108,4,297.99,1,At-Risk / Low-Engagement Customers,-0.5254132659159235,-0.18735298641230144
18019.0,52,1,38.45,1,At-Risk / Low-Engagement Customers,-1.8723163272510597,-1.5267440766695959
18020.0,544,1,190.48000000000002,1,At-Risk / Low-Engagement Customers,-1.938701327933937,0.23155902350530447
18021.0,510,2,227.06,1,At-Risk / Low-Engagement Customers,-1.53254950685992,0.396777475996947
18022.0,36,5,1651.79,0,High-Value Loyal Customers,0.7070295464808584,-0.20471410453690875
18024.0,153,2,389.78,1,At-Risk / Low-Engagement Customers,-0.9103077891316554,-0.10356548363570915
18025.0,380,6,1177.72,1,At-Risk / Low-Engagement Customers,-0.0766699113272421,1.036696131085913
18026.0,501,2,2074.07,1,At-Risk / Low-Engagement Customers,-0.5660296429919964,1.0479765723659167
18027.0,99,1,115.31,1,At-Risk / Low-Engagement Customers,-1.607206113477472,-0.852908565147693
18028.0,583,1,192.05,1,At-Risk / Low-Engagement Customers,-1.9575019459688612,0.27212470926184035
18029.0,642,1,433.77,1,At-Risk / Low-Engagement Customers,-1.635382062864834,0.5682390924879476
18030.0,4,2,230.64999999999998,1,At-Risk / Low-Engagement Customers,-0.029285492411721896,-2.1505834709441736
18031.0,379,1,462.09999999999997,1,At-Risk / Low-Engagement Customers,-1.437802415894039,0.2970290093449034
18032.0,334,1,73.5,1,At-Risk / Low-Engagement Customers,-2.192036557750598,-0.3194398343193299
18033.0,65,1,97.97,1,At-Risk / Low-Engagement Customers,-1.5430620727143054,-1.130418023738379
18034.0,22,3,793.7,0,High-Value Loyal Customers,0.23293535587231526,-0.8345522238211406
18035.0,36,5,1276.74,0,High-Value Loyal Customers,0.5950458269771174,-0.28175755011961445
18036.0,32,11,1563.6399999999999,0,High-Value Loyal Customers,1.2488525522295062,-0.03050902979367384
18037.0,154,15,167.42,1,At-Risk / Low-Engagement Customers,-0.001870143510193263,0.2607835013310442
18038.0,556,1,149.41,1,At-Risk / Low-Engagement Customers,-2.0507876732796277,0.171303879175212
18039.0,374,4,579.17,1,At-Risk / Low-Engagement Customers,-0.6365951502009454,0.6925843796923048
18040.0,19,2,357.20000000000005,1,At-Risk / Low-Engagement Customers,-0.28800215167229837,-1.2554827120597072
18041.0,12,38,8752.38,0,High-Value Loyal Customers,3.1982658314152417,0.40251935130918076
18042.0,54,2,281.15,1,At-Risk / Low-Engagement Customers,-0.7190186815026433,-0.7689627124954382
18043.0,25,3,875.97,0,High-Value Loyal Customers,0.23614396515901337,-0.7374414454566092
18044.0,4,18,3505.61,0,High-Value Loyal Customers,2.560794099564214,-0.6615675091396289
18045.0,45,1,189.4,1,At-Risk / Low-Engagement Customers,-1.1416075892514481,-1.1336733064458182
18046.0,650,1,189.63,1,At-Risk / Low-Engagement Customers,-1.998117546456774,0.32825282774213566
18047.0,381,2,342.69,1,At-Risk / Low-Engagement Customers,-1.2599990745907912,0.35907278021897865
18048.0,203,3,401.73,1,At-Risk / Low-Engagement Customers,-0.7687216572364217,0.16583415234791418
18049.0,437,2,556.52,1,At-Risk / Low-Engagement Customers,-1.093757631005092,0.579336919726947
18050.0,359,2,412.06,1,At-Risk / Low-Engagement Customers,-1.1608193647957705,0.3813917900738537
18051.0,634,7,2282.28,1,At-Risk / Low-Engagement Customers,0.14764541928527677,1.5652482460224575
18052.0,565,1,10877.18,1,At-Risk / Low-Engagement Customers,-0.1932235105898921,1.461693082682946
18053.0,71,3,571.07,1,At-Risk / Low-Engagement Customers,-0.27916922572431135,-0.30352226278579925
18054.0,393,1,176.5,1,At-Risk / Low-Engagement Customers,-1.8667572671650774,0.029918994613675275
18055.0,7,14,11195.57,0,High-Value Loyal Customers,2.7336259725779866,-0.14132935485052922
18056.0,288,2,554.6,1,At-Risk / Low-Engagement Customers,-0.9607807897700941,0.34896934900528476
18057.0,393,3,1203.56,1,At-Risk / Low-Engagement Customers,-0.5049082291410968,0.8568541693747026
18058.0,10,3,774.06,0,High-Value Loyal Customers,0.4606055752075125,-1.2488741737365412
18059.0,23,3,306.46,1,At-Risk / Low-Engagement Customers,-0.19401352571814126,-1.0953435949170076
18060.0,408,2,1185.46,1,At-Risk / Low-Engagement Customers,-0.7429971928748184,0.7676288732794122
18061.0,22,28,6488.97,0,High-Value Loyal Customers,2.6575978347480085,0.5192069070335442
18062.0,173,6,1632.67,0,High-Value Loyal Customers,0.31883113474813796,0.7021200049863435
18063.0,391,2,186.60000000000002,1,At-Risk / Low-Engagement Customers,-1.5317813961044415,0.19209285804379433
18064.0,133,11,4495.03,0,High-Value Loyal Customers,1.254895840304068,1.0583838058041728
18065.0,6,29,5866.63,0,High-Value Loyal Customers,3.0243350461001106,-0.15468873530762975
18066.0,75,3,1440.4,1,At-Risk / Low-Engagement Customers,0.10542814718278282,0.0029281223864574715
18067.0,40,1,396.33,1,At-Risk / Low-Engagement Customers,-0.7843107615344258,-0.9769296062553373
18068.0,289,1,101.69999999999999,1,At-Risk / Low-Engagement Customers,-2.005708271537238,-0.302908125421508
18069.0,26,11,4540.56,0,High-Value Loyal Customers,1.7774086271836447,0.17779715430536083
18070.0,669,1,314.1,1,At-Risk / Low-Engagement Customers,-1.788757529588034,0.4945586098262635
18071.0,258,6,1428.63,1,At-Risk / Low-Engagement Customers,0.13213246049999358,0.8815792050287318
18072.0,186,1,247.44,1,At-Risk / Low-Engagement Customers,-1.4794312365451905,-0.28047820621608754
18073.0,114,12,3877.5200000000004,0,High-Value Loyal Customers,1.301116268275489,0.9591184664889146
18074.0,374,2,1509.04,1,At-Risk / Low-Engagement Customers,-0.6099966157069648,0.7919504368051826
18075.0,23,20,5783.29,0,High-Value Loyal Customers,2.347565904342683,0.39007621298617184
18076.0,380,1,151.49,1,At-Risk / Low-Engagement Customers,-1.9219858877556686,-0.034049005711951796
18077.0,8,18,4338.56,0,High-Value Loyal Customers,2.4634197541196787,-0.27356939162990573
18078.0,217,4,844.6,1,At-Risk / Low-Engagement Customers,-0.29724414296874413,0.5061719593244128
18079.0,45,5,4242.75,0,High-Value Loyal Customers,1.0469083568931357,0.19765254005151944
18080.0,19,2,1231.5,0,High-Value Loyal Customers,0.2496604184605697,-0.8855773620011613
18081.0,36,3,343.45,1,At-Risk / Low-Engagement Customers,-0.2845832401911432,-0.8225855471797591
18082.0,26,1,703.37,1,At-Risk / Low-Engagement Customers,-0.4000911148442388,-1.035949172817307
18083.0,398,1,470.72999999999996,1,At-Risk / Low-Engagement Customers,-1.4455487287036493,0.3294668468772036
18084.0,16,3,812.93,0,High-Value Loyal Customers,0.34110394530446064,-0.9941213646103905
18085.0,330,4,1645.75,1,At-Risk / Low-Engagement Customers,-0.14231148061126456,0.936035188612926
18086.0,274,1,101.34,1,At-Risk / Low-Engagement Customers,-1.9900590703199013,-0.33325260947295404
18087.0,98,17,14761.519999999999,0,High-Value Loyal Customers,2.1793484355661303,1.3957221465568572
18088.0,61,1,167.67000000000002,1,At-Risk / Low-Engagement Customers,-1.2908751512517578,-1.0053118647957937
18089.0,447,1,428.45,1,At-Risk / Low-Engagement Customers,-1.5238686759447815,0.36524608927471897
18090.0,422,1,349.4,1,At-Risk / Low-Engagement Customers,-1.5938105742661715,0.2726787528030114
18091.0,593,1,360.85,1,At-Risk / Low-Engagement Customers,-1.6896253440175626,0.4695630660558696
18092.0,2,18,16179.44,0,High-Value Loyal Customers,3.3913500313980305,-0.48557200037616655
18093.0,93,8,4452.71,0,High-Value Loyal Customers,1.1460330426037568,0.7546977011763093
18094.0,82,13,6391.52,0,High-Value Loyal Customers,1.680516119126067,0.9559612203737342
18095.0,313,5,2303.09,1,At-Risk / Low-Engagement Customers,0.15994289538862574,1.0742352655347887
18096.0,12,6,1805.28,0,High-Value Loyal Customers,1.2015335375381258,-0.6986218825672513
18097.0,8,11,4663.32,0,High-Value Loyal Customers,2.144332862913716,-0.42017083070392236
18098.0,396,1,550.84,1,At-Risk / Low-Engagement Customers,-1.3756767026853367,0.37364812803604536
18099.0,127,1,168.31,1,At-Risk / Low-Engagement Customers,-1.5236772057284094,-0.6043536696907332
18100.0,550,1,451.56,1,At-Risk / Low-Engagement Customers,-1.5679928529459,0.49507732350518124
18101.0,11,5,629.16,0,High-Value Loyal Customers,0.6516623022596489,-1.1144223628632326
18102.0,1,145,608821.65,0,High-Value Loyal Customers,6.656212775512676,1.123143872722203
18103.0,549,1,105.8,1,At-Risk / Low-Engagement Customers,-2.19568021335473,0.061829876059748816
18104.0,37,1,754.64,1,At-Risk / Low-Engagement Customers,-0.4800505692525385,-0.8264210011400424
18105.0,38,1,113.48000000000002,1,At-Risk / Low-Engagement Customers,-1.3095660868151495,-1.3770106979292922
18106.0,330,6,1461.46,1,At-Risk / Low-Engagement Customers,0.06267803192692056,1.0236683000500257
18107.0,442,1,167.13,1,At-Risk / Low-Engagement Customers,-1.9282659344636122,0.07833787034617296
18108.0,254,3,848.8100000000001,1,At-Risk / Low-Engagement Customers,-0.5159790942075043,0.5124476462367163
18109.0,2,38,9893.96,0,High-Value Loyal Customers,3.7258543689292063,-0.3695597995467842
18110.0,20,2,435.43,1,At-Risk / Low-Engagement Customers,-0.21783307286940679,-1.1694400267838703
18111.0,589,1,405.85,1,At-Risk / Low-Engagement Customers,-1.6364393117573262,0.5009241624887922
18112.0,12,4,775.96,0,High-Value Loyal Customers,0.5778342244227574,-1.0743222762724323
18113.0,369,1,152.64000000000001,1,At-Risk / Low-Engagement Customers,-1.9092416701718589,-0.04795870171116496
18114.0,290,1,220.1,1,At-Risk / Low-Engagement Customers,-1.67318201831387,-0.07146945230453379
18115.0,698,1,9.700000000000001,1,At-Risk / Low-Engagement Customers,-3.2742674422730778,-0.49465438718915095
18116.0,68,13,2154.3,0,High-Value Loyal Customers,1.2672185968512522,0.5286196176768903
18117.0,26,1,320.72,1,At-Risk / Low-Engagement Customers,-0.7410488294944638,-1.2705239596797917
18118.0,11,29,6733.22,0,High-Value Loyal Customers,2.909945968787948,0.18383624519398
18119.0,368,1,362.24,1,At-Risk / Low-Engagement Customers,-1.5339798204411201,0.20812199080771
18120.0,214,1,111.15,1,At-Risk / Low-Engagement Customers,-1.8706253013291516,-0.44160887790366854
18121.0,149,2,673.1,1,At-Risk / Low-Engagement Customers,-0.6645623275649976,0.045132874553036655
18122.0,8,6,1826.21,0,High-Value Loyal Customers,1.3254778715790687,-0.8979959424233454
18123.0,24,3,684.59,1,At-Risk / Low-Engagement Customers,0.14170920932097197,-0.832771158151879
18124.0,472,1,111.53,1,At-Risk / Low-Engagement Customers,-2.1241608180500595,-0.005713751529591469
18125.0,30,4,1142.99,0,High-Value Loyal Customers,0.46510217448328656,-0.4791807910451424
18126.0,61,1,206.82999999999998,1,At-Risk / Low-Engagement Customers,-1.2000355991076452,-0.9428153508079858
18127.0,19,4,561.53,0,High-Value Loyal Customers,0.2979933638574457,-0.9333914665714202
18128.0,537,1,420.04,1,At-Risk / Low-Engagement Customers,-1.5916819648586924,0.4602975125642557
18129.0,243,1,112.55000000000001,1,At-Risk / Low-Engagement Customers,-1.9061504943204202,-0.3681060206284389
18130.0,15,3,1059.39,0,High-Value Loyal Customers,0.4758043911509427,-0.9483770412750284
18131.0,632,1,222.95999999999998,1,At-Risk / Low-Engagement Customers,-1.9189391769024182,0.3610221523053308
18132.0,504,1,226.9,1,At-Risk / Low-Engagement Customers,-1.8382854574849259,0.24163829213854546
18133.0,212,1,931.4999999999999,1,At-Risk / Low-Engagement Customers,-0.9460369277339055,0.18726235760816287
18134.0,598,2,445.0,1,At-Risk / Low-Engagement Customers,-1.2921100738139089,0.6851911033243068
18135.0,29,10,1249.6200000000001,0,High-Value Loyal Customers,1.11584364983,-0.18198623763482058
18136.0,63,5,1631.3600000000001,0,High-Value Loyal Customers,0.524391769712218,0.09379901160279872
18137.0,551,2,145.99,1,At-Risk / Low-Engagement Customers,-1.74862822014798,0.3078597841503333
18138.0,295,1,152.65,1,At-Risk / Low-Engagement Customers,-1.837043013365427,-0.17101656359466968
18139.0,18,6,8438.34,0,High-Value Loyal Customers,1.749569386051194,-0.0278267183783988
18140.0,474,1,536.41,1,At-Risk / Low-Engagement Customers,-1.4452212125072061,0.46465463211161717
18141.0,402,2,882.47,1,At-Risk / Low-Engagement Customers,-0.8665176294063553,0.6712085774650337
18142.0,157,2,1019.52,1,At-Risk / Low-Engagement Customers,-0.5009342454851791,0.19792771057373104
18143.0,117,2,1000.16,1,At-Risk / Low-Engagement Customers,-0.4148564944382013,0.03118784802008247
18144.0,8,19,5058.0,0,High-Value Loyal Customers,2.569284720835857,-0.2088756752751082
18145.0,13,11,5617.79,0,High-Value Loyal Customers,2.0824381471402145,-0.12074231441762785
18146.0,141,2,160.35000000000002,1,At-Risk / Low-Engagement Customers,-1.2689497849910962,-0.41310403314870847
18147.0,46,2,179.33999999999997,1,At-Risk / Low-Engagement Customers,-0.8629314888808461,-0.9896462888967431
18148.0,647,1,114.10000000000001,1,At-Risk / Low-Engagement Customers,-2.2161483795618233,0.17467484288566223
18149.0,51,7,1624.71,0,High-Value Loyal Customers,0.8091882883425898,0.08335296579483753
18150.0,32,3,566.58,1,At-Risk / Low-Engagement Customers,-0.030274446867152693,-0.7361862716020031
18151.0,135,6,1879.44,0,High-Value Loyal Customers,0.4597324665850625,0.6083262162915191
18152.0,646,1,426.69,1,At-Risk / Low-Engagement Customers,-1.644531585769363,0.5667448068289953
18153.0,659,1,246.22,1,At-Risk / Low-Engagement Customers,-1.8894552702225973,0.41363934846611927
18154.0,3,5,932.6,0,High-Value Loyal Customers,1.178010141995571,-1.6027088351110708
18155.0,75,3,371.62,1,At-Risk / Low-Engagement Customers,-0.48318631425451225,-0.40203151308468726
18156.0,13,2,941.1700000000001,0,High-Value Loyal Customers,0.24814292877258187,-1.1627142471835907
18157.0,571,1,215.35,1,At-Risk / Low-Engagement Customers,-1.9012075670291497,0.2947832397513685
18158.0,9,2,453.4,1,At-Risk / Low-Engagement Customers,0.039684881088496105,-1.5665853407499815
18159.0,301,1,530.15,1,At-Risk / Low-Engagement Customers,-1.3038437574297312,0.21135186298280448
18160.0,57,3,1003.88,1,At-Risk / Low-Engagement Customers,0.03588435294850582,-0.2541419373373119
18161.0,15,6,1803.1000000000001,0,High-Value Loyal Customers,1.1338522052714106,-0.5844575467310201
18162.0,732,1,379.16,1,At-Risk / Low-Engagement Customers,-1.736153038318796,0.6003143557999322
18163.0,584,1,728.84,1,At-Risk / Low-Engagement Customers,-1.3794199050467268,0.6711625027018956
18164.0,37,1,399.65000000000003,1,At-Risk / Low-Engagement Customers,-0.7561144417425235,-1.016349608903626
18165.0,177,1,302.46000000000004,1,At-Risk / Low-Engagement Customers,-1.3764362263799934,-0.24780014528412547
18166.0,624,1,175.5,1,At-Risk / Low-Engagement Customers,-2.018444305876471,0.2827185526595612
18167.0,23,3,1384.8600000000001,0,High-Value Loyal Customers,0.46113721902021293,-0.6446078006926308
18168.0,176,16,3770.27,0,High-Value Loyal Customers,1.3540548423264172,1.286761247453213
18169.0,61,1,202.65,1,At-Risk / Low-Engagement Customers,-1.2088758844855947,-0.9488973603042761
18170.0,33,9,2878.0,0,High-Value Loyal Customers,1.36546092927528,0.10175844997880175
18171.0,59,9,2437.31,0,High-Value Loyal Customers,1.1094729915214385,0.36530363017292666
18172.0,15,52,17479.84,0,High-Value Loyal Customers,3.666001852894148,0.8363671264716365
18173.0,87,5,2696.36,0,High-Value Loyal Customers,0.6399255897507664,0.419791699463876
18174.0,7,2,162.5,1,At-Risk / Low-Engagement Customers,-0.33289354825320905,-1.9956444623250225
18175.0,676,1,176.1,1,At-Risk / Low-Engagement Customers,-2.0428157571517382,0.32781500682484016
18176.0,358,1,476.35,1,At-Risk / Low-Engagement Customers,-1.4062293357147901,0.27474566801711686
18177.0,31,9,2216.87,0,High-Value Loyal Customers,1.27155151697188,-0.009778046112914798
18178.0,129,11,6103.74,0,High-Value Loyal Customers,1.3977831675175698,1.1332299709317708
18179.0,9,8,2547.55,0,High-Value Loyal Customers,1.6278548640196842,-0.6482902611587485
18180.0,5,6,1843.75,0,High-Value Loyal Customers,1.4607724655937075,-1.1187749746533173
18181.0,24,5,1205.94,0,High-Value Loyal Customers,0.6970392786505903,-0.5150569521251958
18182.0,463,1,291.13,1,At-Risk / Low-Engagement Customers,-1.702866747339333,0.2692608647116866
18183.0,227,2,632.07,1,At-Risk / Low-Engagement Customers,-0.8273074454426427,0.25727906638555453
18184.0,15,1,49.8,1,At-Risk / Low-Engagement Customers,-1.3749268640264745,-2.111657272804375
18185.0,249,1,304.25,1,At-Risk / Low-Engagement Customers,-1.4837375999026956,-0.05868670807407984
18186.0,723,1,329.58,1,At-Risk / Low-Engagement Customers,-1.7929604081045512,0.5516684197620931
18187.0,632,1,724.89,1,At-Risk / Low-Engagement Customers,-1.4072860327030572,0.713033331671693
18188.0,15,6,3280.59,0,High-Value Loyal Customers,1.3941606591735725,-0.40536847653578073
18189.0,78,3,1403.73,1,At-Risk / Low-Engagement Customers,0.08169434269826346,0.016567456654602186
18190.0,192,5,745.62,1,At-Risk / Low-Engagement Customers,-0.17295782807023585,0.4684595147426051
18191.0,262,2,529.4,1,At-Risk / Low-Engagement Customers,-0.9504869298799119,0.2830773698097632
18192.0,72,1,957.97,1,At-Risk / Low-Engagement Customers,-0.587523346647881,-0.394988612381536
18193.0,165,3,1207.35,1,At-Risk / Low-Engagement Customers,-0.22398420990150347,0.3810453110924459
18194.0,82,6,4162.04,0,High-Value Loyal Customers,0.9652396830316986,0.5738601812601518
18195.0,387,1,101.16,1,At-Risk / Low-Engagement Customers,-2.1021591928370245,-0.14391329469435085
18196.0,95,4,1464.31,1,At-Risk / Low-Engagement Customers,0.20722234553137764,0.2183842760518794
18197.0,576,1,230.1,1,At-Risk / Low-Engagement Customers,-1.8753259451278637,0.31932646351530813
18198.0,4,17,5425.56,0,High-Value Loyal Customers,2.7095476517155994,-0.5506465474557692
18199.0,684,1,344.75,1,At-Risk / Low-Engagement Customers,-1.7555295394782073,0.5345579396496937
18200.0,106,1,163.8,1,At-Risk / Low-Engagement Customers,-1.4774661529606608,-0.7112762264008526
18201.0,723,1,447.53000000000003,1,At-Risk / Low-Engagement Customers,-1.6601982604085637,0.6430071728128637
18202.0,200,3,1396.99,1,At-Risk / Low-Engagement Customers,-0.22243162961568333,0.5302071132623829
18203.0,157,4,504.42,1,At-Risk / Low-Engagement Customers,-0.41706297894038413,0.1745635414368898
18204.0,71,3,1993.7,0,High-Value Loyal Customers,0.26427117152163987,0.0703581624956966
18205.0,36,2,517.36,1,At-Risk / Low-Engagement Customers,-0.32616359092327135,-0.8055379918085547
18206.0,553,1,314.65999999999997,1,At-Risk / Low-Engagement Customers,-1.7264975216461742,0.39023115526331176
18207.0,499,1,544.47,1,At-Risk / Low-Engagement Customers,-1.4553335889312664,0.4974022549855929
18208.0,566,1,360.08,1,At-Risk / Low-Engagement Customers,-1.6755064490100764,0.4432667514593021
18209.0,29,1,139.10000000000002,1,At-Risk / Low-Engagement Customers,-1.1368386178203709,-1.4612656940366988
18210.0,2,7,2768.83,0,High-Value Loyal Customers,1.9636441013616885,-1.3305437694397708
18211.0,26,5,600.07,0,High-Value Loyal Customers,0.3688226328811448,-0.6812924815121695
18212.0,326,2,546.72,1,At-Risk / Low-Engagement Customers,-1.0069498925290612,0.41282964572649494
18213.0,237,1,232.48000000000002,1,At-Risk / Low-Engagement Customers,-1.5844513765661596,-0.16605346793562675
18214.0,531,4,1780.34,1,At-Risk / Low-Engagement Customers,-0.2616022499764159,1.2212822273184571
18215.0,89,5,2247.4900000000002,0,High-Value Loyal Customers,0.5534618642227758,0.37770135913695174
18216.0,31,1,481.75,1,At-Risk / Low-Engagement Customers,-0.6194254952402143,-1.0553341152708826
18217.0,29,4,945.04,0,High-Value Loyal Customers,0.39304057391146885,-0.5541400570545572
18218.0,211,4,1142.0,1,At-Risk / Low-Engagement Customers,-0.1570922912349716,0.5809912667060045
18219.0,3,17,3562.89,0,High-Value Loyal Customers,2.598777002667591,-0.7995850803990621
18220.0,227,6,1921.76,0,High-Value Loyal Customers,0.302305081248894,0.8999750497101175
18221.0,22,6,1424.94,0,High-Value Loyal Customers,0.9141293280832097,-0.4547084522555166
18222.0,93,1,443.0,1,At-Risk / Low-Engagement Customers,-1.0043427360828183,-0.48604200112246676
18223.0,5,26,14000.85,0,High-Value Loyal Customers,3.3722596386992403,-0.01792446733372425
18224.0,264,1,158.95000000000002,1,At-Risk / Low-Engagement Customers,-1.7837783203439224,-0.22000663921064967
18225.0,3,26,13054.26,0,High-Value Loyal Customers,3.472940825311271,-0.2625171055188527
18226.0,44,26,11878.88,0,High-Value Loyal Customers,2.649081886380035,1.0442224159195748
18227.0,218,2,388.75,1,At-Risk / Low-Engagement Customers,-1.0253404738821241,0.08985975013503342
18228.0,57,2,779.9,1,At-Risk / Low-Engagement Customers,-0.29325555690055705,-0.4349318831920986
18229.0,12,28,10803.710000000001,0,High-Value Loyal Customers,3.0639100764000076,0.35710076575025207
18230.0,9,9,4291.06,0,High-Value Loyal Customers,1.9350089067817908,-0.45369240890524576
18231.0,192,28,6880.97,0,High-Value Loyal Customers,1.9951257954826176,1.7100416640984062
18232.0,82,4,592.97,1,At-Risk / Low-Engagement Customers,-0.1386134230601713,-0.13218021887140133
18233.0,326,1,440.0,1,At-Risk / Low-Engagement Customers,-1.4104961168382495,0.19954089061345726
18234.0,552,1,179.6,1,At-Risk / Low-Engagement Customers,-1.9688674237409851,0.22208508349237951
18235.0,72,3,1796.48,1,At-Risk / Low-Engagement Customers,0.21451218439656264,0.04680163548678536
18236.0,30,12,1795.3500000000001,0,High-Value Loyal Customers,1.3902107045728558,0.00564572334559046
18237.0,3,5,987.1,0,High-Value Loyal Customers,1.202696168040651,-1.5857251475475065
18238.0,515,1,270.92,1,At-Risk / Low-Engagement Customers,-1.7684148251114065,0.30638845378797225
18239.0,219,6,2150.36,0,High-Value Loyal Customers,0.3627362560287493,0.9139025214987732
18240.0,46,1,422.58,1,At-Risk / Low-Engagement Customers,-0.8006468622828874,-0.8824490486199658
18241.0,10,21,2986.9900000000002,0,High-Value Loyal Customers,2.3479641261688102,-0.22093301911223662
18242.0,72,8,3605.21,0,High-Value Loyal Customers,1.135964518023828,0.5520573644447586
18243.0,414,1,515.78,1,At-Risk / Low-Engagement Customers,-1.41857878279407,0.3784561988787403
18244.0,431,2,568.64,1,At-Risk / Low-Engagement Customers,-1.0799390659570205,0.5781668707230232
18245.0,7,20,6324.9800000000005,0,High-Value Loyal Customers,2.741835536297545,-0.1890784699170685
18246.0,24,3,758.8199999999999,1,At-Risk / Low-Engagement Customers,0.18643875023867812,-0.801997774601982
18247.0,415,3,839.73,1,At-Risk / Low-Engagement Customers,-0.6789446046117168,0.7791780655162325
18248.0,123,2,804.02,1,At-Risk / Low-Engagement Customers,-0.5257709059578917,-0.006728214235219779
18249.0,17,1,95.34,1,At-Risk / Low-Engagement Customers,-1.134559438857457,-1.8551145806908917
18250.0,310,1,349.27,1,At-Risk / Low-Engagement Customers,-1.4944930197421424,0.10291885612318023
18251.0,87,9,26278.86,0,High-Value Loyal Customers,2.020063968409802,1.288243636769974
18252.0,51,7,1542.09,0,High-Value Loyal Customers,0.7864942075817334,0.06773971251215695
18253.0,643,1,317.88,1,At-Risk / Low-Engagement Customers,-1.7707681318544626,0.47629802604612886
18254.0,581,1,267.9,1,At-Risk / Low-Engagement Customers,-1.8122029202211671,0.36943319419302056
18255.0,89,2,303.15,1,At-Risk / Low-Engagement Customers,-0.8456295854335185,-0.47485614471510945
18256.0,388,1,110.7,1,At-Risk / Low-Engagement Customers,-2.064147067149002,-0.11576894156157698
18257.0,39,12,4600.15,0,High-Value Loyal Customers,1.7170095313780542,0.4277848798037317
18258.0,464,6,2059.67,1,At-Risk / Low-Engagement Customers,0.10194180748000606,1.31380385325096
18259.0,25,7,4318.200000000001,0,High-Value Loyal Customers,1.4585217803540662,-0.006460786351895237
18260.0,173,23,9962.11,0,High-Value Loyal Customers,2.0452899151392465,1.694365050187792
18261.0,43,2,324.24,1,At-Risk / Low-Engagement Customers,-0.5850092903864546,-0.8494955362187157
18262.0,140,3,577.54,1,At-Risk / Low-Engagement Customers,-0.49164822996161783,0.07054519631674316
18263.0,26,3,1213.1599999999999,0,High-Value Loyal Customers,0.3654925611962166,-0.6192373606344034
18264.0,499,1,603.25,1,At-Risk / Low-Engagement Customers,-1.4108048795061636,0.5280374688958294
18265.0,72,2,801.51,1,At-Risk / Low-Engagement Customers,-0.35577161265887314,-0.2998923902995995
18266.0,434,1,251.1,1,At-Risk / Low-Engagement Customers,-1.746116058109379,0.18954825772471165
18267.0,673,1,269.37,1,At-Risk / Low-Engagement Customers,-1.8572966368830603,0.4520121304781945
18268.0,134,6,1490.23,0,High-Value Loyal Customers,0.3612166346274921,0.5348357639416103
18269.0,366,1,337.2,1,At-Risk / Low-Engagement Customers,-1.5633000046726018,0.18374312308475169
18270.0,38,3,444.55,1,At-Risk / Low-Engagement Customers,-0.18963078811394402,-0.7165092520515108
18271.0,610,2,680.85,1,At-Risk / Low-Engagement Customers,-1.1138274108153,0.8232014619125879
18272.0,3,9,4385.9800000000005,0,High-Value Loyal Customers,2.2408783841026043,-0.952534917224083
18273.0,2,4,357.0,0,High-Value Loyal Customers,0.7149417219026099,-2.115047663315805
18274.0,30,1,175.92,1,At-Risk / Low-Engagement Customers,-1.045915827677784,-1.3733301575590386
18275.0,578,2,741.85,1,At-Risk / Low-Engagement Customers,-1.0591471900338847,0.8191798728287288
18276.0,44,6,1656.52,0,High-Value Loyal Customers,0.7625357833742156,-0.03946893660932965
18277.0,58,5,1180.05,0,High-Value Loyal Customers,0.40989115904640644,-0.04794358517397066
18278.0,74,2,414.20000000000005,1,At-Risk / Low-Engagement Customers,-0.6512404222847616,-0.4822491624251507
18279.0,519,1,231.33999999999997,1,At-Risk / Low-Engagement Customers,-1.8393569551982039,0.2635585623202105
18280.0,278,2,488.15000000000003,1,At-Risk / Low-Engagement Customers,-1.0048147748620735,0.29141554916724327
18281.0,181,2,201.14,1,At-Risk / Low-Engagement Customers,-1.2511515238236406,-0.20874959731784562
18282.0,8,2,178.05,1,At-Risk / Low-Engagement Customers,-0.3314574171539778,-1.9034836128065789
18283.0,4,22,2736.65,0,High-Value Loyal Customers,2.598802932320789,-0.6657378192085416
18284.0,432,1,461.68,1,At-Risk / Low-Engagement Customers,-1.480425746340628,0.3687728125786298
18285.0,661,1,427.0,1,At-Risk / Low-Engagement Customers,-1.6516290016233919,0.5796030793798449
18286.0,477,2,1296.43,1,At-Risk / Low-Engagement Customers,-0.7545145344408896,0.8803798245477032
18287.0,43,7,4182.99,0,High-Value Loyal Customers,1.2745313565427232,0.2741911162309297
